dataset,section,rep,regime,theta,method,error_um,seconds
DLPFC,151507,0,<=15deg,9.554425309821815,neurostias_icp,12.560859531341327,2.5250790119171143
DLPFC,151507,0,<=15deg,9.554425309821815,neurostias_icp_global,12.560859531341265,3.685758113861084
DLPFC,151507,0,<=15deg,9.554425309821815,centroid_only,389.31736606212587,0.0
DLPFC,151507,0,<=15deg,9.554425309821815,paste,78.56765526330891,23.92881488800049
DLPFC,151507,0,15-45deg,-38.04858475034307,neurostias_icp,923.1806400776966,2.106415033340454
DLPFC,151507,0,15-45deg,-38.04858475034307,neurostias_icp_global,12.250727664703886,3.3999292850494385
DLPFC,151507,0,15-45deg,-38.04858475034307,centroid_only,1510.9300651068147,0.0
DLPFC,151507,0,15-45deg,-38.04858475034307,paste,895.4012553536339,19.700680255889893
DLPFC,151507,1,<=15deg,-3.13084214929839,neurostias_icp,12.508794093589646,3.0963380336761475
DLPFC,151507,1,<=15deg,-3.13084214929839,neurostias_icp_global,12.50879409358968,5.1474831104278564
DLPFC,151507,1,<=15deg,-3.13084214929839,centroid_only,127.8212607156588,0.0
DLPFC,151507,1,<=15deg,-3.13084214929839,paste,652.9188487569362,26.079304933547974
DLPFC,151507,1,15-45deg,-39.3019121092932,neurostias_icp,965.8576451860689,3.36860990524292
DLPFC,151507,1,15-45deg,-39.3019121092932,neurostias_icp_global,12.42402933861777,4.971409797668457
DLPFC,151507,1,15-45deg,-39.3019121092932,centroid_only,1565.4457812724302,0.0
DLPFC,151507,1,15-45deg,-39.3019121092932,paste,271.3224359077016,29.044359922409058
DLPFC,151507,2,<=15deg,5.092070480358689,neurostias_icp,12.546098354480486,3.462033271789551
DLPFC,151507,2,<=15deg,5.092070480358689,neurostias_icp_global,12.546098354480499,5.364831924438477
DLPFC,151507,2,<=15deg,5.092070480358689,centroid_only,207.039590057162,0.0
DLPFC,151507,2,<=15deg,5.092070480358689,paste,740.0996383485981,29.25635075569153
DLPFC,151507,2,15-45deg,27.218668526798627,neurostias_icp,495.13665225621173,3.2663018703460693
DLPFC,151507,2,15-45deg,27.218668526798627,neurostias_icp_global,12.558981278476093,5.162085056304932
DLPFC,151507,2,15-45deg,27.218668526798627,centroid_only,1095.3011864149696,0.0
DLPFC,151507,2,15-45deg,27.218668526798627,paste,569.2819755566132,22.553544998168945
DLPFC,151509,0,<=15deg,-13.462508114592376,neurostias_icp,12.545480987161742,3.339246988296509
DLPFC,151509,0,<=15deg,-13.462508114592376,neurostias_icp_global,12.54548098716176,5.609261989593506
DLPFC,151509,0,<=15deg,-13.462508114592376,centroid_only,583.4285080059088,0.0
DLPFC,151509,0,<=15deg,-13.462508114592376,paste,3062.0690947223484,28.82691502571106
DLPFC,151509,0,15-45deg,-16.05291341688601,neurostias_icp,12.5333960469533,3.8343329429626465
DLPFC,151509,0,15-45deg,-16.05291341688601,neurostias_icp_global,12.533296655958038,5.509369850158691
DLPFC,151509,0,15-45deg,-16.05291341688601,centroid_only,695.1179658635181,0.0
DLPFC,151509,0,15-45deg,-16.05291341688601,paste,3065.1057913397717,37.60173797607422
DLPFC,151509,1,<=15deg,12.978168681257857,neurostias_icp,12.598313850758911,2.8190529346466064
DLPFC,151509,1,<=15deg,12.978168681257857,neurostias_icp_global,12.598313850758904,5.866747140884399
DLPFC,151509,1,<=15deg,12.978168681257857,centroid_only,563.1654405825215,0.0
DLPFC,151509,1,<=15deg,12.978168681257857,paste,624.3573256006334,37.79736614227295
DLPFC,151509,1,15-45deg,-22.93495435584734,neurostias_icp,341.47756901162734,3.462833881378174
DLPFC,151509,1,15-45deg,-22.93495435584734,neurostias_icp_global,12.514114930359506,5.172903776168823
DLPFC,151509,1,15-45deg,-22.93495435584734,centroid_only,989.8317502615376,0.0
DLPFC,151509,1,15-45deg,-22.93495435584734,paste,3057.3046901175962,35.459742069244385
DLPFC,151509,2,<=15deg,-3.4562358109639115,neurostias_icp,12.73371489861964,3.1354591846466064
DLPFC,151509,2,<=15deg,-3.4562358109639115,neurostias_icp_global,12.733277866321071,4.74104380607605
DLPFC,151509,2,<=15deg,-3.4562358109639115,centroid_only,151.02612432873133,0.0
DLPFC,151509,2,<=15deg,-3.4562358109639115,paste,3790.6413725823754,30.50900387763977
DLPFC,151509,2,15-45deg,20.629996963629182,neurostias_icp,228.7706979362176,2.9070780277252197
DLPFC,151509,2,15-45deg,20.629996963629182,neurostias_icp_global,12.531499572246407,4.61014723777771
DLPFC,151509,2,15-45deg,20.629996963629182,centroid_only,891.6982709967828,0.0
DLPFC,151509,2,15-45deg,20.629996963629182,paste,1076.8315855002222,35.686147928237915
DLPFC,151669,0,<=15deg,-12.448904268079847,neurostias_icp,12.25575775885916,1.9154067039489746
DLPFC,151669,0,<=15deg,-12.448904268079847,neurostias_icp_global,12.25575775885917,3.6473910808563232
DLPFC,151669,0,<=15deg,-12.448904268079847,centroid_only,468.80824278607093,0.0
DLPFC,151669,0,<=15deg,-12.448904268079847,paste,95.40168466976014,26.01255989074707
DLPFC,151669,0,15-45deg,26.16397403266114,neurostias_icp,436.39853053034676,2.218790054321289
DLPFC,151669,0,15-45deg,26.16397403266114,neurostias_icp_global,12.656716729023554,3.610980749130249
DLPFC,151669,0,15-45deg,26.16397403266114,centroid_only,978.6319182036933,0.0
DLPFC,151669,0,15-45deg,26.16397403266114,paste,368.21295102858846,23.96737504005432
DLPFC,151669,1,<=15deg,-0.9548380260920802,neurostias_icp,12.823986322445245,2.147611141204834
DLPFC,151669,1,<=15deg,-0.9548380260920802,neurostias_icp_global,12.823986322445217,3.2765920162200928
DLPFC,151669,1,<=15deg,-0.9548380260920802,centroid_only,37.93002022817409,0.0
DLPFC,151669,1,<=15deg,-0.9548380260920802,paste,164.08604310371777,22.613561153411865
DLPFC,151669,1,15-45deg,-17.63602353413565,neurostias_icp,79.23743879822452,2.2917749881744385
DLPFC,151669,1,15-45deg,-17.63602353413565,neurostias_icp_global,12.317868935050658,3.043241024017334
DLPFC,151669,1,15-45deg,-17.63602353413565,centroid_only,664.1085478546921,0.0
DLPFC,151669,1,15-45deg,-17.63602353413565,paste,82.71018739522664,17.39812469482422
DLPFC,151669,2,<=15deg,-9.132158545249425,neurostias_icp,12.772494814059893,1.8220431804656982
DLPFC,151669,2,<=15deg,-9.132158545249425,neurostias_icp_global,12.772494814059964,2.9411399364471436
DLPFC,151669,2,<=15deg,-9.132158545249425,centroid_only,344.60164419277476,0.0
DLPFC,151669,2,<=15deg,-9.132158545249425,paste,621.0439107998503,15.799915075302124
DLPFC,151669,2,15-45deg,-19.96980096686976,neurostias_icp,176.24422310828402,2.1125669479370117
DLPFC,151669,2,15-45deg,-19.96980096686976,neurostias_icp_global,12.487274826201894,3.079058885574341
DLPFC,151669,2,15-45deg,-19.96980096686976,centroid_only,750.7633682858509,0.0
DLPFC,151669,2,15-45deg,-19.96980096686976,paste,706.2421764841175,17.01610016822815
DLPFC,151671,0,<=15deg,7.745801838373943,neurostias_icp,12.559209918313755,2.5018789768218994
DLPFC,151671,0,<=15deg,7.745801838373943,neurostias_icp_global,12.559209918313808,3.805203914642334
DLPFC,151671,0,<=15deg,7.745801838373943,centroid_only,309.3824179546919,0.0
DLPFC,151671,0,<=15deg,7.745801838373943,paste,634.9420171258455,28.272109985351562
DLPFC,151671,0,15-45deg,25.540945809290253,neurostias_icp,416.23809976151034,2.7232460975646973
DLPFC,151671,0,15-45deg,25.540945809290253,neurostias_icp_global,12.57069733515277,4.245090007781982
DLPFC,151671,0,15-45deg,25.540945809290253,centroid_only,1013.4448844528132,0.0
DLPFC,151671,0,15-45deg,25.540945809290253,paste,2850.3960219089213,22.83357524871826
DLPFC,151671,1,<=15deg,12.923965899393103,neurostias_icp,12.592914932111029,2.4936840534210205
DLPFC,151671,1,<=15deg,12.923965899393103,neurostias_icp_global,12.592914932111112,4.051074981689453
DLPFC,151671,1,<=15deg,12.923965899393103,centroid_only,516.5971374906161,0.0
DLPFC,151671,1,<=15deg,12.923965899393103,paste,2768.266306502064,25.109070777893066
DLPFC,151671,1,15-45deg,-21.90728653439387,neurostias_icp,274.57743292255924,2.4200220108032227
DLPFC,151671,1,15-45deg,-21.90728653439387,neurostias_icp_global,12.677862658008308,4.235435962677002
DLPFC,151671,1,15-45deg,-21.90728653439387,centroid_only,870.9852552158586,0.0
DLPFC,151671,1,15-45deg,-21.90728653439387,paste,2971.352903157298,22.550929307937622
DLPFC,151671,2,<=15deg,12.38826205557124,neurostias_icp,12.333492212932859,2.3138108253479004
DLPFC,151671,2,<=15deg,12.38826205557124,neurostias_icp_global,12.333544438275743,3.3869099617004395
DLPFC,151671,2,<=15deg,12.38826205557124,centroid_only,494.92778726245825,0.0
DLPFC,151671,2,<=15deg,12.38826205557124,paste,1330.749859433851,21.202375888824463
DLPFC,151671,2,15-45deg,-34.74987487293245,neurostias_icp,784.28174736566,2.1710259914398193
DLPFC,151671,2,15-45deg,-34.74987487293245,neurostias_icp_global,12.465659440115983,3.8185391426086426
DLPFC,151671,2,15-45deg,-34.74987487293245,centroid_only,1367.3247748332778,0.0
DLPFC,151671,2,15-45deg,-34.74987487293245,paste,675.5163546540277,23.46045207977295
DLPFC,151673,0,<=15deg,-3.131252517934521,neurostias_icp,12.47399568713409,2.068587064743042
DLPFC,151673,0,<=15deg,-3.131252517934521,neurostias_icp_global,12.473995687134106,3.1758852005004883
DLPFC,151673,0,<=15deg,-3.131252517934521,centroid_only,119.29957366721766,0.0
DLPFC,151673,0,<=15deg,-3.131252517934521,paste,14.692952742678411,138.03181195259094
DLPFC,151673,0,15-45deg,38.48035162832215,neurostias_icp,897.6366251054511,1.6818187236785889
DLPFC,151673,0,15-45deg,38.48035162832215,neurostias_icp_global,12.472897110902062,3.015004873275757
DLPFC,151673,0,15-45deg,38.48035162832215,centroid_only,1430.4218861061988,0.0
DLPFC,151673,0,15-45deg,38.48035162832215,paste,89.0387897330311,17.011030912399292
DLPFC,151673,1,<=15deg,-2.4216349944469706,neurostias_icp,12.669003173597664,2.061314105987549
DLPFC,151673,1,<=15deg,-2.4216349944469706,neurostias_icp_global,12.669003173597638,3.384147882461548
DLPFC,151673,1,<=15deg,-2.4216349944469706,centroid_only,92.57482033987553,0.0
DLPFC,151673,1,<=15deg,-2.4216349944469706,paste,15.882703697165034,64.41920685768127
DLPFC,151673,1,15-45deg,-27.30556700718632,neurostias_icp,465.4709668881864,1.720144271850586
DLPFC,151673,1,15-45deg,-27.30556700718632,neurostias_icp_global,12.687118364673594,3.6162381172180176
DLPFC,151673,1,15-45deg,-27.30556700718632,centroid_only,1021.6404695253968,0.0
DLPFC,151673,1,15-45deg,-27.30556700718632,paste,22.451003050817754,166.162832736969
DLPFC,151673,2,<=15deg,-10.389550598590583,neurostias_icp,12.658901564837088,2.1409318447113037
DLPFC,151673,2,<=15deg,-10.389550598590583,neurostias_icp_global,12.658901564837084,3.40775203704834
DLPFC,151673,2,<=15deg,-10.389550598590583,centroid_only,392.5647682515019,0.0
DLPFC,151673,2,<=15deg,-10.389550598590583,paste,19.20916951150199,141.73771405220032
DLPFC,151673,2,15-45deg,-16.27706645620928,neurostias_icp,12.685920461074408,2.049520969390869
DLPFC,151673,2,15-45deg,-16.27706645620928,neurostias_icp_global,12.685920461074394,3.284452199935913
DLPFC,151673,2,15-45deg,-16.27706645620928,centroid_only,613.5000949729123,0.0
DLPFC,151673,2,15-45deg,-16.27706645620928,paste,16.088718952268128,131.35577702522278
DLPFC,151675,0,<=15deg,-3.7111537551494567,neurostias_icp,12.43182692836498,1.7776503562927246
DLPFC,151675,0,<=15deg,-3.7111537551494567,neurostias_icp_global,12.43182692836498,2.9503629207611084
DLPFC,151675,0,<=15deg,-3.7111537551494567,centroid_only,141.9591274437128,0.0
DLPFC,151675,0,<=15deg,-3.7111537551494567,paste,13.391012208616347,117.6527509689331
DLPFC,151675,0,15-45deg,42.96377522904289,neurostias_icp,1057.2946102319213,1.4996337890625
DLPFC,151675,0,15-45deg,42.96377522904289,neurostias_icp_global,12.415842398193682,3.3982930183410645
DLPFC,151675,0,15-45deg,42.96377522904289,centroid_only,1604.285109767753,0.0
DLPFC,151675,0,15-45deg,42.96377522904289,paste,16.528146718858384,95.07594275474548
DLPFC,151675,1,<=15deg,2.534395011054858,neurostias_icp,12.452357611822965,1.928865671157837
DLPFC,151675,1,<=15deg,2.534395011054858,neurostias_icp_global,12.452222053662087,3.044358253479004
DLPFC,151675,1,<=15deg,2.534395011054858,centroid_only,97.63491358436036,0.0
DLPFC,151675,1,<=15deg,2.534395011054858,paste,14.564700228981598,89.35233616828918
DLPFC,151675,1,15-45deg,-29.216670967474485,neurostias_icp,535.0367237435673,1.9052910804748535
DLPFC,151675,1,15-45deg,-29.216670967474485,neurostias_icp_global,12.704312834483794,3.0753531455993652
DLPFC,151675,1,15-45deg,-29.216670967474485,centroid_only,1100.773851299515,0.0
DLPFC,151675,1,15-45deg,-29.216670967474485,paste,21.78874528998491,79.97731900215149
DLPFC,151675,2,<=15deg,-11.0305800090714,neurostias_icp,12.553908109428384,2.156548023223877
DLPFC,151675,2,<=15deg,-11.0305800090714,neurostias_icp_global,12.553908109428395,3.3115577697753906
DLPFC,151675,2,<=15deg,-11.0305800090714,centroid_only,420.56613701779224,0.0
DLPFC,151675,2,<=15deg,-11.0305800090714,paste,72.05206264081356,22.24638605117798
DLPFC,151675,2,15-45deg,-31.171401011646303,neurostias_icp,612.9930409085626,1.842428207397461
DLPFC,151675,2,15-45deg,-31.171401011646303,neurostias_icp_global,12.490025764000439,3.0377070903778076
DLPFC,151675,2,15-45deg,-31.171401011646303,centroid_only,1175.7400988977254,0.0
DLPFC,151675,2,15-45deg,-31.171401011646303,paste,18.235900433268462,104.77142190933228
GSE214349,IVH_1d_1_50,0,<=15deg,-6.615676658902106,neurostias_icp,12.41109755543494,1.7981221675872803
GSE214349,IVH_1d_1_50,0,<=15deg,-6.615676658902106,neurostias_icp_global,12.411097555434965,2.8263139724731445
GSE214349,IVH_1d_1_50,0,<=15deg,-6.615676658902106,centroid_only,200.84489541281152,0.0
GSE214349,IVH_1d_1_50,0,<=15deg,-6.615676658902106,paste,25.36522373425932,130.39121890068054
GSE214349,IVH_1d_1_50,0,15-45deg,36.312278060583076,neurostias_icp,658.7825222676759,1.5153579711914062
GSE214349,IVH_1d_1_50,0,15-45deg,36.312278060583076,neurostias_icp_global,12.353155678770955,2.4789609909057617
GSE214349,IVH_1d_1_50,0,15-45deg,36.312278060583076,centroid_only,1083.0596262877389,0.0
GSE214349,IVH_1d_1_50,0,15-45deg,36.312278060583076,paste,16.297574119013884,90.11444807052612
GSE214349,IVH_1d_1_50,1,<=15deg,-4.534486510141926,neurostias_icp,12.463541168252812,1.6745870113372803
GSE214349,IVH_1d_1_50,1,<=15deg,-4.534486510141926,neurostias_icp_global,12.463541168252782,3.9638798236846924
GSE214349,IVH_1d_1_50,1,<=15deg,-4.534486510141926,centroid_only,137.65908800870073,0.0
GSE214349,IVH_1d_1_50,1,<=15deg,-4.534486510141926,paste,15.172424733671681,93.94774794578552
GSE214349,IVH_1d_1_50,1,15-45deg,-40.108386537919564,neurostias_icp,754.6100208478867,1.2978630065917969
GSE214349,IVH_1d_1_50,1,15-45deg,-40.108386537919564,neurostias_icp_global,12.421670876191431,2.278614044189453
GSE214349,IVH_1d_1_50,1,15-45deg,-40.108386537919564,centroid_only,1180.8097483946237,0.0
GSE214349,IVH_1d_1_50,1,15-45deg,-40.108386537919564,paste,20.668306250197325,106.40630412101746
GSE214349,IVH_1d_1_50,2,<=15deg,-0.6610305792753673,neurostias_icp,12.542367069855208,2.0212271213531494
GSE214349,IVH_1d_1_50,2,<=15deg,-0.6610305792753673,neurostias_icp_global,12.54236706985526,3.0014309883117676
GSE214349,IVH_1d_1_50,2,<=15deg,-0.6610305792753673,centroid_only,23.45605591968489,0.0
GSE214349,IVH_1d_1_50,2,<=15deg,-0.6610305792753673,paste,16.053793198741246,83.3038821220398
GSE214349,IVH_1d_1_50,2,15-45deg,15.924075677858667,neurostias_icp,12.677643863462196,1.9415819644927979
GSE214349,IVH_1d_1_50,2,15-45deg,15.924075677858667,neurostias_icp_global,12.677643863462219,2.3651609420776367
GSE214349,IVH_1d_1_50,2,15-45deg,15.924075677858667,centroid_only,479.03766169148946,0.0
GSE214349,IVH_1d_1_50,2,15-45deg,15.924075677858667,paste,19.27116819771103,99.343923330307
GSE214349,IVH_3d_3_110,0,<=15deg,-4.815327068735175,neurostias_icp,63.017874069758655,1.8553240299224854
GSE214349,IVH_3d_3_110,0,<=15deg,-4.815327068735175,neurostias_icp_global,63.0111448551883,3.0291457176208496
GSE214349,IVH_3d_3_110,0,<=15deg,-4.815327068735175,centroid_only,147.21680252381776,0.0
GSE214349,IVH_3d_3_110,0,<=15deg,-4.815327068735175,paste,14.571132013678785,66.6784119606018
GSE214349,IVH_3d_3_110,0,15-45deg,-30.369470950018453,neurostias_icp,453.48657509719857,2.1442720890045166
GSE214349,IVH_3d_3_110,0,15-45deg,-30.369470950018453,neurostias_icp_global,12.632475126948211,2.9275670051574707
GSE214349,IVH_3d_3_110,0,15-45deg,-30.369470950018453,centroid_only,914.4703263807945,0.0
GSE214349,IVH_3d_3_110,0,15-45deg,-30.369470950018453,paste,14.111828072296602,108.44317531585693
GSE214349,IVH_3d_3_110,1,<=15deg,9.441429230031654,neurostias_icp,12.456229379072282,1.8129489421844482
GSE214349,IVH_3d_3_110,1,<=15deg,9.441429230031654,neurostias_icp_global,12.456229379072273,2.6926658153533936
GSE214349,IVH_3d_3_110,1,<=15deg,9.441429230031654,centroid_only,287.48204274201083,0.0
GSE214349,IVH_3d_3_110,1,<=15deg,9.441429230031654,paste,18.393396909394944,79.26609921455383
GSE214349,IVH_3d_3_110,1,15-45deg,38.49497732917279,neurostias_icp,706.996747544902,1.3228371143341064
GSE214349,IVH_3d_3_110,1,15-45deg,38.49497732917279,neurostias_icp_global,12.593929386953208,2.876013994216919
GSE214349,IVH_3d_3_110,1,15-45deg,38.49497732917279,centroid_only,1149.0840206057594,0.0
GSE214349,IVH_3d_3_110,1,15-45deg,38.49497732917279,paste,14.053192901721049,96.89269709587097
GSE214349,IVH_3d_3_110,2,<=15deg,4.620862065982533,neurostias_icp,12.797096765348082,1.7030749320983887
GSE214349,IVH_3d_3_110,2,<=15deg,4.620862065982533,neurostias_icp_global,12.797096765348007,2.8563969135284424
GSE214349,IVH_3d_3_110,2,<=15deg,4.620862065982533,centroid_only,141.35107801989528,0.0
GSE214349,IVH_3d_3_110,2,<=15deg,4.620862065982533,paste,16.19853016789075,99.66656684875488
GSE214349,IVH_3d_3_110,2,15-45deg,-32.88618147382595,neurostias_icp,535.6383704449468,1.5284202098846436
GSE214349,IVH_3d_3_110,2,15-45deg,-32.88618147382595,neurostias_icp_global,12.483899154688116,2.838970899581909
GSE214349,IVH_3d_3_110,2,15-45deg,-32.88618147382595,centroid_only,988.8879049426481,0.0
GSE214349,IVH_3d_3_110,2,15-45deg,-32.88618147382595,paste,13.863475674750799,75.40418815612793
GSE214349,IVH_7d_2_80,0,<=15deg,9.921357353272073,neurostias_icp,12.317440891559578,1.5328330993652344
GSE214349,IVH_7d_2_80,0,<=15deg,9.921357353272073,neurostias_icp_global,12.317440891559565,2.399049758911133
GSE214349,IVH_7d_2_80,0,<=15deg,9.921357353272073,centroid_only,296.8160971326515,0.0
GSE214349,IVH_7d_2_80,0,<=15deg,9.921357353272073,paste,15.658243707732552,56.20124888420105
GSE214349,IVH_7d_2_80,0,15-45deg,-33.50672523129656,neurostias_icp,539.4523742616321,1.4324228763580322
GSE214349,IVH_7d_2_80,0,15-45deg,-33.50672523129656,neurostias_icp_global,12.392967958678044,2.609712839126587
GSE214349,IVH_7d_2_80,0,15-45deg,-33.50672523129656,centroid_only,986.1434364631749,0.0
GSE214349,IVH_7d_2_80,0,15-45deg,-33.50672523129656,paste,24.08715169655452,211.66735529899597
GSE214349,IVH_7d_2_80,1,<=15deg,-8.088593733071944,neurostias_icp,12.409793377661236,1.8592393398284912
GSE214349,IVH_7d_2_80,1,<=15deg,-8.088593733071944,neurostias_icp_global,12.409793377661238,2.966658115386963
GSE214349,IVH_7d_2_80,1,<=15deg,-8.088593733071944,centroid_only,241.69419128499402,0.0
GSE214349,IVH_7d_2_80,1,<=15deg,-8.088593733071944,paste,14.553926174505783,83.36712074279785
GSE214349,IVH_7d_2_80,1,15-45deg,38.271253447989736,neurostias_icp,683.9432327744279,1.7117199897766113
GSE214349,IVH_7d_2_80,1,15-45deg,38.271253447989736,neurostias_icp_global,12.740142100279723,2.9431090354919434
GSE214349,IVH_7d_2_80,1,15-45deg,38.271253447989736,centroid_only,1120.7802471367609,0.0
GSE214349,IVH_7d_2_80,1,15-45deg,38.271253447989736,paste,13.062639195215048,59.21524405479431
GSE214349,IVH_7d_2_80,2,<=15deg,-14.74254485377319,neurostias_icp,12.587074798363183,1.7884271144866943
GSE214349,IVH_7d_2_80,2,<=15deg,-14.74254485377319,neurostias_icp_global,12.587074798363217,2.7597830295562744
GSE214349,IVH_7d_2_80,2,<=15deg,-14.74254485377319,centroid_only,442.2009844413037,0.0
GSE214349,IVH_7d_2_80,2,<=15deg,-14.74254485377319,paste,17.38338713263712,86.04837203025818
GSE214349,IVH_7d_2_80,2,15-45deg,-23.153012221663413,neurostias_icp,248.73375534551985,1.4476521015167236
GSE214349,IVH_7d_2_80,2,15-45deg,-23.153012221663413,neurostias_icp_global,12.365411181659159,2.6549789905548096
GSE214349,IVH_7d_2_80,2,15-45deg,-23.153012221663413,centroid_only,689.3852512666283,0.0
GSE214349,IVH_7d_2_80,2,15-45deg,-23.153012221663413,paste,16.29128058140445,69.98378682136536
GSE214349,IVH_C1_50,0,<=15deg,3.0327095405250755,neurostias_icp,12.557832683428774,1.7588369846343994
GSE214349,IVH_C1_50,0,<=15deg,3.0327095405250755,neurostias_icp_global,12.557832683428769,3.1217498779296875
GSE214349,IVH_C1_50,0,<=15deg,3.0327095405250755,centroid_only,93.0972435210936,0.0
GSE214349,IVH_C1_50,0,<=15deg,3.0327095405250755,paste,17.417640776727787,137.93453788757324
GSE214349,IVH_C1_50,0,15-45deg,18.09184844649712,neurostias_icp,110.33343774563845,2.0669448375701904
GSE214349,IVH_C1_50,0,15-45deg,18.09184844649712,neurostias_icp_global,12.670425345490843,3.3424878120422363
GSE214349,IVH_C1_50,0,15-45deg,18.09184844649712,centroid_only,547.5158197729668,0.0
GSE214349,IVH_C1_50,0,15-45deg,18.09184844649712,paste,14.878154515312993,100.02163195610046
GSE214349,IVH_C1_50,1,<=15deg,10.775118939906854,neurostias_icp,12.480044248607479,2.1302027702331543
GSE214349,IVH_C1_50,1,<=15deg,10.775118939906854,neurostias_icp_global,12.480074412145134,2.861994981765747
GSE214349,IVH_C1_50,1,<=15deg,10.775118939906854,centroid_only,327.35182450566583,0.0
GSE214349,IVH_C1_50,1,<=15deg,10.775118939906854,paste,22.82834311606464,194.19772100448608
GSE214349,IVH_C1_50,1,15-45deg,-37.632600037103934,neurostias_icp,687.8515228227027,1.6732819080352783
GSE214349,IVH_C1_50,1,15-45deg,-37.632600037103934,neurostias_icp_global,12.442316677651036,3.165170907974243
GSE214349,IVH_C1_50,1,15-45deg,-37.632600037103934,centroid_only,1122.3764320679809,0.0
GSE214349,IVH_C1_50,1,15-45deg,-37.632600037103934,paste,19.597194498637048,108.36057305335999
GSE214349,IVH_C1_50,2,<=15deg,-9.838052379170849,neurostias_icp,12.405229427118039,1.6040520668029785
GSE214349,IVH_C1_50,2,<=15deg,-9.838052379170849,neurostias_icp_global,12.405229427118027,2.494619846343994
GSE214349,IVH_C1_50,2,<=15deg,-9.838052379170849,centroid_only,299.8156220792638,0.0
GSE214349,IVH_C1_50,2,<=15deg,-9.838052379170849,paste,18.003742853515437,63.16526389122009
GSE214349,IVH_C1_50,2,15-45deg,23.397891650466068,neurostias_icp,257.02552280981706,1.6548869609832764
GSE214349,IVH_C1_50,2,15-45deg,23.397891650466068,neurostias_icp_global,12.644459088242096,2.7911038398742676
GSE214349,IVH_C1_50,2,15-45deg,23.397891650466068,centroid_only,708.2081989830835,0.0
GSE214349,IVH_C1_50,2,15-45deg,23.397891650466068,paste,13.254034127635636,90.12290167808533
GSE214349,IVH_S1_80,0,<=15deg,-4.261473305486504,neurostias_icp,12.51865187212637,1.493537187576294
GSE214349,IVH_S1_80,0,<=15deg,-4.261473305486504,neurostias_icp_global,12.51910463537422,2.2570178508758545
GSE214349,IVH_S1_80,0,<=15deg,-4.261473305486504,centroid_only,128.31263884810718,0.0
GSE214349,IVH_S1_80,0,<=15deg,-4.261473305486504,paste,13.224440492571839,75.35681200027466
GSE214349,IVH_S1_80,0,15-45deg,32.37245347697255,neurostias_icp,534.1758080027106,1.697119951248169
GSE214349,IVH_S1_80,0,15-45deg,32.37245347697255,neurostias_icp_global,12.484576729019592,2.6467010974884033
GSE214349,IVH_S1_80,0,15-45deg,32.37245347697255,centroid_only,950.094280944754,0.0
GSE214349,IVH_S1_80,0,15-45deg,32.37245347697255,paste,15.713416363065614,68.85727524757385
GSE214349,IVH_S1_80,1,<=15deg,-14.934789250564885,neurostias_icp,12.538486983069918,1.6111259460449219
GSE214349,IVH_S1_80,1,<=15deg,-14.934789250564885,neurostias_icp_global,12.538486983069907,2.481458902359009
GSE214349,IVH_S1_80,1,<=15deg,-14.934789250564885,centroid_only,444.33036539607184,0.0
GSE214349,IVH_S1_80,1,<=15deg,-14.934789250564885,paste,13.716273824293559,49.885656118392944
GSE214349,IVH_S1_80,1,15-45deg,-35.345070313661616,neurostias_icp,603.5272225531958,1.3449788093566895
GSE214349,IVH_S1_80,1,15-45deg,-35.345070313661616,neurostias_icp_global,12.542354194356893,2.3625388145446777
GSE214349,IVH_S1_80,1,15-45deg,-35.345070313661616,centroid_only,1038.0361898130059,0.0
GSE214349,IVH_S1_80,1,15-45deg,-35.345070313661616,paste,15.107995106389563,50.17539095878601
GSE214349,IVH_S1_80,2,<=15deg,-12.007062469873661,neurostias_icp,12.730598550493793,1.5565309524536133
GSE214349,IVH_S1_80,2,<=15deg,-12.007062469873661,neurostias_icp_global,12.730257805999532,2.3023669719696045
GSE214349,IVH_S1_80,2,<=15deg,-12.007062469873661,centroid_only,358.43993824364054,0.0
GSE214349,IVH_S1_80,2,<=15deg,-12.007062469873661,paste,12.882342895353396,70.77288889884949
GSE214349,IVH_S1_80,2,15-45deg,29.619384240916037,neurostias_icp,429.1738065534672,1.3178892135620117
GSE214349,IVH_S1_80,2,15-45deg,29.619384240916037,neurostias_icp_global,12.497072400905003,2.604801893234253
GSE214349,IVH_S1_80,2,15-45deg,29.619384240916037,centroid_only,875.1769053878295,0.0
GSE214349,IVH_S1_80,2,15-45deg,29.619384240916037,paste,16.227063323201968,54.91814398765564
