method,n_sections,ari_mean,ari_ci_low,ari_ci_high,nmi_mean,nmi_ci_low,nmi_ci_high,median_seconds
graphst,12,0.423430599536049,0.3744400537903561,0.46979585658108464,0.5579666164524545,0.5212878376513337,0.5921508477641906,112.54150946140288
spagcn,12,0.34359842319353634,0.3079748461170834,0.3745366490520085,0.5078289432681196,0.47356262287708106,0.5379735150429874,12.576032066345215
neurostias_lodo,12,0.3374636024765967,0.3067526808359605,0.3709258108171662,0.5001891761156867,0.47869898924956983,0.5223090679382203,0.38226966857910155
neurostias,12,0.31334926810538594,0.2934974850263186,0.3361609836898648,0.4765924471251723,0.46523253019416405,0.4884540511723508,0.7505734205245972
neurostias_norefine,12,0.3101541975958639,0.2911396791997988,0.33153122389525397,0.47086331008217214,0.4599064343870719,0.48235878695515255,0.38138866424560547
banksy,12,0.2955085771385218,0.26907226057875144,0.32521169081006107,0.4165141050798084,0.3939492983429555,0.4418430044131872,22.65211086273193
v441_combined,12,0.23158225478603442,0.2035358241584299,0.2621784005019794,0.3477388785982953,0.3305055433263516,0.3659877382380226,0.14381842613220214
v441_spatial,12,0.21192168731771274,0.1866830898370782,0.23013471048403228,0.3586374738677332,0.33792109273428694,0.3722431383547296,0.13926134109497068
scanpy_leiden,12,0.20479593162244644,0.18401898637371414,0.22609232134981905,0.26616737093355064,0.2358097600292873,0.29430376670410097,0.35060622692108157
kmeans_pca,12,0.19966146431048126,0.18310284198925803,0.21701607772184484,0.3098765951759234,0.2891477779599203,0.3321785260229794,0.21016511917114258
neurostias_nosp,12,0.19606545214242424,0.1800390587281191,0.21256393398919535,0.30642102752707095,0.2868379562603682,0.32675895710745617,0.5146342992782593
