layer,split,method,sensitivity,fdp,n_called
L3,0,wilcoxon_spot,1.0,0.9597989949748744,4975
L3,0,ttest_spot_v441,1.0,0.9443826473859844,3596
L3,0,pseudobulk_section,0.96,0.02040816326530612,196
L3,0,pseudobulk_donor,0.0,1.0,1
L3,1,wilcoxon_spot,1.0,0.9258710155670867,2698
L3,1,ttest_spot_v441,1.0,0.8873873873873874,1776
L3,1,pseudobulk_section,0.965,0.010256410256410256,195
L3,1,pseudobulk_donor,0.0,0.0,0
L3,2,wilcoxon_spot,1.0,0.5565410199556541,451
L3,2,ttest_spot_v441,1.0,0.3288590604026846,298
L3,2,pseudobulk_section,0.94,0.005291005291005291,189
L3,2,pseudobulk_donor,0.0,0.0,0
L3,3,wilcoxon_spot,1.0,0.8027613412228797,1014
L3,3,ttest_spot_v441,1.0,0.6557659208261618,581
L3,3,pseudobulk_section,0.96,0.0051813471502590676,193
L3,3,pseudobulk_donor,0.015,0.0,3
L3,4,wilcoxon_spot,1.0,0.9312478514953593,2909
L3,4,ttest_spot_v441,1.0,0.8326359832635983,1195
L3,4,pseudobulk_section,0.91,0.00546448087431694,183
L3,4,pseudobulk_donor,0.0,0.0,0
L3,5,wilcoxon_spot,1.0,0.9088422971741112,2194
L3,5,ttest_spot_v441,1.0,0.7130559540889526,697
L3,5,pseudobulk_section,0.985,0.0,197
L3,5,pseudobulk_donor,0.0,0.0,0
L3,6,wilcoxon_spot,1.0,0.5959595959595959,495
L3,6,ttest_spot_v441,1.0,0.649737302977233,571
L3,6,pseudobulk_section,0.94,0.010526315789473684,190
L3,6,pseudobulk_donor,0.0,0.0,0
L3,7,wilcoxon_spot,1.0,0.46949602122015915,377
L3,7,ttest_spot_v441,1.0,0.358974358974359,312
L3,7,pseudobulk_section,0.98,0.0,196
L3,7,pseudobulk_donor,0.0,0.0,0
L3,8,wilcoxon_spot,1.0,0.8906506287588847,1829
L3,8,ttest_spot_v441,1.0,0.8289136013686912,1169
L3,8,pseudobulk_section,0.975,0.029850746268656716,201
L3,8,pseudobulk_donor,0.0,0.0,0
L3,9,wilcoxon_spot,1.0,0.9466666666666667,3750
L3,9,ttest_spot_v441,1.0,0.7920997920997921,962
L3,9,pseudobulk_section,0.96,0.0051813471502590676,193
L3,9,pseudobulk_donor,0.0,0.0,0
L3,10,wilcoxon_spot,1.0,0.9058380414312618,2124
L3,10,ttest_spot_v441,1.0,0.8878295008412788,1783
L3,10,pseudobulk_section,0.96,0.015384615384615385,195
L3,10,pseudobulk_donor,0.0,0.0,0
L3,11,wilcoxon_spot,1.0,0.9314599040438657,2918
L3,11,ttest_spot_v441,1.0,0.8345740281224152,1209
L3,11,pseudobulk_section,0.965,0.005154639175257732,194
L3,11,pseudobulk_donor,0.0,0.0,0
L3,12,wilcoxon_spot,1.0,0.9711191335740073,6925
L3,12,ttest_spot_v441,1.0,0.9541284403669725,4360
L3,12,pseudobulk_section,0.95,0.005235602094240838,191
L3,12,pseudobulk_donor,0.02,0.0,4
L3,13,wilcoxon_spot,1.0,0.9563318777292577,4580
L3,13,ttest_spot_v441,1.0,0.9478759447485015,3837
L3,13,pseudobulk_section,0.96,0.0051813471502590676,193
L3,13,pseudobulk_donor,0.0,0.0,0
L3,14,wilcoxon_spot,1.0,0.9499874968742186,3999
L3,14,ttest_spot_v441,1.0,0.8759305210918115,1612
L3,14,pseudobulk_section,0.965,0.02030456852791878,197
L3,14,pseudobulk_donor,0.0,0.0,0
L3,15,wilcoxon_spot,1.0,0.96693668374938,6049
L3,15,ttest_spot_v441,1.0,0.9287241625089094,2806
L3,15,pseudobulk_section,0.945,0.005263157894736842,190
L3,15,pseudobulk_donor,0.0,0.0,0
L3,16,wilcoxon_spot,1.0,0.9719495091164095,7130
L3,16,ttest_spot_v441,1.0,0.9603174603174603,5040
L3,16,pseudobulk_section,0.97,0.015228426395939087,197
L3,16,pseudobulk_donor,0.0,0.0,0
L3,17,wilcoxon_spot,1.0,0.9648814749780509,5695
L3,17,ttest_spot_v441,1.0,0.8958875585632483,1921
L3,17,pseudobulk_section,0.955,0.005208333333333333,192
L3,17,pseudobulk_donor,0.005,0.0,1
L3,18,wilcoxon_spot,1.0,0.9083829592304169,2183
L3,18,ttest_spot_v441,1.0,0.7109826589595376,692
L3,18,pseudobulk_section,0.93,0.015873015873015872,189
L3,18,pseudobulk_donor,0.0,0.0,0
L3,19,wilcoxon_spot,1.0,0.8819362455726092,1694
L3,19,ttest_spot_v441,1.0,0.6894409937888198,644
L3,19,pseudobulk_section,0.955,0.005208333333333333,192
L3,19,pseudobulk_donor,0.0,0.0,0
L3,20,wilcoxon_spot,1.0,0.95026112907237,4021
L3,20,ttest_spot_v441,1.0,0.8459167950693375,1298
L3,20,pseudobulk_section,0.93,0.015873015873015872,189
L3,20,pseudobulk_donor,0.0,0.0,0
L3,21,wilcoxon_spot,1.0,0.7687861271676301,865
L3,21,ttest_spot_v441,1.0,0.5584988962472406,453
L3,21,pseudobulk_section,0.94,0.005291005291005291,189
L3,21,pseudobulk_donor,0.0,0.0,0
L3,22,wilcoxon_spot,1.0,0.8743718592964824,1592
L3,22,ttest_spot_v441,1.0,0.8017839444995044,1009
L3,22,pseudobulk_section,0.935,0.010582010582010581,189
L3,22,pseudobulk_donor,0.0,0.0,0
L3,23,wilcoxon_spot,1.0,0.9519346310982937,4161
L3,23,ttest_spot_v441,1.0,0.8130841121495327,1070
L3,23,pseudobulk_section,0.96,0.0051813471502590676,193
L3,23,pseudobulk_donor,0.005,0.0,1
L3,24,wilcoxon_spot,1.0,0.5327102803738317,428
L3,24,ttest_spot_v441,1.0,0.2857142857142857,280
L3,24,pseudobulk_section,0.955,0.005208333333333333,192
L3,24,pseudobulk_donor,0.005,0.0,1
L3,25,wilcoxon_spot,1.0,0.3333333333333333,300
L3,25,ttest_spot_v441,1.0,0.35064935064935066,308
L3,25,pseudobulk_section,0.965,0.010256410256410256,195
L3,25,pseudobulk_donor,0.0,0.0,0
L3,26,wilcoxon_spot,1.0,0.8387096774193549,1240
L3,26,ttest_spot_v441,1.0,0.8813760379596679,1686
L3,26,pseudobulk_section,0.94,0.005291005291005291,189
L3,26,pseudobulk_donor,0.005,0.0,1
L3,27,wilcoxon_spot,1.0,0.952187425292852,4183
L3,27,ttest_spot_v441,1.0,0.8109640831758034,1058
L3,27,pseudobulk_section,0.94,0.0,188
L3,27,pseudobulk_donor,0.0,0.0,0
L3,28,wilcoxon_spot,1.0,0.8999499749874937,1999
L3,28,ttest_spot_v441,1.0,0.8592540464461647,1421
L3,28,pseudobulk_section,0.945,0.02577319587628866,194
L3,28,pseudobulk_donor,0.0,0.0,0
L3,29,wilcoxon_spot,1.0,0.9501246882793017,4010
L3,29,ttest_spot_v441,1.0,0.8459167950693375,1298
L3,29,pseudobulk_section,0.915,0.016129032258064516,186
L3,29,pseudobulk_donor,0.0,0.0,0
L5,0,wilcoxon_spot,1.0,0.6078431372549019,510
L5,0,ttest_spot_v441,1.0,0.44598337950138506,361
L5,0,pseudobulk_section,0.785,0.012578616352201259,159
L5,0,pseudobulk_donor,0.0,0.0,0
L5,1,wilcoxon_spot,0.985,0.7144927536231884,690
L5,1,ttest_spot_v441,0.995,0.5747863247863247,468
L5,1,pseudobulk_section,0.765,0.012903225806451613,155
L5,1,pseudobulk_donor,0.0,0.0,0
L5,2,wilcoxon_spot,1.0,0.7490589711417817,797
L5,2,ttest_spot_v441,1.0,0.5495495495495496,444
L5,2,pseudobulk_section,0.855,0.005813953488372093,172
L5,2,pseudobulk_donor,0.0,0.0,0
L5,3,wilcoxon_spot,1.0,0.6441281138790036,562
L5,3,ttest_spot_v441,1.0,0.46380697050938335,373
L5,3,pseudobulk_section,0.7,0.0070921985815602835,141
L5,3,pseudobulk_donor,0.0,0.0,0
L5,4,wilcoxon_spot,1.0,0.9204138479904497,2513
L5,4,ttest_spot_v441,1.0,0.7782705099778271,902
L5,4,pseudobulk_section,0.855,0.005813953488372093,172
L5,4,pseudobulk_donor,0.0,0.0,0
L5,5,wilcoxon_spot,1.0,0.9484004127966976,3876
L5,5,ttest_spot_v441,1.0,0.8484848484848485,1320
L5,5,pseudobulk_section,0.775,0.0189873417721519,158
L5,5,pseudobulk_donor,0.0,0.0,0
L5,6,wilcoxon_spot,0.99,0.9598702877989461,4934
L5,6,ttest_spot_v441,0.995,0.8946532556908418,1889
L5,6,pseudobulk_section,0.745,0.013245033112582781,151
L5,6,pseudobulk_donor,0.0,0.0,0
L5,7,wilcoxon_spot,0.995,0.741222366710013,769
L5,7,ttest_spot_v441,1.0,0.5024875621890548,402
L5,7,pseudobulk_section,0.755,0.006578947368421052,152
L5,7,pseudobulk_donor,0.0,0.0,0
L5,8,wilcoxon_spot,1.0,0.7222222222222222,720
L5,8,ttest_spot_v441,1.0,0.721835883171071,719
L5,8,pseudobulk_section,0.855,0.017241379310344827,174
L5,8,pseudobulk_donor,0.01,0.0,2
L5,9,wilcoxon_spot,1.0,0.9470759460174649,3779
L5,9,ttest_spot_v441,1.0,0.8661311914323963,1494
L5,9,pseudobulk_section,0.825,0.011976047904191617,167
L5,9,pseudobulk_donor,0.0,0.0,0
L5,10,wilcoxon_spot,0.995,0.9307826086956522,2875
L5,10,ttest_spot_v441,1.0,0.8266897746967071,1154
L5,10,pseudobulk_section,0.81,0.006134969325153374,163
L5,10,pseudobulk_donor,0.0,0.0,0
L5,11,wilcoxon_spot,1.0,0.5594713656387665,454
L5,11,ttest_spot_v441,1.0,0.4609164420485175,371
L5,11,pseudobulk_section,0.84,0.005917159763313609,169
L5,11,pseudobulk_donor,0.0,0.0,0
L5,12,wilcoxon_spot,0.995,0.5295508274231678,423
L5,12,ttest_spot_v441,1.0,0.46808510638297873,376
L5,12,pseudobulk_section,0.82,0.012048192771084338,166
L5,12,pseudobulk_donor,0.005,0.0,1
L5,13,wilcoxon_spot,1.0,0.9212288302481292,2539
L5,13,ttest_spot_v441,1.0,0.75093399750934,803
L5,13,pseudobulk_section,0.74,0.0,148
L5,13,pseudobulk_donor,0.0,1.0,1
L5,14,wilcoxon_spot,0.985,0.9187293729372937,2424
L5,14,ttest_spot_v441,0.995,0.7694090382387022,863
L5,14,pseudobulk_section,0.725,0.02027027027027027,148
L5,14,pseudobulk_donor,0.0,0.0,0
L5,15,wilcoxon_spot,1.0,0.9574649085495534,4702
L5,15,ttest_spot_v441,1.0,0.8805256869772998,1674
L5,15,pseudobulk_section,0.8,0.012345679012345678,162
L5,15,pseudobulk_donor,0.0,0.0,0
L5,16,wilcoxon_spot,1.0,0.7484276729559748,795
L5,16,ttest_spot_v441,1.0,0.43820224719101125,356
L5,16,pseudobulk_section,0.795,0.0,159
L5,16,pseudobulk_donor,0.0,0.0,0
L5,17,wilcoxon_spot,1.0,0.9210734017363852,2534
L5,17,ttest_spot_v441,1.0,0.7490589711417817,797
L5,17,pseudobulk_section,0.795,0.0,159
L5,17,pseudobulk_donor,0.0,0.0,0
L5,18,wilcoxon_spot,1.0,0.41002949852507375,339
L5,18,ttest_spot_v441,1.0,0.3464052287581699,306
L5,18,pseudobulk_section,0.785,0.012578616352201259,159
L5,18,pseudobulk_donor,0.0,0.0,0
L5,19,wilcoxon_spot,1.0,0.6666666666666666,600
L5,19,ttest_spot_v441,1.0,0.358974358974359,312
L5,19,pseudobulk_section,0.8,0.012345679012345678,162
L5,19,pseudobulk_donor,0.0,0.0,0
L5,20,wilcoxon_spot,1.0,0.8021760633036598,1011
L5,20,ttest_spot_v441,1.0,0.44751381215469616,362
L5,20,pseudobulk_section,0.865,0.011428571428571429,175
L5,20,pseudobulk_donor,0.0,0.0,0
L5,21,wilcoxon_spot,1.0,0.43342776203966005,353
L5,21,ttest_spot_v441,1.0,0.4350282485875706,354
L5,21,pseudobulk_section,0.82,0.0,164
L5,21,pseudobulk_donor,0.0,0.0,0
L5,22,wilcoxon_spot,1.0,0.5337995337995338,429
L5,22,ttest_spot_v441,1.0,0.5381062355658198,433
L5,22,pseudobulk_section,0.805,0.0,161
L5,22,pseudobulk_donor,0.0,0.0,0
L5,23,wilcoxon_spot,1.0,0.3464052287581699,306
L5,23,ttest_spot_v441,1.0,0.24242424242424243,264
L5,23,pseudobulk_section,0.76,0.0,152
L5,23,pseudobulk_donor,0.0,0.0,0
L5,24,wilcoxon_spot,1.0,0.5359628770301624,431
L5,24,ttest_spot_v441,0.995,0.47214854111405835,377
L5,24,pseudobulk_section,0.795,0.018518518518518517,162
L5,24,pseudobulk_donor,0.0,0.0,0
L5,25,wilcoxon_spot,0.99,0.9354628422425033,3068
L5,25,ttest_spot_v441,1.0,0.7458703939008895,787
L5,25,pseudobulk_section,0.76,0.02564102564102564,156
L5,25,pseudobulk_donor,0.0,0.0,0
L5,26,wilcoxon_spot,1.0,0.40119760479041916,334
L5,26,ttest_spot_v441,1.0,0.42363112391930835,347
L5,26,pseudobulk_section,0.8,0.006211180124223602,161
L5,26,pseudobulk_donor,0.0,0.0,0
L5,27,wilcoxon_spot,1.0,0.2366412213740458,262
L5,27,ttest_spot_v441,1.0,0.1902834008097166,247
L5,27,pseudobulk_section,0.815,0.0,163
L5,27,pseudobulk_donor,0.0,0.0,0
L5,28,wilcoxon_spot,1.0,0.14163090128755365,233
L5,28,ttest_spot_v441,1.0,0.1452991452991453,234
L5,28,pseudobulk_section,0.775,0.012738853503184714,157
L5,28,pseudobulk_donor,0.0,0.0,0
L5,29,wilcoxon_spot,0.995,0.5673913043478261,460
L5,29,ttest_spot_v441,0.995,0.44722222222222224,360
L5,29,pseudobulk_section,0.825,0.0,165
L5,29,pseudobulk_donor,0.0,1.0,1
WM,0,wilcoxon_spot,1.0,0.872040946896993,1563
WM,0,ttest_spot_v441,1.0,0.7750281214848144,889
WM,0,pseudobulk_section,0.215,0.0,43
WM,0,pseudobulk_donor,0.0,0.0,0
WM,1,wilcoxon_spot,1.0,0.9580976325162371,4773
WM,1,ttest_spot_v441,1.0,0.8936735778841042,1881
WM,1,pseudobulk_section,0.13,0.0,26
WM,1,pseudobulk_donor,0.0,0.0,0
WM,2,wilcoxon_spot,0.735,0.9784330985915493,6816
WM,2,ttest_spot_v441,0.93,0.9556085918854416,4190
WM,2,pseudobulk_section,0.195,0.0,39
WM,2,pseudobulk_donor,0.0,0.0,0
WM,3,wilcoxon_spot,1.0,0.9722761297477128,7214
WM,3,ttest_spot_v441,0.995,0.9644959857270294,5605
WM,3,pseudobulk_section,0.125,0.0,25
WM,3,pseudobulk_donor,0.0,0.0,0
WM,4,wilcoxon_spot,0.975,0.8821039903264812,1654
WM,4,ttest_spot_v441,0.98,0.8732212160413971,1546
WM,4,pseudobulk_section,0.23,0.0,46
WM,4,pseudobulk_donor,0.0,0.0,0
WM,5,wilcoxon_spot,1.0,0.9511002444987775,4090
WM,5,ttest_spot_v441,1.0,0.7892518440463646,949
WM,5,pseudobulk_section,0.185,0.0,37
WM,5,pseudobulk_donor,0.0,0.0,0
WM,6,wilcoxon_spot,0.925,0.5443349753694581,406
WM,6,ttest_spot_v441,0.965,0.18220338983050846,236
WM,6,pseudobulk_section,0.17,0.0,34
WM,6,pseudobulk_donor,0.0,0.0,0
WM,7,wilcoxon_spot,0.995,0.6861198738170347,634
WM,7,ttest_spot_v441,0.995,0.5747863247863247,468
WM,7,pseudobulk_section,0.2,0.0,40
WM,7,pseudobulk_donor,0.0,0.0,0
WM,8,wilcoxon_spot,0.995,0.77665544332211,891
WM,8,ttest_spot_v441,0.99,0.6110019646365422,509
WM,8,pseudobulk_section,0.245,0.0,49
WM,8,pseudobulk_donor,0.0,0.0,0
WM,9,wilcoxon_spot,1.0,0.9724137931034482,7250
WM,9,ttest_spot_v441,1.0,0.9664710813076278,5965
WM,9,pseudobulk_section,0.13,0.0,26
WM,9,pseudobulk_donor,0.0,0.0,0
WM,10,wilcoxon_spot,0.93,0.825187969924812,1064
WM,10,ttest_spot_v441,0.945,0.5116279069767442,387
WM,10,pseudobulk_section,0.12,0.0,24
WM,10,pseudobulk_donor,0.0,0.0,0
WM,11,wilcoxon_spot,0.94,0.9475738984941439,3586
WM,11,ttest_spot_v441,0.95,0.8215962441314554,1065
WM,11,pseudobulk_section,0.13,0.0,26
WM,11,pseudobulk_donor,0.0,0.0,0
WM,12,wilcoxon_spot,1.0,0.9690498297740637,6462
WM,12,ttest_spot_v441,1.0,0.9405999405999406,3367
WM,12,pseudobulk_section,0.125,0.0,25
WM,12,pseudobulk_donor,0.0,0.0,0
WM,13,wilcoxon_spot,0.995,0.9422686393965767,3447
WM,13,ttest_spot_v441,0.98,0.9263157894736842,2660
WM,13,pseudobulk_section,0.28,0.0,56
WM,13,pseudobulk_donor,0.0,0.0,0
WM,14,wilcoxon_spot,0.99,0.6857142857142857,630
WM,14,ttest_spot_v441,0.985,0.6579861111111112,576
WM,14,pseudobulk_section,0.13,0.0,26
WM,14,pseudobulk_donor,0.0,0.0,0
WM,15,wilcoxon_spot,0.955,0.9293900184842884,2705
WM,15,ttest_spot_v441,0.97,0.7942735949098622,943
WM,15,pseudobulk_section,0.125,0.038461538461538464,26
WM,15,pseudobulk_donor,0.0,0.0,0
WM,16,wilcoxon_spot,1.0,0.8402555910543131,1252
WM,16,ttest_spot_v441,0.99,0.7327935222672065,741
WM,16,pseudobulk_section,0.175,0.027777777777777776,36
WM,16,pseudobulk_donor,0.0,0.0,0
WM,17,wilcoxon_spot,0.79,0.9750552573413325,6334
WM,17,ttest_spot_v441,0.925,0.9529860228716646,3935
WM,17,pseudobulk_section,0.185,0.0,37
WM,17,pseudobulk_donor,0.0,0.0,0
WM,18,wilcoxon_spot,1.0,0.9312714776632303,2910
WM,18,ttest_spot_v441,1.0,0.7698504027617952,869
WM,18,pseudobulk_section,0.2,0.024390243902439025,41
WM,18,pseudobulk_donor,0.0,0.0,0
WM,19,wilcoxon_spot,0.965,0.8109696376101861,1021
WM,19,ttest_spot_v441,0.975,0.7386058981233244,746
WM,19,pseudobulk_section,0.19,0.0,38
WM,19,pseudobulk_donor,0.0,0.0,0
WM,20,wilcoxon_spot,0.93,0.9507806297962423,3779
WM,20,ttest_spot_v441,0.95,0.8478783026421137,1249
WM,20,pseudobulk_section,0.215,0.0,43
WM,20,pseudobulk_donor,0.0,0.0,0
WM,21,wilcoxon_spot,1.0,0.8455598455598455,1295
WM,21,ttest_spot_v441,1.0,0.6592844974446337,587
WM,21,pseudobulk_section,0.25,0.0,50
WM,21,pseudobulk_donor,0.0,0.0,0
WM,22,wilcoxon_spot,1.0,0.9443981095357242,3597
WM,22,ttest_spot_v441,1.0,0.8166819431714024,1091
WM,22,pseudobulk_section,0.15,0.0,30
WM,22,pseudobulk_donor,0.0,0.0,0
WM,23,wilcoxon_spot,1.0,0.8703823720025924,1543
WM,23,ttest_spot_v441,0.995,0.7422279792746114,772
WM,23,pseudobulk_section,0.165,0.0,33
WM,23,pseudobulk_donor,0.0,0.0,0
WM,24,wilcoxon_spot,1.0,0.9093792478477571,2207
WM,24,ttest_spot_v441,1.0,0.8031496062992126,1016
WM,24,pseudobulk_section,0.16,0.0,32
WM,24,pseudobulk_donor,0.0,0.0,0
WM,25,wilcoxon_spot,0.925,0.9601550721516261,4643
WM,25,ttest_spot_v441,0.96,0.888631090487239,1724
WM,25,pseudobulk_section,0.155,0.0,31
WM,25,pseudobulk_donor,0.0,0.0,0
WM,26,wilcoxon_spot,0.94,0.9135234590616376,2174
WM,26,ttest_spot_v441,0.96,0.8328981723237598,1149
WM,26,pseudobulk_section,0.135,0.0,27
WM,26,pseudobulk_donor,0.0,0.0,0
WM,27,wilcoxon_spot,0.795,0.9755158607945796,6494
WM,27,ttest_spot_v441,0.955,0.9516088168229034,3947
WM,27,pseudobulk_section,0.205,0.0,41
WM,27,pseudobulk_donor,0.0,0.0,0
WM,28,wilcoxon_spot,0.955,0.8760545100584036,1541
WM,28,ttest_spot_v441,0.97,0.7467362924281984,766
WM,28,pseudobulk_section,0.15,0.0,30
WM,28,pseudobulk_donor,0.0,0.0,0
WM,29,wilcoxon_spot,0.985,0.9254070427868232,2641
WM,29,ttest_spot_v441,0.995,0.9030214424951267,2052
WM,29,pseudobulk_section,0.165,0.029411764705882353,34
WM,29,pseudobulk_donor,0.0,0.0,0
