file,unit,n_trials,pval,padj
sub-anm369962_ses-20170309.nwb,1001,263,9.732577060743009e-15,5.5816329443361154e-14
sub-anm369962_ses-20170309.nwb,1002,263,0.00147480011647385,0.003009956821344316
sub-anm369962_ses-20170309.nwb,1003,263,0.00021077762887166245,0.0004759093313303087
sub-anm369962_ses-20170310.nwb,1,267,0.0008555980396124752,0.00179738269493683
sub-anm369962_ses-20170310.nwb,2,267,0.17722662922432963,0.2320535887218106
sub-anm369962_ses-20170310.nwb,3,267,1.5244743168294858e-06,4.3605287815546636e-06
sub-anm369962_ses-20170310.nwb,4,267,0.00016493654218593603,0.00037988396362905347
sub-anm369962_ses-20170310.nwb,5,267,0.13636419504469757,0.1840114490779625
sub-anm369962_ses-20170310.nwb,6,267,0.025063864822636745,0.041245700073980415
sub-anm369962_ses-20170310.nwb,7,267,0.8599957909510437,0.8878624412428867
sub-anm369962_ses-20170310.nwb,8,267,0.7628596942944577,0.8086876796263798
sub-anm369962_ses-20170310.nwb,9,267,3.8955151863746244e-05,9.907219332088014e-05
sub-anm369962_ses-20170310.nwb,10,267,0.012450622864717825,0.02190316629728734
sub-anm369962_ses-20170310.nwb,11,267,0.9227842628659364,0.9358386821460911
sub-anm369962_ses-20170310.nwb,12,267,1.8097401872779725e-12,8.303087979231337e-12
sub-anm369962_ses-20170310.nwb,13,267,0.0033345691973865866,0.0065046783493238345
sub-anm369962_ses-20170310.nwb,14,267,0.0005575628783432528,0.0011953731242237587
sub-anm369962_ses-20170310.nwb,15,267,0.0027058669805352822,0.005305349447305929
sub-anm369962_ses-20170310.nwb,16,267,0.8034598203030519,0.8408470929631391
sub-anm369962_ses-20170310.nwb,17,267,0.20178449207748295,0.2600525982167112
sub-anm369962_ses-20170310.nwb,18,267,0.005562163884272679,0.010441574427595355
sub-anm369962_ses-20170310.nwb,19,267,0.914633929233339,0.9308652323253237
sub-anm369962_ses-20170310.nwb,20,267,0.0003850354641975806,0.0008444276815193593
sub-anm369962_ses-20170310.nwb,21,267,0.14853051983979734,0.19877067574635915
sub-anm369962_ses-20170310.nwb,22,267,0.0171857522064038,0.029246376529295483
sub-anm369962_ses-20170310.nwb,23,267,0.16707547870438166,0.22077831114507576
sub-anm369962_ses-20170310.nwb,24,267,0.9814064006985139,0.9848408937893224
sub-anm369962_ses-20170310.nwb,25,267,0.04358431857598547,0.06692264177597769
sub-anm369962_ses-20170310.nwb,26,267,0.045868155789281315,0.06996113655625753
sub-anm369962_ses-20170310.nwb,27,267,0.46621265627150044,0.5326154549237161
sub-anm369962_ses-20170310.nwb,28,267,2.7987982091545355e-08,9.669342005723652e-08
sub-anm369962_ses-20170310.nwb,29,267,0.5399248502197418,0.6065561245857433
sub-anm369962_ses-20170310.nwb,30,267,0.05784549466044994,0.08650427949874327
sub-anm369962_ses-20170310.nwb,31,267,0.18759005569542742,0.24450658395756278
sub-anm369962_ses-20170310.nwb,32,267,0.8131738477265639,0.8490873428559906
sub-anm369962_ses-20170310.nwb,33,267,0.26910309530182785,0.3369664304707386
sub-anm369962_ses-20170310.nwb,34,267,0.039049973292546725,0.06052745860344742
sub-anm369962_ses-20170310.nwb,35,267,0.001231621360755492,0.0025453508122280167
sub-anm369962_ses-20170310.nwb,36,267,0.028094110232260827,0.04501140376380565
sub-anm369962_ses-20170310.nwb,37,267,0.06311734747690423,0.09329329581959941
sub-anm369962_ses-20170310.nwb,38,267,0.0017847569813477949,0.00359143203088758
sub-anm369962_ses-20170310.nwb,39,267,0.03567586084725141,0.05577326386881186
sub-anm369962_ses-20170310.nwb,40,267,0.6202331257229778,0.6833884680156154
sub-anm369962_ses-20170310.nwb,41,267,6.574828902536874e-10,2.547746199733039e-09
sub-anm369962_ses-20170310.nwb,42,267,0.46120969716200444,0.5295370597045236
sub-anm369962_ses-20170310.nwb,43,267,3.23861087982806e-08,1.1055615116555908e-07
sub-anm369962_ses-20170310.nwb,44,267,7.921674019550066e-05,0.00019332255532816863
sub-anm369962_ses-20170310.nwb,45,267,0.01692155115591067,0.028839553010147904
sub-anm369962_ses-20170310.nwb,46,267,0.012030855813936238,0.021229833259361328
sub-anm369962_ses-20170310.nwb,47,267,0.14232426184043684,0.19127020137410497
sub-anm369962_ses-20170310.nwb,48,267,8.382869930506974e-12,3.683966210839655e-11
sub-anm369962_ses-20170310.nwb,49,267,0.04294540958786858,0.06620750644796405
sub-anm369962_ses-20170310.nwb,50,267,0.21615496367103004,0.27670730282441014
sub-anm369962_ses-20170310.nwb,51,267,0.02745621510176754,0.04441788254122337
sub-anm369962_ses-20170310.nwb,52,267,0.0002988941474775173,0.0006592915137629083
sub-anm369962_ses-20170310.nwb,53,267,0.9921062217392986,0.9938391583711577
sub-anm369962_ses-20170310.nwb,54,267,3.386215872385063e-08,1.1525191708088034e-07
sub-anm369962_ses-20170310.nwb,55,267,1.3740302307746948e-12,6.329368171480221e-12
sub-anm369962_ses-20170310.nwb,56,267,0.3416032831246586,0.4115745438487221
sub-anm369962_ses-20170310.nwb,57,267,0.03446757403413517,0.054230874371952044
sub-anm369962_ses-20170310.nwb,58,267,4.1318470012575766e-07,1.2637942694513175e-06
sub-anm369962_ses-20170310.nwb,59,267,1.3067190701445993e-05,3.445532812542196e-05
sub-anm369962_ses-20170310.nwb,60,267,0.3183987038501398,0.3897580718421669
sub-anm369962_ses-20170310.nwb,61,267,7.574437455435683e-08,2.468147659484298e-07
sub-anm369962_ses-20170310.nwb,62,267,0.8811044790613298,0.903794659812326
sub-anm369962_ses-20170310.nwb,63,267,0.0005324754480626379,0.0011501870789601613
sub-anm369962_ses-20170310.nwb,64,267,8.396642852317137e-06,2.2607862327717735e-05
sub-anm369962_ses-20170310.nwb,65,267,0.01483381098768563,0.025624068076619606
sub-anm369962_ses-20170310.nwb,66,267,0.0002671145026345384,0.0005926118656127961
sub-anm369962_ses-20170310.nwb,67,267,4.387028323262548e-11,1.8567975965985766e-10
sub-anm369962_ses-20170310.nwb,68,267,0.7105388099068204,0.7616710420216102
sub-anm369962_ses-20170310.nwb,69,267,0.43316508516753327,0.5041121956683698
sub-anm369962_ses-20170310.nwb,70,267,0.25149258348882586,0.3183907210393855
sub-anm369962_ses-20170310.nwb,71,267,0.9904316911877465,0.993028977091211
sub-anm369962_ses-20170310.nwb,72,267,0.09207358953908007,0.1302199842186496
sub-anm369962_ses-20170310.nwb,73,267,0.015957389657344997,0.02739988912720765
sub-anm369962_ses-20170310.nwb,74,267,0.06082421495083899,0.09036965615105223
sub-anm369962_ses-20170310.nwb,1001,267,0.16293264754325953,0.21580109322415553
sub-anm369962_ses-20170310.nwb,1002,267,9.386085805406972e-13,4.414196599371591e-12
sub-anm369962_ses-20170310.nwb,1003,267,0.04828862182726834,0.07336033011374408
sub-anm369962_ses-20170310.nwb,1004,267,0.01181835186687818,0.02098397769552519
sub-anm369962_ses-20170310.nwb,1005,267,0.41991458528081704,0.4919734722340114
sub-anm369962_ses-20170313.nwb,1,343,0.8957763671902569,0.9157357336606281
sub-anm369962_ses-20170313.nwb,2,343,0.4701437561235873,0.5353637126344666
sub-anm369962_ses-20170313.nwb,3,343,0.7481326641362267,0.7967578140800854
sub-anm369962_ses-20170313.nwb,4,343,0.5367673031748468,0.6047859496478872
sub-anm369962_ses-20170313.nwb,5,343,0.02796814805179301,0.04501140376380565
sub-anm369962_ses-20170313.nwb,6,343,5.526438291331767e-10,2.1560628299855567e-09
sub-anm369962_ses-20170313.nwb,7,343,0.015410613388836175,0.026540500836328966
sub-anm369962_ses-20170313.nwb,8,343,0.10037421120456372,0.1400598786516236
sub-anm369962_ses-20170313.nwb,9,343,3.1992838750909975e-09,1.1697714344713102e-08
sub-anm369962_ses-20170313.nwb,10,343,0.529391173760378,0.5976492876999543
sub-anm369962_ses-20170313.nwb,11,343,0.3983272878280566,0.4700425917065647
sub-anm369962_ses-20170313.nwb,12,343,0.90841719860176,0.9261818015966389
sub-anm369962_ses-20170313.nwb,13,343,2.84778498930199e-09,1.0469260842081354e-08
sub-anm369962_ses-20170313.nwb,14,343,1.7658936632683132e-14,9.977734146644114e-14
sub-anm369962_ses-20170313.nwb,15,343,0.10761395522623687,0.14817911962124092
sub-anm369962_ses-20170313.nwb,16,343,0.4248601363139023,0.4971614749073184
sub-anm369962_ses-20170313.nwb,17,343,8.67299815519763e-13,4.127771321166673e-12
sub-anm369962_ses-20170313.nwb,18,343,0.025262175810114473,0.04145309821774149
sub-anm369962_ses-20170313.nwb,19,343,0.014527776644003003,0.02513327271594486
sub-anm369962_ses-20170313.nwb,20,343,0.008940901156044965,0.01620096939333898
sub-anm369962_ses-20170313.nwb,21,343,6.17389385293355e-05,0.00015261759158005997
sub-anm369962_ses-20170313.nwb,22,343,0.09162224457475247,0.12974162287313715
sub-anm369962_ses-20170313.nwb,23,343,0.18956850572741168,0.2465250295570762
sub-anm369962_ses-20170313.nwb,24,343,0.8152517615842361,0.8493131430854848
sub-anm369962_ses-20170313.nwb,25,343,0.45362911572800513,0.5218782304313158
sub-anm369962_ses-20170313.nwb,26,343,0.20392049541419333,0.2622161527355154
sub-anm369962_ses-20170313.nwb,27,343,4.945782689978929e-15,2.954589971565537e-14
sub-anm369962_ses-20170313.nwb,28,343,1.266966644868417e-06,3.6790145358584155e-06
sub-anm369962_ses-20170313.nwb,29,343,1.6656705944110603e-20,1.587631986154038e-19
sub-anm369962_ses-20170313.nwb,30,343,9.469871025248716e-18,7.05320913374044e-17
sub-anm369962_ses-20170313.nwb,31,343,0.09903809364281138,0.13870170135324134
sub-anm369962_ses-20170313.nwb,32,343,0.6316009948810827,0.6932500872044036
sub-anm369962_ses-20170313.nwb,33,343,2.6778989265267e-24,3.8880380616786396e-23
sub-anm369962_ses-20170313.nwb,34,343,0.9558864752945838,0.9626003399147389
sub-anm369962_ses-20170313.nwb,35,343,5.386463919553644e-22,5.774087958624327e-21
sub-anm369962_ses-20170313.nwb,36,343,4.3499722661792984e-23,5.1437300920697475e-22
sub-anm369962_ses-20170313.nwb,37,343,1.2403321551765593e-15,7.648714956922116e-15
sub-anm369962_ses-20170313.nwb,38,343,0.01633137376048024,0.028000128106533385
sub-anm369962_ses-20170313.nwb,39,343,0.0003329301248723934,0.0007329574918016031
sub-anm369962_ses-20170313.nwb,40,343,0.028078295284887603,0.04501140376380565
sub-anm369962_ses-20170313.nwb,41,343,0.00016891054057753614,0.0003882572946742164
sub-anm369962_ses-20170313.nwb,42,343,2.1187281196763133e-08,7.386568854920155e-08
sub-anm369962_ses-20170313.nwb,43,343,2.99940023975008e-07,9.273078369254291e-07
sub-anm369962_ses-20170313.nwb,44,343,0.15728919910180045,0.20929316864241893
sub-anm369962_ses-20170313.nwb,45,343,1.4992556981967002e-05,3.914404958250407e-05
sub-anm369962_ses-20170313.nwb,46,343,2.2251972847781527e-14,1.2450250173856298e-13
sub-anm369962_ses-20170313.nwb,47,343,0.0013783086187174175,0.002823071402980139
sub-anm369962_ses-20170313.nwb,48,343,0.007963740457150812,0.014568437487004756
sub-anm369962_ses-20170313.nwb,49,343,1.615961198521564e-20,1.557569323280869e-19
sub-anm369962_ses-20170313.nwb,50,343,0.00013101777203793766,0.0003065980277090918
sub-anm369962_ses-20170313.nwb,51,343,5.913172952794161e-15,3.46041294737495e-14
sub-anm369962_ses-20170313.nwb,52,343,0.005816678748997446,0.010901520465849789
sub-anm369962_ses-20170313.nwb,53,343,1.0489353749032539e-11,4.5573063447501217e-11
sub-anm369962_ses-20170313.nwb,54,343,0.00011318045627864732,0.00026711519208149893
sub-anm369962_ses-20170313.nwb,55,343,8.796292111423498e-14,4.692719558978024e-13
sub-anm369962_ses-20170313.nwb,56,343,0.06295626022525827,0.09317526513338224
sub-anm369962_ses-20170313.nwb,57,343,0.004845676863729562,0.009201972454797694
sub-anm369962_ses-20170313.nwb,58,343,4.849957102772497e-17,3.291657276260387e-16
sub-anm369962_ses-20170313.nwb,59,343,1.5016025995032075e-05,3.914404958250407e-05
sub-anm369962_ses-20170313.nwb,60,343,0.9053238278515476,0.9238491374961967
sub-anm369962_ses-20170313.nwb,61,343,3.8065551308160013e-07,1.1705412158300143e-06
sub-anm369962_ses-20170313.nwb,62,343,6.019078242841142e-16,3.793342167329005e-15
sub-anm369962_ses-20170313.nwb,63,343,9.0194864612091e-05,0.00021733930611358903
sub-anm369962_ses-20170313.nwb,64,343,0.09088795714340885,0.1288609231687144
sub-anm369962_ses-20170313.nwb,65,343,1.831042484910042e-08,6.42264749294134e-08
sub-anm369962_ses-20170313.nwb,66,343,1.072000569196486e-05,2.846260770528633e-05
sub-anm369962_ses-20170313.nwb,1001,343,0.17872588135723377,0.2337498129039306
sub-anm369962_ses-20170313.nwb,1002,343,6.53912727923249e-21,6.410580332717664e-20
sub-anm369962_ses-20170313.nwb,1003,343,0.007299462196341454,0.013482259483419724
sub-anm369962_ses-20170313.nwb,1004,343,1.4622587267461645e-18,1.1332505132282775e-17
sub-anm369962_ses-20170313.nwb,1005,343,0.054637236444645625,0.08235073613930162
sub-anm369962_ses-20170314.nwb,1,296,0.2921515952700402,0.36109685320553464
sub-anm369962_ses-20170314.nwb,2,296,7.455409360863147e-07,2.1982916547326553e-06
sub-anm369962_ses-20170314.nwb,3,296,1.780638561464783e-21,1.8399931801802755e-20
sub-anm369962_ses-20170314.nwb,4,296,2.4204642546121948e-21,2.4788147321787388e-20
sub-anm369962_ses-20170314.nwb,5,296,0.13293514929954672,0.1796000995404603
sub-anm369962_ses-20170314.nwb,6,296,0.0012174288110333596,0.0025205610943235804
sub-anm369962_ses-20170314.nwb,7,296,1.783509458920885e-15,1.0766764996748711e-14
sub-anm369962_ses-20170314.nwb,8,296,0.08982557379910533,0.12767030129810883
sub-anm369962_ses-20170314.nwb,9,296,0.007852051873410764,0.014387066292016207
sub-anm369962_ses-20170314.nwb,10,296,0.8144567418015947,0.8492562571331174
sub-anm369962_ses-20170314.nwb,11,296,0.6775306253937903,0.7331392710629033
sub-anm369962_ses-20170314.nwb,12,296,8.959921498405246e-20,7.845061037153296e-19
sub-anm369962_ses-20170314.nwb,13,296,2.270287527274164e-14,1.2640872785356633e-13
sub-anm369962_ses-20170314.nwb,14,296,0.8002556879650995,0.8391402612054579
sub-anm369962_ses-20170314.nwb,15,296,1.832276037866066e-09,6.845669757108723e-09
sub-anm369962_ses-20170314.nwb,16,296,0.00021386023077127298,0.00048192079507789804
sub-anm369962_ses-20170314.nwb,17,296,0.46212033170085576,0.5300520204608815
sub-anm369962_ses-20170314.nwb,18,296,5.290353772624096e-05,0.00013162767412580993
sub-anm369962_ses-20170314.nwb,19,296,1.0780498636990056e-08,3.876248255996111e-08
sub-anm369962_ses-20170314.nwb,20,296,0.6642036678220307,0.722124745963857
sub-anm369962_ses-20170314.nwb,21,296,0.15531584638085152,0.20690740510898573
sub-anm369962_ses-20170314.nwb,22,296,0.028496058303718617,0.04533284171201839
sub-anm369962_ses-20170314.nwb,23,296,0.08685579308785246,0.12390994362160047
sub-anm369962_ses-20170314.nwb,24,296,0.06762914708454172,0.09894213227802214
sub-anm369962_ses-20170314.nwb,25,296,0.008371131908805247,0.015192544777531042
sub-anm369962_ses-20170314.nwb,26,296,0.8581452316808821,0.8869514926056028
sub-anm369962_ses-20170314.nwb,27,296,1.2779415879858796e-08,4.552170811862745e-08
sub-anm369962_ses-20170314.nwb,28,296,2.249613833092526e-28,4.691467393740231e-27
sub-anm369962_ses-20170314.nwb,29,296,0.06630934420452753,0.09738388963200137
sub-anm369962_ses-20170314.nwb,30,296,0.16987240213967092,0.223958212935865
sub-anm369962_ses-20170314.nwb,31,296,8.235146732318676e-11,3.4223598920179426e-10
sub-anm369962_ses-20170314.nwb,32,296,2.8484777583281713e-07,8.878271708702208e-07
sub-anm369962_ses-20170314.nwb,33,296,0.1794155357124021,0.23438453241699908
sub-anm369962_ses-20170314.nwb,34,296,0.0042735355650619766,0.008183214178841547
sub-anm369962_ses-20170314.nwb,35,296,0.0005169465478259359,0.0011251189570329193
sub-anm369962_ses-20170314.nwb,36,296,3.918397811920005e-10,1.544468140987026e-09
sub-anm369962_ses-20170314.nwb,37,296,5.789092512107203e-19,4.70928305772125e-18
sub-anm369962_ses-20170314.nwb,38,296,0.003209353180060512,0.006271087048602056
sub-anm369962_ses-20170314.nwb,39,296,1.956181690056111e-07,6.232612218039886e-07
sub-anm369962_ses-20170314.nwb,40,296,2.279125383262438e-09,8.405648921549891e-09
sub-anm369962_ses-20170314.nwb,41,296,9.700418630615756e-05,0.00023131767503776034
sub-anm369962_ses-20170314.nwb,42,296,4.2927329034588757e-10,1.6862207672148392e-09
sub-anm369962_ses-20170314.nwb,43,296,1.908316776413548e-09,7.10662124203357e-09
sub-anm369962_ses-20170314.nwb,44,296,1.0568218024340005e-09,4.0271581640923545e-09
sub-anm369962_ses-20170314.nwb,45,296,4.816469775916009e-08,1.6153481967765095e-07
sub-anm369962_ses-20170314.nwb,46,296,0.0011631407498741678,0.0024168884784523015
sub-anm369962_ses-20170314.nwb,47,296,0.028176275416227074,0.04501140376380565
sub-anm369962_ses-20170314.nwb,1001,296,0.7592769090048116,0.8063801987301101
sub-anm369962_ses-20170314.nwb,1002,296,5.357139895232145e-13,2.6485514913065823e-12
sub-anm369962_ses-20170314.nwb,1003,296,3.954113286013762e-27,6.977489137011977e-26
sub-anm369962_ses-20170314.nwb,1004,296,1.0104849039891773e-07,3.2556915305493995e-07
sub-anm369962_ses-20170316.nwb,1001,243,0.0005642525052601823,0.0012070875016882959
sub-anm369962_ses-20170316.nwb,1002,243,0.5937119693342727,0.6560574458828621
sub-anm369962_ses-20170317.nwb,1,264,1.9708245847164813e-07,6.261872018475911e-07
sub-anm369962_ses-20170317.nwb,2,264,0.9203944749960892,0.9350686118870808
sub-anm369962_ses-20170317.nwb,3,264,0.6943929327769338,0.7491315646254156
sub-anm369962_ses-20170317.nwb,4,264,0.07405009403670124,0.10737731714297892
sub-anm369962_ses-20170317.nwb,5,264,0.031133954018057314,0.049256062425809294
sub-anm369962_ses-20170317.nwb,6,264,5.343778523840385e-16,3.3863613076491285e-15
sub-anm369962_ses-20170317.nwb,7,264,0.010458398761888185,0.018743411531071483
sub-anm369962_ses-20170317.nwb,8,264,0.08431754752518802,0.12089028376423833
sub-anm369962_ses-20170317.nwb,9,264,0.8522046701225963,0.8829979734693929
sub-anm369962_ses-20170317.nwb,10,264,0.013701844897261296,0.02388452294401019
sub-anm369962_ses-20170317.nwb,11,264,0.27416610820474163,0.34255830731028175
sub-anm369962_ses-20170317.nwb,12,264,8.6341304385484e-13,4.126394838756256e-12
sub-anm369962_ses-20170317.nwb,13,264,9.608457947542726e-05,0.00022960210970482308
sub-anm369962_ses-20170317.nwb,14,264,0.10334254579857624,0.14315688409537072
sub-anm369962_ses-20170317.nwb,15,264,0.0048094618700596295,0.009148346210544602
sub-anm369962_ses-20170317.nwb,16,264,7.21526834165798e-11,3.009422831956983e-10
sub-anm369962_ses-20170317.nwb,17,264,0.09072694445883285,0.12879183823549664
sub-anm369962_ses-20170317.nwb,18,264,0.364768416110141,0.43601881572073153
sub-anm369962_ses-20170317.nwb,19,264,0.27297445960555944,0.34144133606060706
sub-anm369962_ses-20170317.nwb,20,264,0.03350985118685727,0.052796427625446826
sub-anm369962_ses-20170317.nwb,21,264,8.601991721823012e-19,6.804472072366203e-18
sub-anm369962_ses-20170317.nwb,22,264,1.0417326015420675e-06,3.0481308519611006e-06
sub-anm369962_ses-20170317.nwb,23,264,1.7768400167425996e-15,1.0766764996748711e-14
sub-anm369962_ses-20170317.nwb,24,264,9.499196102309935e-13,4.44717466504061e-12
sub-anm369962_ses-20170317.nwb,25,264,0.0038781492127573525,0.0074634851460279915
sub-anm369962_ses-20170317.nwb,26,264,0.10282683497412645,0.14278738464324825
sub-anm369962_ses-20170317.nwb,27,264,1.4462217658261789e-05,3.8046246912904295e-05
sub-anm369962_ses-20170317.nwb,28,264,0.09961333034696536,0.13933718281459667
sub-anm369962_ses-20170317.nwb,29,264,1.534501726596727e-08,5.4156107089429106e-08
sub-anm369962_ses-20170317.nwb,30,264,0.020707417812650456,0.03457264662461437
sub-anm369962_ses-20170317.nwb,31,264,0.006435229266293256,0.01196305991643171
sub-anm369962_ses-20170317.nwb,32,264,3.627604924179059e-17,2.537111492703281e-16
sub-anm369962_ses-20170317.nwb,33,264,5.612172901680895e-07,1.6851210257141327e-06
sub-anm369962_ses-20170317.nwb,34,264,0.0013353806875411307,0.002740038727387615
sub-anm369962_ses-20170317.nwb,35,264,3.716331253564029e-17,2.583413301719964e-16
sub-anm369962_ses-20170317.nwb,36,264,0.39235187529120075,0.46498323576388034
sub-anm369962_ses-20170317.nwb,37,264,0.02656702262609138,0.043162004181482735
sub-anm369962_ses-20170317.nwb,38,264,0.0020175244403918746,0.004010572847711404
sub-anm369962_ses-20170317.nwb,39,264,0.12487968215181759,0.1693108693003957
sub-anm369962_ses-20170317.nwb,40,264,0.9166828098469122,0.9321233890907875
sub-anm369962_ses-20170317.nwb,41,264,0.06456608633706967,0.09506713867601914
sub-anm369962_ses-20170317.nwb,42,264,0.3436915240489785,0.4132224088932687
sub-anm369962_ses-20170317.nwb,43,264,0.4628939119046178,0.53040890804655
sub-anm369962_ses-20170317.nwb,44,264,0.019484670547425698,0.032721694169688544
sub-anm369962_ses-20170317.nwb,45,264,0.0237210740210958,0.03920471455647966
sub-anm369962_ses-20170317.nwb,46,264,8.337745709214573e-13,4.001420221116784e-12
sub-anm369962_ses-20170317.nwb,47,264,0.26341618604263994,0.3309292063427251
sub-anm369962_ses-20170317.nwb,48,264,2.1460302786687623e-11,9.219088875030227e-11
sub-anm369962_ses-20170317.nwb,49,264,1.0530788492596965e-24,1.5686771949361973e-23
sub-anm369962_ses-20170317.nwb,50,264,0.018697188936902972,0.03157161004979496
sub-anm369962_ses-20170317.nwb,51,264,0.42989901710885203,0.5015474445266664
sub-anm369962_ses-20170317.nwb,52,264,3.292507895996571e-17,2.3168751881644583e-16
sub-anm369962_ses-20170317.nwb,53,264,0.007680109860337629,0.014117125015716764
sub-anm369962_ses-20170317.nwb,54,264,0.18706493127738089,0.24409951783294181
sub-anm369962_ses-20170317.nwb,55,264,0.29797745456343694,0.36750552729490554
sub-anm369962_ses-20170317.nwb,56,264,0.011982232935514892,0.021176817479803826
sub-anm369962_ses-20170317.nwb,57,264,0.0006379436907045885,0.0013525349597747931
sub-anm369962_ses-20170317.nwb,1001,264,8.04167753319718e-05,0.0001958344826024876
sub-anm369962_ses-20170317.nwb,1002,264,0.03627066525755139,0.0566019769393353
sub-anm369963_ses-20170226.nwb,1,276,0.08730790472012508,0.12427899248943666
sub-anm369963_ses-20170226.nwb,2,276,0.04594626613623164,0.06998720751428644
sub-anm369963_ses-20170226.nwb,3,276,0.06082307175543603,0.09036965615105223
sub-anm369963_ses-20170226.nwb,4,276,1.0893012628324094e-19,9.394199612547169e-19
sub-anm369963_ses-20170226.nwb,5,276,1.3093488044944199e-13,6.795579541878278e-13
sub-anm369963_ses-20170226.nwb,6,276,0.002146641000456027,0.004237860976803895
sub-anm369963_ses-20170226.nwb,7,276,0.21134826434689669,0.27085637900099496
sub-anm369963_ses-20170226.nwb,8,276,0.31006296086429874,0.38077325065455103
sub-anm369963_ses-20170226.nwb,9,276,7.284182401799531e-27,1.2470085395319495e-25
sub-anm369963_ses-20170226.nwb,10,276,9.062430732929388e-05,0.000217916311334801
sub-anm369963_ses-20170226.nwb,11,276,3.0036243549424753e-36,2.0265630206582464e-34
sub-anm369963_ses-20170226.nwb,12,276,6.875769552142859e-13,3.3460065865595064e-12
sub-anm369963_ses-20170226.nwb,13,276,7.590630955141471e-28,1.4510756175912114e-26
sub-anm369963_ses-20170226.nwb,14,276,0.6596752547972222,0.7196139837883886
sub-anm369963_ses-20170226.nwb,15,276,0.3081678177309326,0.3788515401258089
sub-anm369963_ses-20170226.nwb,16,276,0.0075526000820903645,0.01390502775948258
sub-anm369963_ses-20170226.nwb,17,276,1.1297264864302328e-19,9.598490962485015e-19
sub-anm369963_ses-20170226.nwb,18,276,0.7395958749340321,0.7898663580533845
sub-anm369963_ses-20170226.nwb,19,276,9.58152033894334e-11,3.9532387873266226e-10
sub-anm369963_ses-20170226.nwb,20,276,7.47358415236287e-13,3.6017651356135346e-12
sub-anm369963_ses-20170226.nwb,21,276,1.687216626490578e-05,4.388293584092275e-05
sub-anm369963_ses-20170226.nwb,22,276,0.3656380352866576,0.43601881572073153
sub-anm369963_ses-20170226.nwb,23,276,1.3186606033163226e-28,3.0181770259327025e-27
sub-anm369963_ses-20170226.nwb,24,276,0.050830669612033544,0.0769165937269162
sub-anm369963_ses-20170226.nwb,25,276,1.0369096523719742e-05,2.765896212257336e-05
sub-anm369963_ses-20170226.nwb,26,276,0.28464497764338803,0.3538114390658316
sub-anm369963_ses-20170226.nwb,27,276,0.39517630983434926,0.46680455960864947
sub-anm369963_ses-20170226.nwb,28,276,0.19528612349935837,0.253408832230951
sub-anm369963_ses-20170226.nwb,29,276,0.3377855070760891,0.40955600065145265
sub-anm369963_ses-20170226.nwb,30,276,1.7107547303472686e-08,6.019127839596064e-08
sub-anm369963_ses-20170226.nwb,31,276,1.795860704024704e-05,4.649779294619267e-05
sub-anm369963_ses-20170226.nwb,32,276,0.006147292410599969,0.011464950235704333
sub-anm369963_ses-20170226.nwb,33,276,0.5934028658552839,0.6560574458828621
sub-anm369963_ses-20170226.nwb,34,276,4.016650932871685e-09,1.4579426012670327e-08
sub-anm369963_ses-20170226.nwb,35,276,4.257274726810107e-05,0.00010779457200113007
sub-anm369963_ses-20170226.nwb,36,276,2.52383586874355e-35,1.5235998639204484e-33
sub-anm369963_ses-20170226.nwb,37,276,1.6241591108881682e-06,4.622606700220171e-06
sub-anm369963_ses-20170226.nwb,38,276,0.0038221881944403052,0.007368151023568118
sub-anm369963_ses-20170226.nwb,39,276,2.0081063893691116e-29,5.007169627405154e-28
sub-anm369963_ses-20170226.nwb,40,276,3.9859413342450494e-07,1.2224263931494844e-06
sub-anm369963_ses-20170226.nwb,41,276,0.42520959623720955,0.4971614749073184
sub-anm369963_ses-20170226.nwb,42,276,3.3994775000489654e-19,2.8255077482291037e-18
sub-anm369963_ses-20170226.nwb,43,276,2.0195452685132454e-24,2.969767208954734e-23
sub-anm369963_ses-20170226.nwb,44,276,1.2742565091631658e-12,5.91729642109373e-12
sub-anm369963_ses-20170226.nwb,45,276,4.068853387011997e-12,1.8230370448838907e-11
sub-anm369963_ses-20170226.nwb,46,276,0.00012189902466141509,0.00028651266657098997
sub-anm369963_ses-20170226.nwb,47,276,0.25801780048039347,0.32521584302308937
sub-anm369963_ses-20170226.nwb,1001,276,2.1823990558927374e-09,8.074876506803129e-09
sub-anm369963_ses-20170226.nwb,1002,276,3.171569461480604e-28,6.496053879139737e-27
sub-anm369963_ses-20170227.nwb,1,340,0.3651482906005683,0.43601881572073153
sub-anm369963_ses-20170227.nwb,2,340,0.020867038098803834,0.034738015528777935
sub-anm369963_ses-20170227.nwb,3,340,5.690701322171843e-14,3.1082068650148115e-13
sub-anm369963_ses-20170227.nwb,4,340,5.746872222737936e-24,7.847217189857634e-23
sub-anm369963_ses-20170227.nwb,5,340,0.6602937832797227,0.7196139837883886
sub-anm369963_ses-20170227.nwb,6,340,0.040510402977370144,0.06262187630059779
sub-anm369963_ses-20170227.nwb,7,340,1.0060419849815982e-07,3.250507483870122e-07
sub-anm369963_ses-20170227.nwb,8,340,0.00010797975032671301,0.0002558941603816939
sub-anm369963_ses-20170227.nwb,9,340,0.007531410212735213,0.013888307900333262
sub-anm369963_ses-20170227.nwb,10,340,6.302026588022044e-08,2.0711818041436344e-07
sub-anm369963_ses-20170227.nwb,11,340,3.1984154512578115e-13,1.6161156487192553e-12
sub-anm369963_ses-20170227.nwb,12,340,0.08646111062415443,0.12350049051793914
sub-anm369963_ses-20170227.nwb,13,340,0.03528809344452418,0.055369963311722614
sub-anm369963_ses-20170227.nwb,14,340,1.9362107001314355e-20,1.8055558317485825e-19
sub-anm369963_ses-20170227.nwb,15,340,0.7663904125324682,0.8109315527442261
sub-anm369963_ses-20170227.nwb,16,340,0.2868649120625908,0.35609746118592167
sub-anm369963_ses-20170227.nwb,17,340,0.08403813738826332,0.1206404800805232
sub-anm369963_ses-20170227.nwb,18,340,0.35814077735483973,0.42924500692372114
sub-anm369963_ses-20170227.nwb,19,340,7.066136920810943e-08,2.3156740137629004e-07
sub-anm369963_ses-20170227.nwb,20,340,0.6816597806897118,0.7362182377128996
sub-anm369963_ses-20170227.nwb,21,340,0.00363114711083792,0.007023483534791052
sub-anm369963_ses-20170227.nwb,22,340,6.303072199967e-05,0.0001554757809325193
sub-anm369963_ses-20170227.nwb,23,340,2.0082362586985015e-07,6.345583990983971e-07
sub-anm369963_ses-20170227.nwb,24,340,0.5639470541325461,0.6268930603616346
sub-anm369963_ses-20170227.nwb,25,340,0.002301801760828169,0.004536368762319433
sub-anm369963_ses-20170227.nwb,26,340,1.5422739478132562e-10,6.295331737159448e-10
sub-anm369963_ses-20170227.nwb,27,340,0.3621620106552669,0.43361150962587797
sub-anm369963_ses-20170227.nwb,28,340,6.65156059991982e-20,5.868723083160025e-19
sub-anm369963_ses-20170227.nwb,29,340,5.657871068437021e-33,2.2377855570680216e-31
sub-anm369963_ses-20170227.nwb,30,340,2.2863068637768512e-06,6.475046846301354e-06
sub-anm369963_ses-20170227.nwb,31,340,7.555221621209778e-31,2.2220100511609272e-29
sub-anm369963_ses-20170227.nwb,32,340,5.166463209949173e-28,1.021712638243397e-26
sub-anm369963_ses-20170227.nwb,33,340,1.2070990349184273e-21,1.2586750845922147e-20
sub-anm369963_ses-20170227.nwb,34,340,2.0285357668109257e-31,6.792905647060783e-30
sub-anm369963_ses-20170227.nwb,35,340,1.326065405373103e-34,6.61303052157804e-33
sub-anm369963_ses-20170227.nwb,36,340,1.3383288519721238e-25,2.0467509242827014e-24
sub-anm369963_ses-20170227.nwb,37,340,6.380833789092684e-20,5.673501051232022e-19
sub-anm369963_ses-20170227.nwb,38,340,5.42862854216747e-08,1.799606051406384e-07
sub-anm369963_ses-20170227.nwb,39,340,9.924249131137116e-10,3.794371251138091e-09
sub-anm369963_ses-20170227.nwb,40,340,0.11167960904071267,0.15285979900918548
sub-anm369963_ses-20170227.nwb,1001,340,9.64535758003101e-24,1.2864215284064615e-22
sub-anm369963_ses-20170227.nwb,1002,340,4.660418318560653e-16,2.986312743792776e-15
sub-anm369963_ses-20170228.nwb,1001,166,0.000565131637669237,0.0012070875016882959
sub-anm369963_ses-20170301.nwb,1001,214,5.635115731817745e-15,3.331689558966471e-14
sub-anm369963_ses-20170301.nwb,1002,214,0.0005254870484892303,0.0011393830711099188
sub-anm369963_ses-20170301.nwb,1003,214,0.33379961642259004,0.40601077416406234
sub-anm369963_ses-20170302.nwb,1001,180,3.2023385390060284e-09,1.1697714344713102e-08
sub-anm369963_ses-20170302.nwb,1002,180,5.254259869683394e-07,1.5901414434107793e-06
sub-anm369963_ses-20170306.nwb,1,247,0.4076910176897691,0.47961189465657966
sub-anm369963_ses-20170306.nwb,2,247,0.11968617358816247,0.16265407713936297
sub-anm369963_ses-20170306.nwb,3,247,0.029237070710631897,0.046447257763289174
sub-anm369963_ses-20170306.nwb,4,247,0.5610681654837311,0.6248011512716889
sub-anm369963_ses-20170306.nwb,5,247,0.7762989071202505,0.8206588446699791
sub-anm369963_ses-20170306.nwb,6,247,0.0005335472411639353,0.0011503358752162289
sub-anm369963_ses-20170306.nwb,7,247,0.10201682784646614,0.14183430489684443
sub-anm369963_ses-20170306.nwb,8,247,0.25573996210566274,0.3226993801267274
sub-anm369963_ses-20170306.nwb,9,247,0.9218973046914758,0.9357665561779848
sub-anm369963_ses-20170306.nwb,10,247,0.8774340869769961,0.902989126161059
sub-anm369963_ses-20170306.nwb,11,247,0.06177490416223539,0.09154498071587079
sub-anm369963_ses-20170306.nwb,12,247,0.44761095609730184,0.5166116206578976
sub-anm369963_ses-20170306.nwb,13,247,0.7442939403026267,0.7940060144462814
sub-anm369963_ses-20170306.nwb,14,247,0.10442837117392424,0.144434249210329
sub-anm369963_ses-20170306.nwb,15,247,0.06102844708601271,0.09055579405906414
sub-anm369963_ses-20170306.nwb,16,247,0.03012852135564775,0.047797253105017944
sub-anm369963_ses-20170306.nwb,17,247,0.7328559314395937,0.7833977198147382
sub-anm369963_ses-20170306.nwb,18,247,0.07540997575931986,0.10921116438881298
sub-anm369963_ses-20170306.nwb,19,247,0.2499349722476768,0.31711881987620055
sub-anm369963_ses-20170306.nwb,20,247,0.9991723922440913,0.9991723922440913
sub-anm369963_ses-20170306.nwb,21,247,0.009444787796805515,0.017033288683861517
sub-anm369963_ses-20170306.nwb,22,247,0.27666639011857863,0.3453061474058865
sub-anm369963_ses-20170306.nwb,23,247,0.054903679478379694,0.08264372750879463
sub-anm369963_ses-20170306.nwb,24,247,0.03194590210004333,0.050401581442571806
sub-anm369963_ses-20170306.nwb,25,247,0.8466573664407517,0.8788380084231151
sub-anm369963_ses-20170306.nwb,26,247,0.11709422304930704,0.1593203722865423
sub-anm369963_ses-20170306.nwb,27,247,4.840509340197034e-07,1.4688000564037033e-06
sub-anm369963_ses-20170306.nwb,28,247,0.0049977147324163605,0.009443787146757109
sub-anm369963_ses-20170306.nwb,29,247,0.18836172160112885,0.24523370564868874
sub-anm369963_ses-20170306.nwb,30,247,0.3927416613412187,0.46498323576388034
sub-anm369963_ses-20170306.nwb,31,247,0.11387794139389196,0.15568295444433145
sub-anm369963_ses-20170306.nwb,32,247,6.92244640433181e-09,2.4968698194240834e-08
sub-anm369963_ses-20170306.nwb,33,247,0.4681397544894662,0.5337537757449481
sub-anm369963_ses-20170306.nwb,34,247,0.513578701249959,0.580369231855865
sub-anm369963_ses-20170306.nwb,35,247,0.07338291504622843,0.10667959893285679
sub-anm369963_ses-20170306.nwb,36,247,0.0019793712622519703,0.0039484153700921915
sub-anm369963_ses-20170306.nwb,37,247,0.10506660458904525,0.14501972979980132
sub-anm369963_ses-20170306.nwb,38,247,0.54152108532146,0.6071600047543643
sub-anm369963_ses-20170306.nwb,39,247,0.1391514463436855,0.18755194941975004
sub-anm369963_ses-20170306.nwb,40,247,0.5409004757292386,0.6070575789250848
sub-anm369963_ses-20170306.nwb,41,247,0.04522335258690288,0.06906948790569588
sub-anm369963_ses-20170306.nwb,42,247,0.05711448884590989,0.08552260927710005
sub-anm369963_ses-20170306.nwb,43,247,0.0012977663262611263,0.002677226575937971
sub-anm369963_ses-20170306.nwb,44,247,5.161245988460545e-10,2.020460460329094e-09
sub-anm369963_ses-20170306.nwb,45,247,0.17363484273236518,0.22813191822912127
sub-anm369963_ses-20170306.nwb,46,247,0.8972173406744677,0.9163920656755249
sub-anm369963_ses-20170306.nwb,47,247,0.003597407147577631,0.00696997634843166
sub-anm369963_ses-20170306.nwb,48,247,1.8231414048055076e-10,7.3631802510983e-10
sub-anm369963_ses-20170306.nwb,49,247,0.22578190611456272,0.28742713242331125
sub-anm369963_ses-20170306.nwb,50,247,0.6273869306713118,0.6892843002681941
sub-anm369963_ses-20170306.nwb,51,247,0.00048462956867578787,0.0010588002195640546
sub-anm369963_ses-20170306.nwb,52,247,0.33179223593305396,0.40399755267007736
sub-anm369963_ses-20170306.nwb,53,247,0.937887982097513,0.9494770657244902
sub-anm369963_ses-20170306.nwb,54,247,0.8868762382492492,0.9082562904213294
sub-anm369963_ses-20170306.nwb,55,247,0.036809714198899286,0.057287302830580034
sub-anm369963_ses-20170306.nwb,56,247,0.01841642079454878,0.031201823709523558
sub-anm369963_ses-20170306.nwb,57,247,0.4581777296511944,0.5265830219538277
sub-anm369963_ses-20170306.nwb,58,247,0.01656033623935783,0.02830805613493805
sub-anm369963_ses-20170306.nwb,59,247,0.2085934036371001,0.26792456211842536
sub-anm369963_ses-20170306.nwb,60,247,0.8291509123148962,0.8621050804161793
sub-anm369963_ses-20170306.nwb,1001,247,0.09993656995786726,0.13961905693261115
sub-anm369963_ses-20170309.nwb,1001,232,0.3928236752006975,0.46498323576388034
sub-anm369963_ses-20170309.nwb,1002,232,1.5123778540107813e-06,4.3367434963759155e-06
sub-anm369963_ses-20170310.nwb,1001,262,0.002085971916981915,0.004132313970256056
sub-anm369963_ses-20170310.nwb,1002,262,0.024943668647863893,0.04110687922284466
sub-anm369963_ses-20170310.nwb,1003,262,2.124687028339923e-11,9.161714366563502e-11
sub-anm369963_ses-20170310.nwb,1004,262,0.09664477016353858,0.1358474894333073
sub-anm369964_ses-20170320.nwb,1,309,0.002119670321562117,0.004191830791089221
sub-anm369964_ses-20170320.nwb,2,309,0.0040086264459113004,0.007701665885193068
sub-anm369964_ses-20170320.nwb,3,309,0.3452584816463976,0.4146717051815896
sub-anm369964_ses-20170320.nwb,4,309,0.00020880166418584168,0.0004742485323191295
sub-anm369964_ses-20170320.nwb,5,309,0.0014013960277817928,0.002865242858940671
sub-anm369964_ses-20170320.nwb,6,309,7.97310849872793e-08,2.590695594345874e-07
sub-anm369964_ses-20170320.nwb,7,309,1.0078374289537575e-05,2.694614291398508e-05
sub-anm369964_ses-20170320.nwb,8,309,2.779308874070994e-07,8.702351786371114e-07
sub-anm369964_ses-20170320.nwb,9,309,0.022542387186385158,0.03741840535858723
sub-anm369964_ses-20170320.nwb,10,309,9.857221281880074e-37,7.537488540210964e-35
sub-anm369964_ses-20170320.nwb,11,309,1.4042492151856844e-13,7.222752689766727e-13
sub-anm369964_ses-20170320.nwb,12,309,8.272641443109757e-14,4.475811195871175e-13
sub-anm369964_ses-20170320.nwb,13,309,1.5229797583570336e-23,1.9409530920394638e-22
sub-anm369964_ses-20170320.nwb,14,309,0.37488030598487454,0.4460453433243269
sub-anm369964_ses-20170320.nwb,15,309,9.93890473830208e-30,2.7142675559124967e-28
sub-anm369964_ses-20170320.nwb,16,309,1.2083247201714882e-23,1.5749414250417009e-22
sub-anm369964_ses-20170320.nwb,17,309,0.028148756326318126,0.04501140376380565
sub-anm369964_ses-20170320.nwb,18,309,0.330861024172457,0.4032918116108482
sub-anm369964_ses-20170320.nwb,19,309,1.1834653316272145e-41,1.9391924791091642e-39
sub-anm369964_ses-20170320.nwb,20,309,6.0022458607705104e-15,3.494708630611054e-14
sub-anm369964_ses-20170320.nwb,21,309,0.004924169906235307,0.009320169773022934
sub-anm369964_ses-20170320.nwb,22,309,1.1537927291394958e-10,4.726429501153577e-10
sub-anm369964_ses-20170320.nwb,23,309,5.988277293615871e-39,5.72379504648117e-37
sub-anm369964_ses-20170320.nwb,24,309,0.6954971511190364,0.7491315646254156
sub-anm369964_ses-20170320.nwb,25,309,2.6136059009477793e-07,8.213167036676995e-07
sub-anm369964_ses-20170320.nwb,26,309,0.011685667623581652,0.020812827273677257
sub-anm369964_ses-20170320.nwb,27,309,1.097195982371917e-08,3.93276184931434e-08
sub-anm369964_ses-20170320.nwb,28,309,0.9319859684183388,0.9443356058090411
sub-anm369964_ses-20170320.nwb,29,309,1.5185492307234313e-15,9.264765785317956e-15
sub-anm369964_ses-20170320.nwb,30,309,0.0004622766196755108,0.0010118917610072726
sub-anm369964_ses-20170320.nwb,31,309,0.00026398956276182467,0.0005868140086973118
sub-anm369964_ses-20170320.nwb,32,309,5.485635848373564e-11,2.304770812485157e-10
sub-anm369964_ses-20170320.nwb,33,309,0.0032047000193362453,0.006271087048602056
sub-anm369964_ses-20170320.nwb,34,309,3.324258833898685e-13,1.6723354747727157e-12
sub-anm369964_ses-20170320.nwb,35,309,0.00013496561003869991,0.0003146454364113593
sub-anm369964_ses-20170320.nwb,36,309,0.0002026460268540864,0.00046209740119609763
sub-anm369964_ses-20170320.nwb,37,309,3.5086359163268234e-31,1.1178903877852407e-29
sub-anm369964_ses-20170320.nwb,38,309,8.274954864087957e-18,6.203511914450252e-17
sub-anm369964_ses-20170320.nwb,39,309,1.225465743105046e-09,4.638974281655075e-09
sub-anm369964_ses-20170320.nwb,40,309,0.4477000444062338,0.5166116206578976
sub-anm369964_ses-20170320.nwb,41,309,0.16957417022299182,0.22382229372355766
sub-anm369964_ses-20170320.nwb,42,309,0.020793950792572336,0.03466665924284952
sub-anm369964_ses-20170320.nwb,43,309,3.1353982162018905e-16,2.0203942438109934e-15
sub-anm369964_ses-20170320.nwb,44,309,6.522384079879831e-25,9.843650710029166e-24
sub-anm369964_ses-20170320.nwb,45,309,0.014400603402600074,0.024956677655208336
sub-anm369964_ses-20170320.nwb,46,309,9.94733005001199e-19,7.814786005043667e-18
sub-anm369964_ses-20170320.nwb,47,309,0.006411658569065239,0.01193859152389258
sub-anm369964_ses-20170320.nwb,48,309,0.7791360066227432,0.8221425939248266
sub-anm369964_ses-20170320.nwb,49,309,5.9770774444349325e-09,2.162683857655163e-08
sub-anm369964_ses-20170320.nwb,50,309,5.161478680192806e-17,3.4621146468895603e-16
sub-anm369964_ses-20170320.nwb,1001,309,0.04963391816413832,0.07530437054797176
sub-anm369964_ses-20170320.nwb,1002,309,1.2664328249555637e-13,6.629835621885798e-13
sub-anm369964_ses-20170320.nwb,1003,309,1.2284623113724991e-13,6.463515005248883e-13
sub-anm369964_ses-20170320.nwb,1004,309,3.7856446867033325e-19,3.1015246111776587e-18
sub-anm369964_ses-20170320.nwb,1005,309,1.2650541033594764e-22,1.4366505510428904e-21
sub-anm369964_ses-20170321.nwb,1001,376,0.9409562106775204,0.9517431866376683
sub-anm369964_ses-20170321.nwb,1002,376,2.072813405816281e-31,6.792905647060783e-30
sub-anm369964_ses-20170321.nwb,1003,376,3.214807512827964e-08,1.1040072506627767e-07
sub-anm369964_ses-20170322.nwb,1,278,2.921100336941872e-06,8.171956308469091e-06
sub-anm369964_ses-20170322.nwb,2,278,0.0005310241220412131,0.0011492163546816443
sub-anm369964_ses-20170322.nwb,3,278,0.010847501521785877,0.01941042784007551
sub-anm369964_ses-20170322.nwb,4,278,1.2020245426264503e-09,4.565305133750127e-09
sub-anm369964_ses-20170322.nwb,5,278,0.005048864505853314,0.009524749322719987
sub-anm369964_ses-20170322.nwb,6,278,0.0005217725633759581,0.0011334718374852726
sub-anm369964_ses-20170322.nwb,7,278,0.0215515219090667,0.03582550091260798
sub-anm369964_ses-20170322.nwb,8,278,1.4522202952663673e-05,3.811662880252914e-05
sub-anm369964_ses-20170322.nwb,9,278,0.1447455824296931,0.19417916145831343
sub-anm369964_ses-20170322.nwb,10,278,1.1939271355602457e-21,1.2563618573280752e-20
sub-anm369964_ses-20170322.nwb,11,278,0.33588251499462074,0.40789032912574025
sub-anm369964_ses-20170322.nwb,12,278,4.896852812030383e-05,0.00012290350493214113
sub-anm369964_ses-20170322.nwb,13,278,1.1993166845004406e-12,5.5919359232601845e-12
sub-anm369964_ses-20170322.nwb,14,278,0.026047791628077775,0.04255956837237209
sub-anm369964_ses-20170322.nwb,15,278,6.802829159795018e-14,3.6980308276231685e-13
sub-anm369964_ses-20170322.nwb,16,278,5.741016183781463e-35,3.112388727233785e-33
sub-anm369964_ses-20170322.nwb,17,278,0.00021056107233822293,0.0004759093313303087
sub-anm369964_ses-20170322.nwb,18,278,8.432049763714535e-05,0.00020404137297427367
sub-anm369964_ses-20170322.nwb,19,278,3.617428858989295e-18,2.766127267507148e-17
sub-anm369964_ses-20170322.nwb,20,278,0.2534801920458061,0.32020019854244447
sub-anm369964_ses-20170322.nwb,21,278,4.399520743113793e-08,1.479838795411003e-07
sub-anm369964_ses-20170322.nwb,22,278,6.293952980453712e-06,1.7107023859195277e-05
sub-anm369964_ses-20170322.nwb,23,278,0.3431203694019971,0.41296858730754527
sub-anm369964_ses-20170322.nwb,24,278,0.055533032755117305,0.08326325303283601
sub-anm369964_ses-20170322.nwb,25,278,0.018542844055821624,0.03136967866080738
sub-anm369964_ses-20170322.nwb,26,278,2.1252339544625252e-14,1.194923208710057e-13
sub-anm369964_ses-20170322.nwb,27,278,0.7926799948350569,0.8341320679594589
sub-anm369964_ses-20170322.nwb,28,278,0.08733118391149604,0.12427899248943666
sub-anm369964_ses-20170322.nwb,29,278,6.004613538539897e-10,2.33467516227297e-09
sub-anm369964_ses-20170322.nwb,30,278,0.165847105523934,0.2194078777807985
sub-anm369964_ses-20170322.nwb,31,278,0.0016063213903797157,0.003266756444619741
sub-anm369964_ses-20170322.nwb,32,278,0.5654317493558454,0.6278317681618149
sub-anm369964_ses-20170322.nwb,33,278,0.011395167542240122,0.02035865602951623
sub-anm369964_ses-20170322.nwb,34,278,2.553156739650953e-06,7.212982217683851e-06
sub-anm369964_ses-20170322.nwb,35,278,4.489756035556307e-07,1.3659814781917995e-06
sub-anm369964_ses-20170322.nwb,36,278,6.963683492647628e-19,5.585555920326454e-18
sub-anm369964_ses-20170322.nwb,37,278,0.3028370594899642,0.37309785954348973
sub-anm369964_ses-20170322.nwb,38,278,4.487807951370094e-21,4.476100626279563e-20
sub-anm369964_ses-20170322.nwb,1001,278,0.3241110446175408,0.3954844342301269
sub-anm369964_ses-20170322.nwb,1002,278,2.06382411014954e-17,1.4795039089634517e-16
sub-anm369964_ses-20170323.nwb,1001,448,0.05091657641985843,0.07694507661867935
sub-anm369964_ses-20170323.nwb,1002,448,0.0016431839344680202,0.003335808801477556
sub-anm372793_ses-20170504.nwb,1001,295,6.426278185764826e-07,1.914530150408378e-06
sub-anm372793_ses-20170508.nwb,1001,329,4.502533173611686e-14,2.471007440254834e-13
sub-anm372793_ses-20170512.nwb,1001,272,0.015336031094343247,0.02645177092513038
sub-anm372793_ses-20170512.nwb,1002,272,1.2716336851045123e-13,6.629835621885798e-13
sub-anm372793_ses-20170513.nwb,1,358,0.29642943695533863,0.3659898430438896
sub-anm372793_ses-20170513.nwb,2,358,0.5357117676310107,0.6041901646733228
sub-anm372793_ses-20170513.nwb,3,358,9.390270010868947e-13,4.414196599371591e-12
sub-anm372793_ses-20170513.nwb,4,358,5.378273968552556e-35,3.0844401209648914e-33
sub-anm372793_ses-20170513.nwb,5,358,0.012631535866811842,0.02215347345448499
sub-anm372793_ses-20170513.nwb,6,358,0.1763004410122121,0.2313691142345621
sub-anm372793_ses-20170513.nwb,7,358,2.3401269992797434e-07,7.373971615862268e-07
sub-anm372793_ses-20170513.nwb,8,358,0.8562560071508313,0.8863949821317721
sub-anm372793_ses-20170513.nwb,9,358,0.0018215581980582818,0.0036590669932974594
sub-anm372793_ses-20170513.nwb,10,358,0.14241042020356204,0.19127020137410497
sub-anm372793_ses-20170513.nwb,11,358,0.762623984304695,0.8086876796263798
sub-anm372793_ses-20170513.nwb,12,358,5.209570511233087e-15,3.096050454085156e-14
sub-anm372793_ses-20170513.nwb,13,358,7.531716421097135e-42,1.4398131224997355e-39
sub-anm372793_ses-20170513.nwb,14,358,1.1854178885450876e-36,8.497964488507596e-35
sub-anm372793_ses-20170513.nwb,15,358,1.1930336127702474e-31,4.276279855773356e-30
sub-anm372793_ses-20170513.nwb,16,358,9.737971547792488e-34,4.295943602045378e-32
sub-anm372793_ses-20170513.nwb,17,358,1.2923996488850463e-16,8.519439064776713e-16
sub-anm372793_ses-20170513.nwb,18,358,1.7906780580046717e-09,6.712116772978295e-09
sub-anm372793_ses-20170513.nwb,19,358,2.0130627105227597e-31,6.792905647060783e-30
sub-anm372793_ses-20170513.nwb,20,358,3.4516329903502364e-06,9.586012203224507e-06
sub-anm372793_ses-20170513.nwb,21,358,0.070905264657042,0.10333969321680708
sub-anm372793_ses-20170513.nwb,22,358,1.8687523071700524e-28,3.9693683265260184e-27
sub-anm372793_ses-20170513.nwb,23,358,1.5862210668678904e-13,8.08620250532209e-13
sub-anm372793_ses-20170513.nwb,24,358,6.0861756968399045e-22,6.4637440039586766e-21
sub-anm372793_ses-20170513.nwb,25,358,2.730633423635737e-10,1.0875126864271496e-09
sub-anm372793_ses-20170513.nwb,26,358,0.01181266559213499,0.02098397769552519
sub-anm372793_ses-20170513.nwb,27,358,0.02534052995496439,0.04152226836906308
sub-anm372793_ses-20170513.nwb,28,358,3.881347695912034e-09,1.4133034308606676e-08
sub-anm372793_ses-20170513.nwb,29,358,2.4171141989708107e-08,8.401302988544e-08
sub-anm372793_ses-20170513.nwb,30,358,0.00687412290349617,0.012758283123479139
sub-anm372793_ses-20170513.nwb,31,358,4.311163044183971e-22,4.709432392075252e-21
sub-anm372793_ses-20170513.nwb,32,358,4.682788967143846e-05,0.00011804744934756025
sub-anm372793_ses-20170513.nwb,33,358,4.749944679008311e-12,2.111700211946718e-11
sub-anm372793_ses-20170513.nwb,34,358,3.5983224443911214e-29,8.423011925952278e-28
sub-anm372793_ses-20170513.nwb,35,358,2.146757262782878e-05,5.533327146993171e-05
sub-anm372793_ses-20170513.nwb,36,358,1.5493698238085255e-13,7.93360351744812e-13
sub-anm372793_ses-20170513.nwb,37,358,0.11107098369718389,0.15239045251276306
sub-anm372793_ses-20170513.nwb,38,358,1.4263603639704365e-06,4.110641551442439e-06
sub-anm372793_ses-20170513.nwb,39,358,8.926376009716868e-05,0.0002155484901714789
sub-anm372793_ses-20170513.nwb,40,358,6.259128329957296e-13,3.0680428181457346e-12
sub-anm372793_ses-20170513.nwb,41,358,6.671407135915311e-06,1.8090080342541042e-05
sub-anm372793_ses-20170513.nwb,42,358,1.5430315876071433e-07,4.95758328007113e-07
sub-anm372793_ses-20170513.nwb,43,358,0.00025911110524166317,0.0005793380852089428
sub-anm372793_ses-20170513.nwb,44,358,8.855462812611668e-24,1.194966570125363e-22
sub-anm372793_ses-20170513.nwb,45,358,9.210572255209726e-12,4.01693018126447e-11
sub-anm372793_ses-20170513.nwb,46,358,8.989695783587515e-13,4.260818621394579e-12
sub-anm372793_ses-20170513.nwb,1002,358,0.00829435768862429,0.015100997252146128
sub-anm372793_ses-20170514.nwb,1,260,0.01829866653314969,0.03109417853855214
sub-anm372793_ses-20170514.nwb,2,260,0.0001720774801314013,0.00039474573942143457
sub-anm372793_ses-20170514.nwb,3,260,0.07196791740134509,0.10475533154738936
sub-anm372793_ses-20170514.nwb,4,260,0.07864092385075476,0.11374670826836786
sub-anm372793_ses-20170514.nwb,5,260,0.09270876044955999,0.1307957542873866
sub-anm372793_ses-20170514.nwb,6,260,0.004288725585677856,0.008198613744620836
sub-anm372793_ses-20170514.nwb,7,260,3.080710778518538e-07,9.498858233765492e-07
sub-anm372793_ses-20170514.nwb,8,260,0.17257976964927235,0.22700572911435252
sub-anm372793_ses-20170514.nwb,9,260,0.6653711259640116,0.7227089786749255
sub-anm372793_ses-20170514.nwb,10,260,0.31991963304055415,0.39120236577560297
sub-anm372793_ses-20170514.nwb,11,260,0.37959831519694,0.45072387943156333
sub-anm372793_ses-20170514.nwb,12,260,0.9544332076949767,0.9626003399147389
sub-anm372793_ses-20170514.nwb,13,260,0.6802984773037897,0.7354404839466981
sub-anm372793_ses-20170514.nwb,14,260,0.8076354617434056,0.844446558450033
sub-anm372793_ses-20170514.nwb,15,260,0.00018189731922167517,0.0004164395711522184
sub-anm372793_ses-20170514.nwb,16,260,8.726407329871347e-07,2.5598949379443566e-06
sub-anm372793_ses-20170514.nwb,17,260,0.6151764274028882,0.6784686175299162
sub-anm372793_ses-20170514.nwb,18,260,4.513722260222424e-12,2.0144900515467395e-11
sub-anm372793_ses-20170514.nwb,19,260,3.2667966749235824e-05,8.326701746971887e-05
sub-anm372793_ses-20170514.nwb,20,260,0.7448565575799466,0.7940060144462814
sub-anm372793_ses-20170514.nwb,21,260,3.9791081886506576e-17,2.732956342743895e-16
sub-anm372793_ses-20170514.nwb,22,260,1.2226074014569621e-05,3.23863900570701e-05
sub-anm372793_ses-20170514.nwb,23,260,2.287752161307612e-10,9.143037383344358e-10
sub-anm372793_ses-20170514.nwb,24,260,4.093241700019951e-21,4.1548214424096317e-20
sub-anm372793_ses-20170514.nwb,25,260,0.17075518639403486,0.22486360366700112
sub-anm372793_ses-20170514.nwb,26,260,0.01639064881270743,0.028059812221157346
sub-anm372793_ses-20170514.nwb,27,260,5.280863801150833e-08,1.757691870388865e-07
sub-anm372793_ses-20170514.nwb,28,260,0.974281393872111,0.9785504008422128
sub-anm372793_ses-20170514.nwb,29,260,0.0016620898529884742,0.0033622875862041974
sub-anm372793_ses-20170514.nwb,30,260,0.0036403965859863993,0.007029520006946802
sub-anm372793_ses-20170514.nwb,31,260,0.03935972240886921,0.06092523833059781
sub-anm372793_ses-20170514.nwb,32,260,2.0790303024223538e-10,8.337929219854684e-10
sub-anm372793_ses-20170514.nwb,33,260,8.779219038531387e-10,3.3678141261523414e-09
sub-anm372793_ses-20170514.nwb,34,260,0.09540163247051744,0.13426462876525586
sub-anm372793_ses-20170514.nwb,35,260,0.02745265739919649,0.04441788254122337
sub-anm372793_ses-20170514.nwb,36,260,3.479730242485128e-20,3.142716998527907e-19
sub-anm372793_ses-20170514.nwb,37,260,0.10302232386391201,0.14288585909541363
sub-anm372793_ses-20170514.nwb,38,260,0.3510592523261946,0.4211976594332063
sub-anm372793_ses-20170514.nwb,39,260,0.5436220482406069,0.6083263310555864
sub-anm372793_ses-20170514.nwb,40,260,1.4954124245095167e-05,3.914404958250407e-05
sub-anm372793_ses-20170514.nwb,41,260,0.2654854549639779,0.33316391339571405
sub-anm372793_ses-20170514.nwb,42,260,1.4920404956380342e-06,4.2891489937263785e-06
sub-anm372793_ses-20170514.nwb,43,260,0.035426911431304685,0.05551184072637497
sub-anm372793_ses-20170514.nwb,44,260,0.0790408487608522,0.11418117572883812
sub-anm372793_ses-20170514.nwb,45,260,0.06725266229596481,0.09864297142387678
sub-anm372793_ses-20170514.nwb,46,260,4.160041346047226e-06,1.1470113999798481e-05
sub-anm372793_ses-20170514.nwb,47,260,0.01301310777782249,0.022718469743017344
sub-anm372793_ses-20170514.nwb,48,260,0.539794367529614,0.6065561245857433
sub-anm372793_ses-20170514.nwb,49,260,0.40952946997266393,0.48128104719123516
sub-anm372793_ses-20170514.nwb,50,260,0.0035361298861687385,0.00686284429684525
sub-anm372793_ses-20170514.nwb,51,260,5.993145927823635e-23,7.014426917565009e-22
sub-anm372793_ses-20170514.nwb,52,260,0.0007406756375347249,0.0015645579304831112
sub-anm372793_ses-20170514.nwb,53,260,5.9361305339663394e-08,1.962173407048816e-07
sub-anm372793_ses-20170514.nwb,54,260,0.0002757412776450074,0.0006105699719282306
sub-anm372793_ses-20170514.nwb,55,260,0.3360561124880772,0.40789032912574025
sub-anm372793_ses-20170514.nwb,56,260,2.085086999404117e-17,1.4854626014388335e-16
sub-anm372793_ses-20170514.nwb,57,260,0.9611174403207573,0.9670190386385162
sub-anm372793_ses-20170514.nwb,58,260,0.001080238738015326,0.0022487002404783644
sub-anm372793_ses-20170514.nwb,59,260,0.8809589120426276,0.903794659812326
sub-anm372793_ses-20170514.nwb,60,260,2.7844490894491704e-07,8.702351786371114e-07
sub-anm372793_ses-20170514.nwb,61,260,0.0007326988566368163,0.0015505638165358457
sub-anm372793_ses-20170514.nwb,62,260,0.005299756152190666,0.009981642539511813
sub-anm372793_ses-20170514.nwb,63,260,3.493857494801317e-19,2.883060824846842e-18
sub-anm372793_ses-20170514.nwb,64,260,0.198248023946201,0.2566484012034905
sub-anm372793_ses-20170514.nwb,1001,260,1.2528049663431097e-15,7.684317093024315e-15
sub-anm372793_ses-20170514.nwb,1002,260,5.0930000800752594e-05,0.0001275474037521031
sub-anm372793_ses-20170514.nwb,1003,260,0.023463698122257667,0.038835298335107564
sub-anm372794_ses-20170621.nwb,1001,235,0.02831114641324259,0.045101229077762844
sub-anm372794_ses-20170621.nwb,1002,235,0.7655733408460909,0.8108149787169586
sub-anm372794_ses-20170621.nwb,1003,235,0.5462054699130678,0.6094335350100086
sub-anm372794_ses-20170621.nwb,1004,235,0.0002954595278534877,0.0006529712494180162
sub-anm372794_ses-20170622.nwb,1001,329,0.24592773716137695,0.31237997178748544
sub-anm372794_ses-20170622.nwb,1002,329,0.311315510158904,0.38190255631258063
sub-anm372794_ses-20170622.nwb,1003,329,3.231190976616472e-05,8.254289644051435e-05
sub-anm372794_ses-20170622.nwb,1004,329,0.00587428632645467,0.010991527596155803
sub-anm372794_ses-20170624.nwb,1,238,1.7396271487603233e-14,9.877981879346984e-14
sub-anm372794_ses-20170624.nwb,2,238,1.4616056859586695e-08,5.190283968404316e-08
sub-anm372794_ses-20170624.nwb,3,238,6.526169180068919e-27,1.1341690984150075e-25
sub-anm372794_ses-20170624.nwb,4,238,0.7787230662325024,0.8221425939248266
sub-anm372794_ses-20170624.nwb,5,238,0.010286881897391284,0.018464872513783728
sub-anm372794_ses-20170624.nwb,6,238,0.012049435829866397,0.021229958366907463
sub-anm372794_ses-20170624.nwb,7,238,2.1382971586938852e-05,5.5239343266258704e-05
sub-anm372794_ses-20170624.nwb,8,238,1.4141270766741167e-26,2.3171482242074454e-25
sub-anm372794_ses-20170624.nwb,9,238,3.190203538371841e-05,8.167775577036834e-05
sub-anm372794_ses-20170624.nwb,10,238,1.1925476045637583e-14,6.805234340470801e-14
sub-anm372794_ses-20170624.nwb,11,238,1.2188076652474327e-15,7.556607524534084e-15
sub-anm372794_ses-20170624.nwb,12,238,3.237754059645907e-08,1.1055615116555908e-07
sub-anm372794_ses-20170624.nwb,13,238,0.002001309901579191,0.00398524732137384
sub-anm372794_ses-20170624.nwb,14,238,2.7260165698288836e-22,3.006481736147817e-21
sub-anm372794_ses-20170624.nwb,15,238,0.020571873064372796,0.034396411668856555
sub-anm372794_ses-20170624.nwb,16,238,1.6376420915371604e-09,6.158608127846306e-09
sub-anm372794_ses-20170624.nwb,17,238,0.00026097718217334555,0.0005812443261219948
sub-anm372794_ses-20170624.nwb,18,238,1.8637509684190436e-23,2.3236112617137424e-22
sub-anm372794_ses-20170624.nwb,19,238,1.447611772539017e-16,9.488061160584299e-16
sub-anm372794_ses-20170624.nwb,20,238,7.224508060028092e-10,2.790070957862701e-09
sub-anm372794_ses-20170624.nwb,21,238,0.00013102418585362308,0.0003065980277090918
sub-anm372794_ses-20170624.nwb,22,238,0.04434827633978427,0.06800464299696866
sub-anm372794_ses-20170624.nwb,23,238,1.7543818320259625e-06,4.980881092410344e-06
sub-anm372794_ses-20170624.nwb,24,238,0.2685093381642518,0.3365903943982479
sub-anm372794_ses-20170624.nwb,25,238,1.218049750384663e-19,1.0272816644788296e-18
sub-anm372794_ses-20170624.nwb,26,238,9.226507648113948e-15,5.3179920966767337e-14
sub-anm372794_ses-20170624.nwb,27,238,0.0018706397841173155,0.0037380206139069005
sub-anm372794_ses-20170624.nwb,28,238,8.298660808509274e-05,0.00020166449041017243
sub-anm372794_ses-20170624.nwb,29,238,7.672403403021155e-07,2.2564735136577603e-06
sub-anm372794_ses-20170624.nwb,30,238,1.8912106613004826e-12,8.642305292875114e-12
sub-anm372794_ses-20170624.nwb,31,238,8.074684571224432e-10,3.1079406722128936e-09
sub-anm372794_ses-20170624.nwb,32,238,2.5248429832846057e-12,1.144662016532586e-11
sub-anm372794_ses-20170624.nwb,33,238,7.750997137989512e-19,6.173884525884702e-18
sub-anm372794_ses-20170624.nwb,34,238,0.00012082437266540364,0.00028456992904972895
sub-anm372794_ses-20170624.nwb,35,238,4.0900420912600757e-26,6.426408600925078e-25
sub-anm372794_ses-20170624.nwb,36,238,0.00013997227153840714,0.0003249963470739939
sub-anm372794_ses-20170624.nwb,37,238,0.5640397892704507,0.6268930603616346
sub-anm372794_ses-20170624.nwb,38,238,5.2083734399622776e-05,0.00012986965947036375
sub-anm372794_ses-20170624.nwb,39,238,5.726096774057273e-11,2.3970193430086467e-10
sub-anm372794_ses-20170624.nwb,40,238,0.009080889304456469,0.016428675129671243
sub-anm372794_ses-20170624.nwb,41,238,8.074703087711774e-08,2.6162950400015267e-07
sub-anm372794_ses-20170624.nwb,42,238,1.885186456798266e-27,3.378607603043142e-26
sub-anm372794_ses-20170624.nwb,43,238,0.3178143616154532,0.38945841108218465
sub-anm372794_ses-20170624.nwb,44,238,0.4650590843291671,0.5318272878619688
sub-anm372794_ses-20170624.nwb,45,238,2.0932080339297252e-08,7.319846386943278e-08
sub-anm372794_ses-20170624.nwb,46,238,0.3383656366929678,0.4097398155865834
sub-anm372794_ses-20170624.nwb,47,238,2.9090797933254834e-05,7.464685733656218e-05
sub-anm372794_ses-20170624.nwb,1001,238,0.00026097718217334555,0.0005812443261219948
sub-anm372794_ses-20170624.nwb,1002,238,0.00015224619700684872,0.0003513609415832102
sub-anm372794_ses-20170624.nwb,1003,238,9.831167175712769e-11,4.0417020611263603e-10
sub-anm372794_ses-20170625.nwb,1,312,0.04454424003257795,0.068213943013841
sub-anm372794_ses-20170625.nwb,2,312,1.0563052914811667e-05,2.8110955204846827e-05
sub-anm372794_ses-20170625.nwb,3,312,0.12363337278373791,0.16781950128159454
sub-anm372794_ses-20170625.nwb,4,312,0.0013331680389440479,0.002740038727387615
sub-anm372794_ses-20170625.nwb,5,312,0.11525168718078271,0.15737343475756876
sub-anm372794_ses-20170625.nwb,6,312,0.06453251992579095,0.09506713867601914
sub-anm372794_ses-20170625.nwb,7,312,1.9996201521084077e-07,6.335813023393215e-07
sub-anm372794_ses-20170625.nwb,8,312,0.5680353227784958,0.6301126839718904
sub-anm372794_ses-20170625.nwb,9,312,0.9742847059823949,0.9785504008422128
sub-anm372794_ses-20170625.nwb,10,312,0.5806759374279671,0.643512367371863
sub-anm372794_ses-20170625.nwb,11,312,1.6124147699230528e-10,6.558296954261495e-10
sub-anm372794_ses-20170625.nwb,12,312,4.380505028845014e-38,3.5888851914894505e-36
sub-anm372794_ses-20170625.nwb,13,312,0.49274457797201565,0.5584763151520771
sub-anm372794_ses-20170625.nwb,14,312,4.5269479961985935e-06,1.2422031941721977e-05
sub-anm372794_ses-20170625.nwb,15,312,0.49600597218403575,0.5610639547288846
sub-anm372794_ses-20170625.nwb,16,312,4.110540003592674e-38,3.5888851914894505e-36
sub-anm372794_ses-20170625.nwb,17,312,3.2468027483220494e-29,7.758505734011231e-28
sub-anm372794_ses-20170625.nwb,18,312,0.6221432353783355,0.6848352120719298
sub-anm372794_ses-20170625.nwb,19,312,0.21718650815242424,0.2775077755229748
sub-anm372794_ses-20170625.nwb,20,312,1.0218861971780221e-29,2.725822018984166e-28
sub-anm372794_ses-20170625.nwb,21,312,1.464427997119408e-30,4.199247281739903e-29
sub-anm372794_ses-20170625.nwb,22,312,0.42788657747114545,0.49978197999939294
sub-anm372794_ses-20170625.nwb,23,312,0.05965176673232557,0.08885789148308756
sub-anm372794_ses-20170625.nwb,24,312,8.62631486400568e-14,4.623543527576876e-13
sub-anm372794_ses-20170625.nwb,25,312,6.7608600798399314e-15,3.916518440190102e-14
sub-anm372794_ses-20170625.nwb,26,312,0.20008134787334086,0.258438407669732
sub-anm372794_ses-20170625.nwb,27,312,0.08523261877084776,0.12189752335431718
sub-anm372794_ses-20170625.nwb,28,312,0.04474832105854342,0.06843509900553241
sub-anm372794_ses-20170625.nwb,29,312,6.182487156608098e-07,1.8466960334972625e-06
sub-anm372794_ses-20170625.nwb,30,312,0.11563818217233653,0.15771343038248511
sub-anm372794_ses-20170625.nwb,31,312,0.8135544810799771,0.8490873428559906
sub-anm372794_ses-20170625.nwb,32,312,0.07970635163797635,0.11485324790045084
sub-anm372794_ses-20170625.nwb,33,312,1.7025235473023994e-23,2.145928031599837e-22
sub-anm372794_ses-20170625.nwb,34,312,0.00038016788888814863,0.0008353497481890929
sub-anm372794_ses-20170625.nwb,35,312,0.11149376737009052,0.15278775528493888
sub-anm372794_ses-20170625.nwb,36,312,3.76011669879626e-12,1.6913152366742393e-11
sub-anm372794_ses-20170625.nwb,37,312,0.8237458163796336,0.85738334971637
sub-anm372794_ses-20170625.nwb,38,312,0.3733938680256932,0.4447380754158568
sub-anm372794_ses-20170625.nwb,39,312,1.551448130741446e-26,2.5063535295217447e-25
sub-anm372794_ses-20170625.nwb,40,312,8.102778705408869e-06,2.1867969823774053e-05
sub-anm372794_ses-20170625.nwb,41,312,0.000543833767720884,0.0011703139429190506
sub-anm372794_ses-20170625.nwb,42,312,0.7546471851219784,0.8022060438692393
sub-anm372794_ses-20170625.nwb,43,312,2.913239308690144e-11,1.24682294293567e-10
sub-anm372794_ses-20170625.nwb,44,312,3.1889514323696633e-40,3.657727292928004e-38
sub-anm372794_ses-20170625.nwb,45,312,4.2458766453320355e-34,1.9480082048783377e-32
sub-anm372794_ses-20170625.nwb,46,312,0.006095778840530847,0.011387391417082868
sub-anm372794_ses-20170625.nwb,47,312,0.06938463208763719,0.10138111210766862
sub-anm372794_ses-20170625.nwb,48,312,1.113546650191687e-17,8.135273934839904e-17
sub-anm372794_ses-20170625.nwb,49,312,0.33956047422643243,0.4099745936186505
sub-anm372794_ses-20170625.nwb,50,312,0.9965253093549014,0.9973948776876718
sub-anm372794_ses-20170625.nwb,51,312,1.8352816071237664e-22,2.043755343078602e-21
sub-anm372794_ses-20170625.nwb,1001,312,1.37376549161902e-13,7.097788373364937e-13
sub-anm372794_ses-20170625.nwb,1002,312,0.1422990250387435,0.19127020137410497
sub-anm372794_ses-20170625.nwb,1003,312,0.0008812967303224831,0.0018446119519705988
sub-anm372794_ses-20170625.nwb,1004,312,1.2525588559525877e-22,1.4366505510428904e-21
sub-anm372794_ses-20170625.nwb,1005,312,0.06753003710366587,0.09892331105734962
sub-anm372794_ses-20170626.nwb,1,317,0.4493726489543537,0.518020531005672
sub-anm372794_ses-20170626.nwb,2,317,1.0017440365341378e-23,1.3206901263271907e-22
sub-anm372794_ses-20170626.nwb,3,317,1.6985576795875304e-40,2.164717398318775e-38
sub-anm372794_ses-20170626.nwb,4,317,0.036415116946976606,0.056750189046443154
sub-anm372794_ses-20170626.nwb,5,317,2.6033248888074944e-26,4.1472411770308275e-25
sub-anm372794_ses-20170626.nwb,6,317,2.554030566312763e-08,8.85037178115027e-08
sub-anm372794_ses-20170626.nwb,7,317,0.10451650117225202,0.144434249210329
sub-anm372794_ses-20170626.nwb,8,317,1.3413701816235648e-22,1.5083839199237538e-21
sub-anm372794_ses-20170626.nwb,9,317,1.9043410285445327e-29,4.853953688312397e-28
sub-anm372794_ses-20170626.nwb,10,317,8.812923237523648e-11,3.6492501636966155e-10
sub-anm372794_ses-20170626.nwb,11,317,0.6985145757585768,0.7515911992449227
sub-anm372794_ses-20170626.nwb,12,317,0.08340250101579695,0.11987803090867055
sub-anm372794_ses-20170626.nwb,13,317,5.233804531379902e-21,5.1751498254247824e-20
sub-anm372794_ses-20170626.nwb,14,317,2.1025484658840454e-33,8.931937371737037e-32
sub-anm372794_ses-20170626.nwb,15,317,0.00013124640942036971,0.0003065980277090918
sub-anm372794_ses-20170626.nwb,16,317,1.9586756648849783e-23,2.4156999866914733e-22
sub-anm372794_ses-20170626.nwb,17,317,2.7602857940431635e-06,7.759921092567422e-06
sub-anm372794_ses-20170626.nwb,18,317,1.144164109491908e-08,4.0883371762841696e-08
sub-anm372794_ses-20170626.nwb,19,317,0.03786508234776033,0.05884993150796897
sub-anm372794_ses-20170626.nwb,20,317,0.09792216617578255,0.13730650929538213
sub-anm372794_ses-20170626.nwb,21,317,0.050216827246017816,0.07608811208874826
sub-anm372794_ses-20170626.nwb,22,317,0.17681628271035277,0.23178088716431386
sub-anm372794_ses-20170626.nwb,23,317,0.7798963382076435,0.8221885109597123
sub-anm372794_ses-20170626.nwb,24,317,3.5509028255862016e-24,5.0282537542560166e-23
sub-anm372794_ses-20170626.nwb,25,317,0.0015704389149222115,0.003199455480312214
sub-anm372794_ses-20170626.nwb,26,317,4.045463561409192e-05,0.00010265811294106955
sub-anm372794_ses-20170626.nwb,27,317,5.047633241948534e-08,1.6879403290131104e-07
sub-anm372794_ses-20170626.nwb,28,317,0.00727000183158693,0.01344950338843582
sub-anm372794_ses-20170626.nwb,29,317,6.687975900991826e-23,7.748594301452145e-22
sub-anm372794_ses-20170626.nwb,30,317,0.030706453026085108,0.04864682544325914
sub-anm372794_ses-20170626.nwb,31,317,3.486600596480346e-28,7.016019095022732e-27
sub-anm372794_ses-20170626.nwb,32,317,3.5329973272424557e-23,4.265629404575891e-22
sub-anm372794_ses-20170626.nwb,33,317,0.4704852853840823,0.5353637126344666
sub-anm372794_ses-20170627.nwb,1001,374,0.15869648388120294,0.21067692941173585
sub-anm372794_ses-20170627.nwb,1002,374,6.957729954449738e-30,1.9464673799399634e-28
sub-anm372794_ses-20170627.nwb,1003,374,5.5195387604910586e-05,0.00013703270472474553
sub-anm372794_ses-20170627.nwb,1004,374,3.848736820103366e-31,1.1931084142320434e-29
sub-anm372795_ses-20170714.nwb,1001,201,4.6510789650062646e-31,1.4038914665426803e-29
sub-anm372795_ses-20170714.nwb,1002,201,6.714642651415282e-05,0.00016527242749298987
sub-anm372795_ses-20170714.nwb,1003,201,0.012537448504613068,0.02202213389707686
sub-anm372795_ses-20170714.nwb,1004,201,3.012692376857358e-20,2.742506473218563e-19
sub-anm372795_ses-20170715.nwb,1001,192,0.452928194869922,0.5215950195941772
sub-anm372795_ses-20170716.nwb,1001,260,3.93419796599418e-23,4.700546944786796e-22
sub-anm372795_ses-20170716.nwb,1002,260,8.065499586665395e-40,8.410116387186552e-38
sub-anm372795_ses-20170716.nwb,1003,260,0.00020995812228049177,0.0004759093313303087
sub-anm372795_ses-20170716.nwb,1004,260,1.3419967595690309e-28,3.0181770259327025e-27
sub-anm372795_ses-20170718.nwb,1001,252,0.018411987977312767,0.031201823709523558
sub-anm372795_ses-20170718.nwb,1002,252,0.322686031723892,0.39416493970958905
sub-anm372797_ses-20170615.nwb,1,197,4.5898407768696596e-05,0.00011595919319536343
sub-anm372797_ses-20170615.nwb,2,197,0.4333518961892002,0.5041121956683698
sub-anm372797_ses-20170615.nwb,3,197,0.8649865369092922,0.8922118325853939
sub-anm372797_ses-20170615.nwb,4,197,4.187475456533337e-11,1.7789016106087915e-10
sub-anm372797_ses-20170615.nwb,5,197,0.5375337488933332,0.6050551619044682
sub-anm372797_ses-20170615.nwb,6,197,0.0016581534435091423,0.0033602508828710002
sub-anm372797_ses-20170615.nwb,7,197,0.1963605293267695,0.25449212105966623
sub-anm372797_ses-20170615.nwb,8,197,4.10885220818576e-06,1.1356273452503775e-05
sub-anm372797_ses-20170615.nwb,9,197,0.10619996844558968,0.14640788919121558
sub-anm372797_ses-20170615.nwb,10,197,1.0987499851358702e-19,9.40497188769286e-19
sub-anm372797_ses-20170615.nwb,11,197,6.846604414407446e-16,4.29128702913953e-15
sub-anm372797_ses-20170615.nwb,12,197,0.5449856332135876,0.6086645776981353
sub-anm372797_ses-20170615.nwb,13,197,0.09741512422310265,0.1367627264184807
sub-anm372797_ses-20170615.nwb,14,197,0.00478114640334939,0.009109592898075999
sub-anm372797_ses-20170615.nwb,15,197,0.07917249625610817,0.11422748830912713
sub-anm372797_ses-20170615.nwb,16,197,0.07013310487607419,0.10234436551254084
sub-anm372797_ses-20170615.nwb,17,197,0.00014973800595288164,0.00034626913876603877
sub-anm372797_ses-20170615.nwb,18,197,0.20095268470206373,0.2592719115334838
sub-anm372797_ses-20170615.nwb,19,197,0.6267675475878731,0.6892640240491759
sub-anm372797_ses-20170615.nwb,20,197,0.8777967529813259,0.902989126161059
sub-anm372797_ses-20170615.nwb,21,197,0.10992204645505005,0.15099471531011066
sub-anm372797_ses-20170615.nwb,22,197,0.28106821753584077,0.3500382687444184
sub-anm372797_ses-20170615.nwb,23,197,0.33865156510556327,0.4097398155865834
sub-anm372797_ses-20170615.nwb,24,197,0.8502782868414824,0.8817985488310853
sub-anm372797_ses-20170615.nwb,25,197,0.15937748736951318,0.21133639076627933
sub-anm372797_ses-20170615.nwb,26,197,0.06601447924561282,0.09707513807015117
sub-anm372797_ses-20170615.nwb,27,197,0.05918511541170139,0.08839235335575715
sub-anm372797_ses-20170615.nwb,28,197,7.90356685294404e-05,0.00019329192282146725
sub-anm372797_ses-20170615.nwb,29,197,0.0013023075597881721,0.002681771581825913
sub-anm372797_ses-20170615.nwb,30,197,0.7829117768803872,0.8246095574672213
sub-anm372797_ses-20170615.nwb,31,197,0.00010548135710499923,0.0002504909246365096
sub-anm372797_ses-20170615.nwb,32,197,0.04349426340828375,0.06687388757279017
sub-anm372797_ses-20170615.nwb,33,197,0.04346068184868238,0.06687388757279017
sub-anm372797_ses-20170615.nwb,34,197,0.01143095907080447,0.020390839897686978
sub-anm372797_ses-20170615.nwb,35,197,0.0002040159858490357,0.0004642982852556427
sub-anm372797_ses-20170615.nwb,36,197,0.05959632689032276,0.08885789148308756
sub-anm372797_ses-20170615.nwb,37,197,0.007056995137548828,0.013076532185409542
sub-anm372797_ses-20170615.nwb,38,197,0.4041014575453745,0.47587717844409094
sub-anm372797_ses-20170615.nwb,39,197,0.8015964802612334,0.8396631624288902
sub-anm372797_ses-20170615.nwb,40,197,0.25208454721585816,0.31878828628069383
sub-anm372797_ses-20170615.nwb,41,197,0.0008036766047046696,0.0016945166646990001
sub-anm372797_ses-20170615.nwb,42,197,0.0006234180183729191,0.0013241860501365522
sub-anm372797_ses-20170615.nwb,43,197,5.304863811351915e-07,1.6012312609528017e-06
sub-anm372797_ses-20170615.nwb,44,197,0.7073461004169974,0.759668517957206
sub-anm372797_ses-20170615.nwb,45,197,0.23621534454184479,0.3003758316956718
sub-anm372797_ses-20170615.nwb,46,197,0.02806169955580151,0.04501140376380565
sub-anm372797_ses-20170615.nwb,47,197,5.286867439269036e-08,1.757691870388865e-07
sub-anm372797_ses-20170615.nwb,48,197,9.900183312732073e-06,2.6531566027345065e-05
sub-anm372797_ses-20170615.nwb,49,197,4.169610287362283e-07,1.2719529254267389e-06
sub-anm372797_ses-20170615.nwb,50,197,3.3008136516880795e-06,9.211759753007852e-06
sub-anm372797_ses-20170615.nwb,51,197,6.140021817762409e-17,4.094537805217142e-16
sub-anm372797_ses-20170615.nwb,52,197,0.01973158061206015,0.03306529137457425
sub-anm372797_ses-20170615.nwb,53,197,2.007888648763628e-15,1.2057844398596237e-14
sub-anm372797_ses-20170615.nwb,54,197,0.4472058403252236,0.5166116206578976
sub-anm372797_ses-20170615.nwb,55,197,0.02652666058919241,0.043157559852203826
sub-anm372797_ses-20170615.nwb,56,197,5.780067798003508e-07,1.7310020272349928e-06
sub-anm372797_ses-20170615.nwb,57,197,0.15222043509683786,0.20301958029775932
sub-anm372797_ses-20170615.nwb,58,197,5.1046700218171404e-17,3.4441508911907413e-16
sub-anm372797_ses-20170615.nwb,59,197,4.940045802111759e-16,3.147906963901215e-15
sub-anm372797_ses-20170615.nwb,60,197,0.2879513555175528,0.356674087233945
sub-anm372797_ses-20170615.nwb,61,197,2.812235385889214e-16,1.822392083398265e-15
sub-anm372797_ses-20170615.nwb,62,197,3.8506192280158206e-13,1.9286726002332516e-12
sub-anm372797_ses-20170615.nwb,63,197,0.1483958482226134,0.19877067574635915
sub-anm372797_ses-20170615.nwb,64,197,0.009277075445353743,0.01675717407215865
sub-anm372797_ses-20170615.nwb,65,197,1.5692553132494328e-07,5.027753755019831e-07
sub-anm372797_ses-20170615.nwb,66,197,1.9204280877421578e-10,7.728880760141246e-10
sub-anm372797_ses-20170615.nwb,67,197,0.7527374925118331,0.8009182782106424
sub-anm372797_ses-20170615.nwb,68,197,0.2624952158164905,0.33049617183481295
sub-anm372797_ses-20170615.nwb,69,197,0.05539822313443949,0.08316984546492422
sub-anm372797_ses-20170615.nwb,70,197,0.0023541007693212964,0.004631481273433151
sub-anm372797_ses-20170615.nwb,71,197,0.00022434904669818288,0.000504565405025129
sub-anm372797_ses-20170615.nwb,72,197,0.20269929327885394,0.26093837193136415
sub-anm372797_ses-20170615.nwb,73,197,2.808327348856714e-08,9.673127534950903e-08
sub-anm372797_ses-20170615.nwb,1001,197,4.5561700969291905e-06,1.2472379716414753e-05
sub-anm372797_ses-20170615.nwb,1002,197,0.026250708492046946,0.042830103329129225
sub-anm372797_ses-20170615.nwb,1003,197,0.0001415917965954409,0.0003280925064544863
sub-anm372797_ses-20170617.nwb,1001,234,0.4387292511262787,0.509850507641177
sub-anm372904_ses-20170615.nwb,1001,335,4.2666967168817696e-44,1.2234752835658473e-41
sub-anm372904_ses-20170616.nwb,1001,304,0.44026118251458757,0.5111129315225019
sub-anm372904_ses-20170617.nwb,1001,289,4.662210136572789e-45,2.134019867621191e-42
sub-anm372904_ses-20170618.nwb,1,324,1.5425770901710984e-29,4.021218005514204e-28
sub-anm372904_ses-20170618.nwb,2,324,2.5315974355570083e-19,2.119519896776561e-18
sub-anm372904_ses-20170618.nwb,3,324,0.003349547622467011,0.00652280326480418
sub-anm372904_ses-20170618.nwb,4,324,0.7084826224517409,0.7601773320412972
sub-anm372904_ses-20170618.nwb,5,324,4.2648029348808877e-13,2.126838681003643e-12
sub-anm372904_ses-20170618.nwb,6,324,5.581568965007474e-45,2.134019867621191e-42
sub-anm372904_ses-20170618.nwb,7,324,0.2507910608593219,0.3178534218846875
sub-anm372904_ses-20170618.nwb,8,324,5.40719514493903e-07,1.627835388778233e-06
sub-anm372904_ses-20170618.nwb,9,324,0.21078561275217023,0.27043746960485376
sub-anm372904_ses-20170618.nwb,10,324,0.001742573248975601,0.0035127091679701484
sub-anm372904_ses-20170618.nwb,11,324,0.2847148720643091,0.3538114390658316
sub-anm372904_ses-20170618.nwb,12,324,7.257936379957121e-16,4.524376645549357e-15
sub-anm372904_ses-20170618.nwb,13,324,2.231425769448884e-20,2.0640688367402178e-19
sub-anm372904_ses-20170618.nwb,14,324,9.151299736372901e-05,0.00021959290371589368
sub-anm372904_ses-20170618.nwb,15,324,1.3808243792653936e-17,9.961041276839034e-17
sub-anm372904_ses-20170618.nwb,16,324,2.82128179238603e-05,7.255628286696808e-05
sub-anm372904_ses-20170618.nwb,17,324,1.4221233238073456e-06,4.108754288178905e-06
sub-anm372904_ses-20170618.nwb,18,324,0.483779764009691,0.5494013755634808
sub-anm372904_ses-20170618.nwb,19,324,3.646156026986894e-42,8.364281925907935e-40
sub-anm372904_ses-20170618.nwb,20,324,4.444850707073423e-14,2.451078731256354e-13
sub-anm372904_ses-20170618.nwb,21,324,9.182831729604143e-27,1.5264794193994133e-25
sub-anm372904_ses-20170618.nwb,22,324,0.02647989714832873,0.04314267333683672
sub-anm372904_ses-20170618.nwb,23,324,5.969708108033416e-35,3.112388727233785e-33
sub-anm372904_ses-20170618.nwb,24,324,6.842447038249146e-05,0.00016805753218140836
sub-anm372904_ses-20170618.nwb,25,324,4.23686905668624e-41,6.074611010023896e-39
sub-anm372904_ses-20170618.nwb,26,324,0.8817316689886597,0.903794659812326
sub-anm372904_ses-20170618.nwb,27,324,6.669113476759966e-07,1.9817287973688292e-06
sub-anm372904_ses-20170618.nwb,28,324,0.0018465647731951394,0.003702814326669274
sub-anm372904_ses-20170618.nwb,29,324,3.0282069779907434e-10,1.201852388842693e-09
sub-anm372904_ses-20170618.nwb,30,324,2.235340582731158e-23,2.7275911153113173e-22
sub-anm372904_ses-20170618.nwb,31,324,9.680567857668116e-18,7.163620214674405e-17
sub-anm372904_ses-20170618.nwb,32,324,0.654811425098585,0.7159854190544109
sub-anm372904_ses-20170618.nwb,33,324,0.01897103194720123,0.031952677890513675
sub-anm372904_ses-20170618.nwb,34,324,0.003414961697989836,0.006638917063719223
sub-anm372904_ses-20170618.nwb,35,324,4.215354166747512e-06,1.1594751149303108e-05
sub-anm372904_ses-20170618.nwb,36,324,0.07378835715350518,0.10713322234819042
sub-anm372904_ses-20170618.nwb,37,324,1.7992515380039753e-32,6.879138380301866e-31
sub-anm372904_ses-20170618.nwb,38,324,0.03513499902538638,0.05520526559194271
sub-anm372904_ses-20170618.nwb,39,324,4.6984202125972764e-20,4.2102249873820904e-19
sub-anm372904_ses-20170618.nwb,40,324,2.3594221675454576e-16,1.5376461512355906e-15
sub-anm372904_ses-20170618.nwb,41,324,4.2994700593037604e-08,1.4504388700062982e-07
sub-anm372904_ses-20170618.nwb,43,324,0.0010768279025401791,0.002245675644024701
sub-anm372904_ses-20170618.nwb,44,324,0.15838842400654707,0.21051161336675492
sub-anm372904_ses-20170618.nwb,45,324,0.28997804503205826,0.3587969985455996
sub-anm372904_ses-20170618.nwb,46,324,0.08126499685416447,0.1169522602154663
sub-anm372904_ses-20170618.nwb,47,324,6.746941811224561e-07,1.999675001931414e-06
sub-anm372904_ses-20170618.nwb,48,324,0.0008052496212353939,0.0016947180101963245
sub-anm372904_ses-20170618.nwb,49,324,2.6233867072708827e-06,7.393180720490669e-06
sub-anm372904_ses-20170618.nwb,50,324,0.022991399643654074,0.03810857715501622
sub-anm372904_ses-20170618.nwb,51,324,0.00023399405132013617,0.0005252273519847283
sub-anm372904_ses-20170618.nwb,52,324,4.871352895124264e-18,3.7002925633824704e-17
sub-anm372904_ses-20170618.nwb,53,324,0.1486880904885581,0.19877067574635915
sub-anm372904_ses-20170618.nwb,54,324,1.6276518870562065e-07,5.200325109898243e-07
sub-anm372904_ses-20170618.nwb,55,324,0.10098903795766284,0.14074656930430046
sub-anm372904_ses-20170618.nwb,56,324,9.144225426971895e-20,7.945777700558154e-19
sub-anm372904_ses-20170618.nwb,57,324,0.7220971497934757,0.7733384041205571
sub-anm372904_ses-20170618.nwb,58,324,0.012775880177026263,0.022338314882696837
sub-anm372904_ses-20170618.nwb,59,324,4.335669742011003e-21,4.3622922755145797e-20
sub-anm372904_ses-20170618.nwb,60,324,7.875401012672513e-46,9.033084961535372e-43
sub-anm372904_ses-20170618.nwb,61,324,6.228081085322682e-08,2.0527612082945736e-07
sub-anm372904_ses-20170618.nwb,62,324,0.3390449886281677,0.4097835637054882
sub-anm372904_ses-20170618.nwb,63,324,3.3396150251371257e-06,9.297423383088065e-06
sub-anm372904_ses-20170618.nwb,64,324,0.19867124839184414,0.2569063381121141
sub-anm372904_ses-20170618.nwb,65,324,1.4937371695288122e-35,9.51842518583082e-34
sub-anm372904_ses-20170618.nwb,66,324,8.364577195065181e-05,0.00020283657595644318
sub-anm372904_ses-20170618.nwb,67,324,0.5552285223513231,0.6188990428930686
sub-anm372904_ses-20170618.nwb,68,324,0.46404630909502853,0.5311987190938101
sub-anm372904_ses-20170618.nwb,69,324,2.9431011515595085e-34,1.4065570920161484e-32
sub-anm372904_ses-20170618.nwb,1001,324,1.2642585291442287e-23,1.6293309358746407e-22
sub-anm372904_ses-20170619.nwb,1,239,0.2795707038697023,0.34855173623755276
sub-anm372904_ses-20170619.nwb,2,239,0.00799163032270749,0.014596178312333584
sub-anm372904_ses-20170619.nwb,3,239,0.005520651795783908,0.010380635425842858
sub-anm372904_ses-20170619.nwb,4,239,5.1363016498362464e-11,2.16593308542727e-10
sub-anm372904_ses-20170619.nwb,5,239,0.02788991695233235,0.04499259457710999
sub-anm372904_ses-20170619.nwb,6,239,5.842147008505572e-13,2.8759410380926573e-12
sub-anm372904_ses-20170619.nwb,7,239,0.00013959702713689184,0.0003247825357525658
sub-anm372904_ses-20170619.nwb,8,239,1.6403216032819446e-27,2.986426792006969e-26
sub-anm372904_ses-20170619.nwb,9,239,1.3053600769868976e-12,6.037290356064401e-12
sub-anm372904_ses-20170619.nwb,10,239,0.0187172579196692,0.03157161004979496
sub-anm372904_ses-20170619.nwb,11,239,0.30385441377360456,0.3739495843329661
sub-anm372904_ses-20170619.nwb,12,239,0.7323123357186923,0.7833977198147382
sub-anm372904_ses-20170619.nwb,13,239,0.01974692640940136,0.03306529137457425
sub-anm372904_ses-20170619.nwb,14,239,6.884547117942837e-13,3.3460065865595064e-12
sub-anm372904_ses-20170619.nwb,15,239,0.007816134864954919,0.014344170704165268
sub-anm372904_ses-20170619.nwb,16,239,0.00811872209062186,0.014804728518192806
sub-anm372904_ses-20170619.nwb,17,239,2.5717692767929242e-20,2.359855488385187e-19
sub-anm372904_ses-20170619.nwb,18,239,0.49403325743603577,0.5593841522992429
sub-anm372904_ses-20170619.nwb,19,239,6.854263626944685e-21,6.662576593309792e-20
sub-anm372904_ses-20170619.nwb,20,239,0.02707984770694852,0.04393293538878353
sub-anm372904_ses-20170619.nwb,21,239,1.194940207230667e-13,6.316112523933526e-13
sub-anm372904_ses-20170619.nwb,22,239,0.800365689414796,0.8391402612054579
sub-anm372904_ses-20170619.nwb,23,239,0.0926158316216454,0.1307957542873866
sub-anm372904_ses-20170619.nwb,24,239,0.14924376943031467,0.1992812613929813
sub-anm372904_ses-20170619.nwb,25,239,0.3405497785739482,0.41073669403188073
sub-anm372904_ses-20170619.nwb,26,239,1.1529329686954932e-06,3.3563810027759665e-06
sub-anm372904_ses-20170619.nwb,27,239,0.6434598852613493,0.7049173719147733
sub-anm372904_ses-20170619.nwb,28,239,0.13293852180457785,0.1796000995404603
sub-anm372904_ses-20170619.nwb,29,239,0.6680071429892042,0.7242005604996382
sub-anm372904_ses-20170619.nwb,30,239,0.015877076346150633,0.027302858424339996
sub-anm372904_ses-20170619.nwb,31,239,0.7955183961505203,0.8363516043855608
sub-anm372904_ses-20170619.nwb,32,239,0.10193570411479118,0.14183430489684443
sub-anm372904_ses-20170619.nwb,33,239,0.3656932002819039,0.43601881572073153
sub-anm372904_ses-20170619.nwb,34,239,0.70351197891804,0.7562588939259529
sub-anm372904_ses-20170619.nwb,35,239,0.08515816406231806,0.12189752335431718
sub-anm372904_ses-20170619.nwb,36,239,0.9548321204942081,0.9626003399147389
sub-anm372904_ses-20170619.nwb,37,239,0.9451643396838777,0.9551572666232667
sub-anm372904_ses-20170619.nwb,38,239,0.0012064639993268793,0.0025023765049329667
sub-anm372904_ses-20170619.nwb,39,239,1.674834091757965e-20,1.587631986154038e-19
sub-anm372904_ses-20170619.nwb,40,239,0.6106563196359326,0.674131663736684
sub-anm372904_ses-20170619.nwb,41,239,0.009845176062645584,0.017699713078141825
sub-anm372904_ses-20170619.nwb,42,239,0.4414897809439139,0.5120210098510305
sub-anm372904_ses-20170619.nwb,43,239,1.1332082562442938e-17,8.226518164001298e-17
sub-anm372904_ses-20170619.nwb,44,239,0.00025743949884849147,0.0005767248148031634
sub-anm372904_ses-20170619.nwb,45,239,5.152252129652263e-05,0.0001287501784904389
sub-anm372904_ses-20170619.nwb,46,239,0.891260636521047,0.9119321588667626
sub-anm372904_ses-20170619.nwb,47,239,6.895186271287632e-07,2.038345013702813e-06
sub-anm372904_ses-20170619.nwb,48,239,6.90669662658053e-17,4.579179786524779e-16
sub-anm372904_ses-20170619.nwb,49,239,1.29369045718733e-05,3.4190390654236576e-05
sub-anm372904_ses-20170619.nwb,50,239,1.5226097040140542e-08,5.39022632871642e-08
sub-anm372904_ses-20170619.nwb,51,239,0.00019918554494141296,0.000455111195314344
sub-anm372904_ses-20170619.nwb,52,239,0.4302726115206973,0.5015474445266664
sub-anm372904_ses-20170619.nwb,53,239,1.1718029947619605e-27,2.1678355403096268e-26
sub-anm372904_ses-20170619.nwb,54,239,0.019457791650472282,0.032721694169688544
sub-anm372904_ses-20170619.nwb,55,239,0.03569099884891709,0.05577326386881186
sub-anm372904_ses-20170619.nwb,56,239,0.8297855351172292,0.8621050804161793
sub-anm372904_ses-20170619.nwb,57,239,0.00010014332463828886,0.0002383078700417372
sub-anm372904_ses-20170619.nwb,58,239,4.7766217866560855e-05,0.00012014879801084496
sub-anm372904_ses-20170619.nwb,59,239,4.979510123497733e-13,2.4725100050441126e-12
sub-anm372904_ses-20170619.nwb,60,239,0.44648212391389097,0.5166116206578976
sub-anm372904_ses-20170619.nwb,61,239,7.352418986462171e-05,0.00018019710635624168
sub-anm372904_ses-20170619.nwb,62,239,0.0018572848273621847,0.003717810989501616
sub-anm372904_ses-20170619.nwb,63,239,0.025240448871102897,0.04145309821774149
sub-anm372904_ses-20170619.nwb,64,239,0.41881353854683545,0.49118520318325176
sub-anm372904_ses-20170619.nwb,65,239,0.12605647716567095,0.17070458005788028
sub-anm372904_ses-20170619.nwb,1001,239,2.192056939633355e-13,1.1125173936988752e-12
sub-anm372905_ses-20170715.nwb,1001,206,0.3769088267621108,0.44799422206853995
sub-anm372905_ses-20170716.nwb,1001,267,2.8575047205567236e-12,1.2903771316844731e-11
sub-anm372905_ses-20170716.nwb,1002,267,0.6955755155414713,0.7491315646254156
sub-anm372905_ses-20170717.nwb,1001,281,0.5847064595162164,0.6473535801786682
sub-anm372906_ses-20170608.nwb,1,295,9.571814064789948e-05,0.00022920398188547118
sub-anm372906_ses-20170608.nwb,2,295,5.866101512518016e-06,1.5981991531729607e-05
sub-anm372906_ses-20170608.nwb,3,295,0.01690773451290174,0.028839553010147904
sub-anm372906_ses-20170608.nwb,4,295,0.6606395160672827,0.7196139837883886
sub-anm372906_ses-20170608.nwb,5,295,3.8469929266226655e-24,5.31626612871831e-23
sub-anm372906_ses-20170608.nwb,6,295,8.748291492050085e-27,1.4756309325560951e-25
sub-anm372906_ses-20170608.nwb,7,295,0.0005951539718627297,0.001268590984094149
sub-anm372906_ses-20170608.nwb,8,295,4.1033706786491967e-14,2.2737034630003038e-13
sub-anm372906_ses-20170608.nwb,9,295,5.85581282368817e-15,3.444419132702734e-14
sub-anm372906_ses-20170608.nwb,10,295,1.6978043070405333e-20,1.596214377193026e-19
sub-anm372906_ses-20170608.nwb,11,295,8.798895578374139e-12,3.8520355833569224e-11
sub-anm372906_ses-20170608.nwb,12,295,0.009471935032390494,0.01705543089819764
sub-anm372906_ses-20170608.nwb,13,295,1.7956938081314586e-28,3.8861524489184585e-27
sub-anm372906_ses-20170608.nwb,14,295,6.152712492248167e-05,0.0001524224887388477
sub-anm372906_ses-20170608.nwb,15,295,0.4029027059448844,0.4749531384571248
sub-anm372906_ses-20170608.nwb,16,295,2.9037122257343443e-07,9.025902230128165e-07
sub-anm372906_ses-20170608.nwb,17,295,0.004913971143293561,0.009316239506376387
sub-anm372906_ses-20170608.nwb,18,295,7.354284736919243e-06,1.9894727814260312e-05
sub-anm372906_ses-20170608.nwb,19,295,1.3881116670765474e-06,4.0206163690323224e-06
sub-anm372906_ses-20170608.nwb,20,295,9.959230023781026e-14,5.28853557281335e-13
sub-anm372906_ses-20170608.nwb,21,295,1.775363712584411e-05,4.607109000756378e-05
sub-anm372906_ses-20170608.nwb,22,295,4.70792903903614e-17,3.214282504627651e-16
sub-anm372906_ses-20170608.nwb,23,295,0.0024447854461957345,0.004801659086963198
sub-anm372906_ses-20170608.nwb,24,295,0.4896277978920355,0.5554926648686099
sub-anm372906_ses-20170608.nwb,25,295,0.0020249772756726872,0.004018423763315869
sub-anm372906_ses-20170608.nwb,26,295,0.21750609432881807,0.2775077755229748
sub-anm372906_ses-20170608.nwb,27,295,0.031303247604962385,0.049455681822165094
sub-anm372906_ses-20170608.nwb,28,295,8.570740943794287e-14,4.615323879123027e-13
sub-anm372906_ses-20170608.nwb,29,295,0.028152435823036368,0.04501140376380565
sub-anm372906_ses-20170608.nwb,30,295,0.22234602311535157,0.2833676539036758
sub-anm372906_ses-20170608.nwb,31,295,0.0010017541343340676,0.002092918018362797
sub-anm372906_ses-20170608.nwb,32,295,0.0045208539934585784,0.0086279859076489
sub-anm372906_ses-20170608.nwb,33,295,3.79999861736846e-08,1.2857222460535763e-07
sub-anm372906_ses-20170608.nwb,34,295,1.4529110558961466e-28,3.204786502140154e-27
sub-anm372906_ses-20170608.nwb,35,295,1.547988196550824e-06,4.4167722921487446e-06
sub-anm372906_ses-20170608.nwb,36,295,0.5449176078085101,0.6086645776981353
sub-anm372906_ses-20170608.nwb,37,295,0.001725168450040387,0.0034837468524583164
sub-anm372906_ses-20170608.nwb,38,295,3.5035887002399e-11,1.4939093825929982e-10
sub-anm372906_ses-20170608.nwb,39,295,6.738582663552615e-19,5.44306641908088e-18
sub-anm372906_ses-20170608.nwb,40,295,1.775580712757196e-10,7.196434902941709e-10
sub-anm372906_ses-20170608.nwb,41,295,7.2152572695016e-08,2.357806292911207e-07
sub-anm372906_ses-20170608.nwb,42,295,3.796646116582824e-06,1.0518727284349034e-05
sub-anm372906_ses-20170608.nwb,43,295,0.012669722013361811,0.022186520838665645
sub-anm372906_ses-20170608.nwb,44,295,0.05502269792449051,0.08271433095595099
sub-anm372906_ses-20170608.nwb,45,295,0.0005514537668528819,0.0011844896452813775
sub-anm372906_ses-20170608.nwb,46,295,0.04654122522009946,0.07079945003641125
sub-anm372906_ses-20170608.nwb,47,295,2.3851111939143518e-17,1.6887176169257789e-16
sub-anm372906_ses-20170608.nwb,48,295,0.6672155390464005,0.7240267013114677
sub-anm372906_ses-20170608.nwb,49,295,2.489026076401317e-12,1.13290194826679e-11
sub-anm372906_ses-20170608.nwb,50,295,8.649146237274665e-06,2.3233186731039908e-05
sub-anm372906_ses-20170608.nwb,51,295,5.028468211490022e-06,1.3732507234712037e-05
sub-anm372906_ses-20170608.nwb,52,295,0.04064326666566986,0.06274270103031403
sub-anm372906_ses-20170608.nwb,53,295,2.9221557798880715e-07,9.058682917653021e-07
sub-anm372906_ses-20170608.nwb,1001,295,0.21740709309456685,0.2775077755229748
sub-anm372906_ses-20170608.nwb,1002,295,0.9112168975057282,0.9282111735693341
sub-anm372906_ses-20170608.nwb,1003,295,5.09689751298324e-22,5.515227780558279e-21
sub-anm372906_ses-20170608.nwb,1004,295,2.3725608639819016e-18,1.8263941684478128e-17
sub-anm372906_ses-20170610.nwb,1001,298,0.02759685367436565,0.04458252276689775
sub-anm372906_ses-20170611.nwb,1001,200,0.11695104758061754,0.1593145505640954
sub-anm372906_ses-20170612.nwb,1001,285,6.9299537940672875e-12,3.057175769921223e-11
sub-anm372907_ses-20170608.nwb,1001,309,0.6545175635124147,0.7159854190544109
sub-anm372907_ses-20170608.nwb,1002,309,0.00010951171225859954,0.00025898955455796633
sub-anm372907_ses-20170610.nwb,1001,298,5.588119003096431e-12,2.474738415656991e-11
sub-anm372907_ses-20170612.nwb,1001,302,0.014403941244767147,0.024956677655208336
sub-anm372907_ses-20170613.nwb,1001,129,0.6348202200593128,0.696117392359495
sub-anm372909_ses-20170520.nwb,1001,225,0.19530375561653068,0.253408832230951
sub-anm372909_ses-20170522.nwb,1,253,1.0873084088749177e-06,3.173391208599314e-06
sub-anm372909_ses-20170522.nwb,2,253,0.013883761710496878,0.02412829497263624
sub-anm372909_ses-20170522.nwb,3,253,0.8795818192217943,0.903794659812326
sub-anm372909_ses-20170522.nwb,4,253,0.10924464340164142,0.15024413187252122
sub-anm372909_ses-20170522.nwb,5,253,0.5430449817836218,0.6082740176814592
sub-anm372909_ses-20170522.nwb,6,253,0.09522157077828898,0.13417584973304356
sub-anm372909_ses-20170522.nwb,7,253,2.777218178391757e-06,7.788433375587641e-06
sub-anm372909_ses-20170522.nwb,8,253,1.0144630266790105e-17,7.458904433338623e-17
sub-anm372909_ses-20170522.nwb,9,253,8.987738034177415e-28,1.6899894303609007e-26
sub-anm372909_ses-20170522.nwb,10,253,3.883507091803735e-17,2.6833630327101713e-16
sub-anm372909_ses-20170522.nwb,11,253,0.9554337300195603,0.9626003399147389
sub-anm372909_ses-20170522.nwb,12,253,4.9379772620771234e-33,2.022807114143736e-31
sub-anm372909_ses-20170522.nwb,13,253,0.8720400015344949,0.898679139047678
sub-anm372909_ses-20170522.nwb,14,253,0.025632042628724896,0.041940018395360136
sub-anm372909_ses-20170522.nwb,15,253,0.0008624979155285178,0.0018085650989236013
sub-anm372909_ses-20170522.nwb,16,253,3.7670298538681267e-10,1.489925255995428e-09
sub-anm372909_ses-20170522.nwb,17,253,5.740136780817103e-18,4.3315374260508014e-17
sub-anm372909_ses-20170522.nwb,18,253,1.2556600738919862e-09,4.737638502480619e-09
sub-anm372909_ses-20170522.nwb,19,253,2.9725660939655386e-24,4.2619166372230915e-23
sub-anm372909_ses-20170522.nwb,20,253,6.669975945399573e-28,1.296688543961578e-26
sub-anm372909_ses-20170522.nwb,21,253,0.05166019123974364,0.07796610441050783
sub-anm372909_ses-20170522.nwb,22,253,0.004225306097038486,0.008104391460373148
sub-anm372909_ses-20170522.nwb,23,253,3.742626472413682e-24,5.23511288275426e-23
sub-anm372909_ses-20170522.nwb,24,253,0.44364783898899696,0.5140041124448278
sub-anm372909_ses-20170522.nwb,25,253,0.024768927653686466,0.04087764031478903
sub-anm372909_ses-20170522.nwb,26,253,0.6736731376658451,0.7296535305974734
sub-anm372909_ses-20170522.nwb,27,253,0.6625052424803561,0.7209615874050934
sub-anm372909_ses-20170522.nwb,28,253,0.008350185520735685,0.0151785464220029
sub-anm372909_ses-20170522.nwb,29,253,0.011841775000370645,0.020993069436514883
sub-anm372909_ses-20170522.nwb,30,253,0.6592448014097564,0.7196139837883886
sub-anm372909_ses-20170522.nwb,31,253,0.06397274323150975,0.09443595429413346
sub-anm372909_ses-20170522.nwb,32,253,1.2941497212644046e-11,5.6014706803406496e-11
sub-anm372909_ses-20170522.nwb,33,253,0.39455143668700154,0.4665469050309183
sub-anm372909_ses-20170522.nwb,34,253,0.287845804345794,0.356674087233945
sub-anm372909_ses-20170522.nwb,35,253,0.0005072184584228161,0.0011060448133288405
sub-anm372909_ses-20170522.nwb,36,253,0.8002367297573281,0.8391402612054579
sub-anm372909_ses-20170522.nwb,37,253,0.8583401541344543,0.8869514926056028
sub-anm372909_ses-20170522.nwb,38,253,0.02824661527359344,0.045061012126302744
sub-anm372909_ses-20170522.nwb,39,253,0.038805681014090966,0.06023019773093685
sub-anm372909_ses-20170522.nwb,40,253,7.306244163962434e-13,3.5359755510822413e-12
sub-anm372909_ses-20170522.nwb,41,253,1.2121868746986625e-18,9.458356090335821e-18
sub-anm372909_ses-20170522.nwb,42,253,0.013740730555939723,0.02391596046686322
sub-anm372909_ses-20170522.nwb,43,253,3.425950878550139e-08,1.1625933898511862e-07
sub-anm372909_ses-20170522.nwb,44,253,0.0005961382218193081,0.001268590984094149
sub-anm372909_ses-20170522.nwb,45,253,0.4677630651812609,0.5337537757449481
sub-anm372909_ses-20170522.nwb,46,253,2.895628260864519e-29,7.066565138748092e-28
sub-anm372909_ses-20170522.nwb,47,253,1.980640258674071e-09,7.352085361485954e-09
sub-anm372909_ses-20170522.nwb,48,253,0.011982349210455696,0.021176817479803826
sub-anm372909_ses-20170522.nwb,49,253,0.2629979543158878,0.33076606754421417
sub-anm372909_ses-20170522.nwb,50,253,0.4173006940245778,0.4899118690339721
sub-anm372909_ses-20170522.nwb,51,253,9.403744095064192e-26,1.4575803347349498e-24
sub-anm372909_ses-20170522.nwb,52,253,0.47151042554970934,0.5359984718587876
sub-anm372909_ses-20170522.nwb,1001,253,1.9175710026724896e-32,7.095012709888211e-31
