subject,csp_lda_accuracy,bandpower_logreg_accuracy,chance,n_epochs
1,0.9333333333333333,0.7333333333333334,0.5333333333333333,45
2,0.5111111111111111,0.8444444444444443,0.5333333333333333,45
3,0.5222222222222223,0.47777777777777775,0.5333333333333333,45
4,0.7222222222222221,0.7888888888888889,0.5111111111111111,45
5,0.4333333333333333,0.6555555555555556,0.5111111111111111,45
6,0.5444444444444445,0.5,0.5111111111111111,45
7,0.9,0.7777777777777777,0.5111111111111111,45
8,0.9222222222222222,0.7111111111111111,0.5111111111111111,45
9,0.32222222222222224,0.45555555555555555,0.5111111111111111,45
10,0.6777777777777778,0.5666666666666668,0.5111111111111111,45
11,0.47777777777777775,0.6111111111111112,0.5111111111111111,45
12,0.7444444444444445,0.7000000000000001,0.5111111111111111,45
13,0.6666666666666667,0.5111111111111111,0.5111111111111111,45
14,0.4666666666666667,0.5444444444444445,0.5333333333333333,45
15,0.9666666666666666,0.7222222222222222,0.5111111111111111,45
16,0.5444444444444445,0.6777777777777778,0.5333333333333333,45
17,0.5666666666666667,0.5222222222222223,0.5333333333333333,45
18,0.44444444444444436,0.5222222222222223,0.5111111111111111,45
19,0.6888888888888889,0.5444444444444444,0.5111111111111111,45
20,0.5111111111111111,0.6444444444444445,0.5111111111111111,45
