dataset,method,interaction,status
MERFISH,neurostias_neuro,PDGFB_PDGFRB,not_tested
MERFISH,neurostias_neuro,CX3CL1_CX3CR1,not_tested
MERFISH,neurostias_neuro,IL34_CSF1R,not_tested
MERFISH,neurostias_neuro,CSF1_CSF1R,not_tested
MERFISH,neurostias_neuro,GABA_A,not_tested
MERFISH,neurostias_neuro,GLU_AMPA,not_tested
MERFISH,neurostias_neuro,GLU_NMDA_2B,not_tested
MERFISH,neurostias_neuro,VEGFA_R,not_tested
MERFISH,neurostias_neuro,PTN_PTPRZ1,not_tested
MERFISH,neurostias_generic_v441,PDGFB_PDGFRB,not_tested
MERFISH,neurostias_generic_v441,CX3CL1_CX3CR1,not_in_database
MERFISH,neurostias_generic_v441,IL34_CSF1R,not_in_database
MERFISH,neurostias_generic_v441,CSF1_CSF1R,not_tested
MERFISH,neurostias_generic_v441,GABA_A,not_in_database
MERFISH,neurostias_generic_v441,GLU_AMPA,not_in_database
MERFISH,neurostias_generic_v441,GLU_NMDA_2B,not_in_database
MERFISH,neurostias_generic_v441,VEGFA_R,not_tested
MERFISH,neurostias_generic_v441,PTN_PTPRZ1,not_in_database
MERFISH,liana,PDGFB_PDGFRB,not_tested
MERFISH,liana,CX3CL1_CX3CR1,not_tested
MERFISH,liana,IL34_CSF1R,not_tested
MERFISH,liana,CSF1_CSF1R,not_tested
MERFISH,liana,GABA_A,not_in_database
MERFISH,liana,GLU_AMPA,not_in_database
MERFISH,liana,GLU_NMDA_2B,not_in_database
MERFISH,liana,VEGFA_R,not_tested
MERFISH,liana,PTN_PTPRZ1,not_tested
DLPFC,neurostias_neuro,PDGFB_PDGFRB,not_significant
DLPFC,neurostias_neuro,CX3CL1_CX3CR1,recovered
DLPFC,neurostias_neuro,IL34_CSF1R,not_significant
DLPFC,neurostias_neuro,CSF1_CSF1R,recovered
DLPFC,neurostias_neuro,GABA_A,not_significant
DLPFC,neurostias_neuro,GLU_AMPA,recovered
DLPFC,neurostias_neuro,GLU_NMDA_2B,recovered
DLPFC,neurostias_neuro,VEGFA_R,not_significant
DLPFC,neurostias_neuro,PTN_PTPRZ1,not_significant
DLPFC,neurostias_generic_v441,PDGFB_PDGFRB,not_significant
DLPFC,neurostias_generic_v441,CX3CL1_CX3CR1,not_in_database
DLPFC,neurostias_generic_v441,IL34_CSF1R,not_in_database
DLPFC,neurostias_generic_v441,CSF1_CSF1R,recovered
DLPFC,neurostias_generic_v441,GABA_A,not_in_database
DLPFC,neurostias_generic_v441,GLU_AMPA,not_in_database
DLPFC,neurostias_generic_v441,GLU_NMDA_2B,not_in_database
DLPFC,neurostias_generic_v441,VEGFA_R,not_significant
DLPFC,neurostias_generic_v441,PTN_PTPRZ1,not_in_database
DLPFC,liana,PDGFB_PDGFRB,not_tested
DLPFC,liana,CX3CL1_CX3CR1,not_significant
DLPFC,liana,IL34_CSF1R,not_tested
DLPFC,liana,CSF1_CSF1R,not_tested
DLPFC,liana,GABA_A,not_in_database
DLPFC,liana,GLU_AMPA,not_in_database
DLPFC,liana,GLU_NMDA_2B,not_in_database
DLPFC,liana,VEGFA_R,not_tested
DLPFC,liana,PTN_PTPRZ1,not_significant
