discovery_donor,validation_donor,method,n_discoveries,replication_rate
Br5292,Br5595,neurostias_replicate_filtered,36,0.19444444444444445
Br5292,Br5595,neurostias_pooled,235,0.0851063829787234
Br5292,Br5595,liana,1292,0.6424148606811145
Br5292,Br8100,neurostias_replicate_filtered,36,0.7222222222222222
Br5292,Br8100,neurostias_pooled,235,0.3191489361702128
Br5292,Br8100,liana,1292,0.8196594427244582
Br5595,Br5292,neurostias_replicate_filtered,15,0.6666666666666666
Br5595,Br5292,neurostias_pooled,109,0.1834862385321101
Br5595,Br5292,liana,2107,0.3939250118652112
Br5595,Br8100,neurostias_replicate_filtered,15,0.6666666666666666
Br5595,Br8100,neurostias_pooled,109,0.21100917431192662
Br5595,Br8100,liana,2107,0.738016136687233
Br8100,Br5292,neurostias_replicate_filtered,85,0.4588235294117647
Br8100,Br5292,neurostias_pooled,331,0.22658610271903323
Br8100,Br5292,liana,3711,0.2853678253839935
Br8100,Br5595,neurostias_replicate_filtered,85,0.08235294117647059
Br8100,Br5595,neurostias_pooled,331,0.06948640483383686
Br8100,Br5595,liana,3711,0.4190245216922662
