interaction,category,ligand,receptor,sender,receiver,mean_score,n_edges,pval,pval_empirical,n_replicates_tested,n_replicates_supporting,padj,replicate_fraction,significant
CCK_R,neuropeptide,Cholecystokinin,CCK receptor,Astrocyte,Ependymal,0.08832913669393747,1440,0.0,0.004975124378109453,9,9,0.0,1.0,True
CCK_R,neuropeptide,Cholecystokinin,CCK receptor,Ependymal,Ependymal,0.04418821575012786,16178,0.0,0.004975124378109453,9,9,0.0,1.0,True
PENK_OPR,neuropeptide,Enkephalin,Delta/mu opioid receptor,Inhibitory neuron,Inhibitory neuron,0.03402024185658301,141404,3.392568899232539e-233,0.004975124378109453,12,12,7.214863192367867e-231,1.0,True
CRH_R,neuropeptide,CRH,CRH receptor,Inhibitory neuron,Inhibitory neuron,0.019869843485141068,141404,5.769966262454443e-215,0.004975124378109453,12,12,9.203096188614837e-213,1.0,True
CRH_R,neuropeptide,CRH,CRH receptor,Astrocyte,Inhibitory neuron,0.014916531998846674,34680,1.2414598021310116e-214,0.004975124378109453,12,11,1.584102707519171e-212,0.9166666666666666,True
TAC1_NK1,neuropeptide,Substance P,NK1 receptor,Inhibitory neuron,Excitatory neuron,0.01635575294283226,43364,1.8044175320167015e-167,0.004975124378109453,12,12,1.9186973090444258e-165,1.0,True
CRH_R,neuropeptide,CRH,CRH receptor,Oligodendrocyte,Inhibitory neuron,0.012866611813529154,13550,2.3441625349013922e-141,0.004975124378109453,12,10,2.1365367103815548e-139,0.8333333333333334,True
CRH_R,neuropeptide,CRH,CRH receptor,Endothelial,Inhibitory neuron,0.01307475218207264,22914,2.447462095555566e-134,0.004975124378109453,12,10,1.951851021205564e-132,0.8333333333333334,True
CCK_R,neuropeptide,Cholecystokinin,CCK receptor,Astrocyte,Inhibitory neuron,0.01983141914738191,34680,7.533857031676233e-134,0.004975124378109453,12,12,5.340667540232707e-132,1.0,True
NTS_R,neuropeptide,Neurotensin,Neurotensin receptor,Inhibitory neuron,Excitatory neuron,0.01907268951883096,43364,4.6054525257159375e-128,0.004975124378109453,12,10,2.9382787114067684e-126,0.8333333333333334,True
CCK_R,neuropeptide,Cholecystokinin,CCK receptor,Oligodendrocyte,Inhibitory neuron,0.017706410015349637,13550,3.255914577023224e-118,0.004975124378109453,12,11,1.88843045467347e-116,0.9166666666666666,True
CCK_R,neuropeptide,Cholecystokinin,CCK receptor,Inhibitory neuron,Ependymal,0.02713101568923921,2594,5.698159306189233e-111,0.004975124378109453,9,8,3.0295213644572754e-109,0.8888888888888888,True
TAC1_NK1,neuropeptide,Substance P,NK1 receptor,Astrocyte,Excitatory neuron,0.008890827406351621,17488,7.067992218288756e-106,0.004975124378109453,12,12,3.468753104052482e-104,1.0,True
CRH_R,neuropeptide,CRH,CRH receptor,Excitatory neuron,Inhibitory neuron,0.01050155812282537,43364,1.8497345875425788e-97,0.004975124378109453,12,11,8.429504763229751e-96,0.9166666666666666,True
CCK_R,neuropeptide,Cholecystokinin,CCK receptor,OPC,Ependymal,0.06170182279809784,321,3.5730579721771666e-87,0.004975124378109453,6,6,1.519740657499355e-85,1.0,True
CCK_R,neuropeptide,Cholecystokinin,CCK receptor,Endothelial,Inhibitory neuron,0.01782910949437147,22914,5.357592572630933e-79,0.004975124378109453,12,11,2.1363400383365846e-77,0.9166666666666666,True
TAC1_NK1,neuropeptide,Substance P,NK1 receptor,Excitatory neuron,Inhibitory neuron,0.019457506445549614,43364,1.918547423602301e-74,0.004975124378109453,12,12,7.200195625048636e-73,1.0,True
NTS_R,neuropeptide,Neurotensin,Neurotensin receptor,Excitatory neuron,Excitatory neuron,0.004338209782131579,43458,4.244282235489147e-68,0.004975124378109453,12,9,1.5043622590233751e-66,0.75,True
GAL_R,neuropeptide,Galanin,Galanin receptor,Astrocyte,Excitatory neuron,0.012212269724433834,17488,3.128804877849707e-67,0.004975124378109453,12,11,1.0506197431937437e-65,0.9166666666666666,True
CCK_R,neuropeptide,Cholecystokinin,CCK receptor,Excitatory neuron,Ependymal,0.014780506995842135,1292,1.339705253468197e-65,0.004975124378109453,8,8,4.2736597585635484e-64,1.0,True
TAC1_NK1,neuropeptide,Substance P,NK1 receptor,Astrocyte,Inhibitory neuron,0.006506177181143749,34680,1.3798212039648318e-64,0.004975124378109453,12,10,4.192028229188394e-63,0.8333333333333334,True
CCK_R,neuropeptide,Cholecystokinin,CCK receptor,Endothelial,Ependymal,0.048829948297367455,780,1.6461526958046539e-52,0.004975124378109453,9,7,4.773842817833496e-51,0.7777777777777778,True
CCK_R,neuropeptide,Cholecystokinin,CCK receptor,Microglia,Ependymal,0.09517076060305847,172,2.9004883598082064e-52,0.004975124378109453,6,6,8.045702493728851e-51,1.0,True
CRH_R,neuropeptide,CRH,CRH receptor,Microglia,Inhibitory neuron,0.01455555847370145,5978,5.09199739434142e-52,0.004975124378109453,12,11,1.3536226406624273e-50,0.9166666666666666,True
CRH_R,neuropeptide,CRH,CRH receptor,OPC,Inhibitory neuron,0.014949529074677824,11526,1.4122868653356547e-51,0.004975124378109453,12,11,3.6041560803365905e-50,0.9166666666666666,True
TAC1_NK1,neuropeptide,Substance P,NK1 receptor,Oligodendrocyte,Inhibitory neuron,0.0054581746979451675,13550,7.75980921161251e-51,0.004975124378109453,12,10,1.9041377988495317e-49,0.8333333333333334,True
GAL_R,neuropeptide,Galanin,Galanin receptor,Inhibitory neuron,Excitatory neuron,0.03154109170199429,43364,8.557054913805259e-51,0.004975124378109453,12,10,2.0220003833362056e-49,0.8333333333333334,True
NTS_R,neuropeptide,Neurotensin,Neurotensin receptor,Oligodendrocyte,Excitatory neuron,0.0042772883466725,7734,2.7119568198373647e-50,0.004975124378109453,12,7,6.179387325200852e-49,0.5833333333333334,True
TAC1_NK1,neuropeptide,Substance P,NK1 receptor,Inhibitory neuron,Inhibitory neuron,0.01595727877976054,141404,6.185676468397022e-50,0.004975124378109453,12,11,1.3608488230473447e-48,0.9166666666666666,True
GAL_R,neuropeptide,Galanin,Galanin receptor,Excitatory neuron,Excitatory neuron,0.00411919998167938,43458,1.4531384040121506e-41,0.004975124378109453,12,11,3.09034100586584e-40,0.9166666666666666,True
PENK_OPR,neuropeptide,Enkephalin,Delta/mu opioid receptor,Excitatory neuron,Inhibitory neuron,0.010743844634077241,43364,2.421477223525924e-41,0.004975124378109453,12,11,4.9835563503533534e-40,0.9166666666666666,True
GAL_R,neuropeptide,Galanin,Galanin receptor,Endothelial,Excitatory neuron,0.010915129279206787,10606,4.054089552445271e-39,0.004975124378109453,12,12,8.08284104518776e-38,1.0,True
TRH_R,neuropeptide,TRH,TRH receptor,Astrocyte,Inhibitory neuron,0.00759642963219479,34680,1.778240208870537e-36,0.004975124378109453,12,11,3.437931070483038e-35,0.9166666666666666,True
CCK_R,neuropeptide,Cholecystokinin,CCK receptor,Inhibitory neuron,Excitatory neuron,0.008177970312647545,43364,1.1199045891373187e-35,0.004975124378109453,12,12,2.10146802314591e-34,1.0,True
CCK_R,neuropeptide,Cholecystokinin,CCK receptor,Microglia,Inhibitory neuron,0.021028207330235596,5978,5.89109037902301e-35,0.004975124378109453,12,10,1.0738616176619086e-33,0.8333333333333334,True
CCK_R,neuropeptide,Cholecystokinin,CCK receptor,Oligodendrocyte,Ependymal,0.08037457281135306,175,2.4658086600445116e-33,0.004975124378109453,3,3,4.3699609030788845e-32,1.0,True
PENK_OPR,neuropeptide,Enkephalin,Delta/mu opioid receptor,OPC,Inhibitory neuron,0.013114135791697597,11526,6.438807405006931e-33,0.004975124378109453,12,12,1.1102592228093033e-31,1.0,True
CRH_R,neuropeptide,CRH,CRH receptor,Astrocyte,Excitatory neuron,0.010060444147630807,17488,9.548664145980746e-31,0.004975124378109453,12,8,1.603170453983083e-29,0.6666666666666666,True
CRH_R,neuropeptide,CRH,CRH receptor,Inhibitory neuron,Excitatory neuron,0.013959620429771395,43364,1.5632625350420147e-30,0.004975124378109453,12,9,2.5573371727097573e-29,0.75,True
CCK_R,neuropeptide,Cholecystokinin,CCK receptor,Inhibitory neuron,Inhibitory neuron,0.006777134815231487,141404,1.866898395109576e-30,0.004975124378109453,12,9,2.9777029401997744e-29,0.75,True
CCK_R,neuropeptide,Cholecystokinin,CCK receptor,Astrocyte,Excitatory neuron,0.020059599373256767,17488,2.5249003596201987e-30,0.004975124378109453,12,11,3.928991291311431e-29,0.9166666666666666,True
TRH_R,neuropeptide,TRH,TRH receptor,Astrocyte,Excitatory neuron,0.009310029864110525,17488,8.80741327702295e-30,0.004975124378109453,12,10,1.33788801684301e-28,0.8333333333333334,True
PENK_OPR,neuropeptide,Enkephalin,Delta/mu opioid receptor,Astrocyte,Inhibitory neuron,0.004622303373935551,34680,1.3799349342708445e-29,0.004975124378109453,12,12,2.047438344336741e-28,1.0,True
CCK_R,neuropeptide,Cholecystokinin,CCK receptor,OPC,Inhibitory neuron,0.008961262955600766,11526,2.054273484233165e-29,0.004975124378109453,12,9,2.9786965521380894e-28,0.75,True
TRH_R,neuropeptide,TRH,TRH receptor,Inhibitory neuron,Inhibitory neuron,0.002400949515077093,141404,1.8979666378505239e-28,0.004975124378109453,12,12,2.6908949221080764e-27,1.0,True
GAL_R,neuropeptide,Galanin,Galanin receptor,Oligodendrocyte,Excitatory neuron,0.006350185769407126,7734,2.8114289694231128e-28,0.004975124378109453,12,7,3.8993297445477085e-27,0.5833333333333334,True
PENK_OPR,neuropeptide,Enkephalin,Delta/mu opioid receptor,Endothelial,Inhibitory neuron,0.005347669209335684,22914,1.0576259523532177e-25,0.004975124378109453,12,11,1.4057611616694851e-24,0.9166666666666666,True
TAC1_NK1,neuropeptide,Substance P,NK1 receptor,Excitatory neuron,Excitatory neuron,0.022990769108231297,43458,1.464010034735487e-25,0.004975124378109453,12,10,1.906200820737226e-24,0.8333333333333334,True
PENK_OPR,neuropeptide,Enkephalin,Delta/mu opioid receptor,Oligodendrocyte,Inhibitory neuron,0.005376586592772455,13550,7.232313416928112e-24,0.004975124378109453,12,6,9.22843192000027e-23,0.5,True
TRH_R,neuropeptide,TRH,TRH receptor,Excitatory neuron,Inhibitory neuron,0.029890820832333412,43364,1.93165452172416e-23,0.004975124378109453,12,9,2.4164619310980667e-22,0.75,True
GAL_R,neuropeptide,Galanin,Galanin receptor,Astrocyte,Inhibitory neuron,0.009424281885376468,34680,7.924406417917205e-23,0.004975124378109453,12,11,9.722637105059956e-22,0.9166666666666666,True
TAC1_NK1,neuropeptide,Substance P,NK1 receptor,OPC,Excitatory neuron,0.011638713023930061,4828,1.2382550481287652e-22,0.004975124378109453,12,11,1.4905787183134947e-21,0.9166666666666666,True
OXT_R,neuropeptide,Oxytocin,Oxytocin receptor,Inhibitory neuron,Inhibitory neuron,0.00643739665487702,141404,6.144562156777562e-22,0.004975124378109453,12,8,7.259686400044601e-21,0.6666666666666666,True
GAL_R,neuropeptide,Galanin,Galanin receptor,OPC,Excitatory neuron,0.009472280528743516,4828,6.977273285296195e-22,0.004975124378109453,12,8,8.093637010943584e-21,0.6666666666666666,True
TRH_R,neuropeptide,TRH,TRH receptor,Excitatory neuron,Excitatory neuron,0.019718642374027786,43458,2.5741929473623185e-21,0.004975124378109453,12,10,2.9327412507449274e-20,0.8333333333333334,True
CRH_R,neuropeptide,CRH,CRH receptor,Endothelial,Excitatory neuron,0.009276652108834707,10606,6.231370607157476e-21,0.004975124378109453,12,8,6.974762188362228e-20,0.6666666666666666,True
TAC1_NK1,neuropeptide,Substance P,NK1 receptor,OPC,Inhibitory neuron,0.009348324095896038,11526,6.12894551423819e-20,0.004975124378109453,12,11,6.741840065662008e-19,0.9166666666666666,True
TAC1_NK1,neuropeptide,Substance P,NK1 receptor,Microglia,Inhibitory neuron,0.00715534883618632,5978,1.9331062554029577e-19,0.004975124378109453,12,9,2.0903759168594696e-18,0.75,True
GAL_R,neuropeptide,Galanin,Galanin receptor,Microglia,Excitatory neuron,0.014765606050673931,2702,3.7059311366965694e-19,0.004975124378109453,12,10,3.940640108687352e-18,0.8333333333333334,True
CCK_R,neuropeptide,Cholecystokinin,CCK receptor,Endothelial,Excitatory neuron,0.018091507933064174,10606,1.0282126182827452e-18,0.004975124378109453,12,9,1.0754092630563794e-17,0.75,True
NTS_R,neuropeptide,Neurotensin,Neurotensin receptor,Inhibitory neuron,Inhibitory neuron,0.010122903670775901,141404,4.328378512353073e-18,0.004975124378109453,12,8,4.454041114324614e-17,0.6666666666666666,True
NTS_R,neuropeptide,Neurotensin,Neurotensin receptor,OPC,Excitatory neuron,0.005207949192746702,4828,2.076655910768774e-17,0.004975124378109453,12,7,2.103026144556314e-16,0.5833333333333334,True
CCK_R,neuropeptide,Cholecystokinin,CCK receptor,Oligodendrocyte,Excitatory neuron,0.018955452110684914,7734,1.3647395632311173e-16,0.004975124378109453,12,7,1.3604747520960201e-15,0.5833333333333334,True
TRH_R,neuropeptide,TRH,TRH receptor,Endothelial,Inhibitory neuron,0.007196521002309562,22914,1.511441435167344e-15,0.004975124378109453,12,9,1.483537900979639e-14,0.75,True
GAL_R,neuropeptide,Galanin,Galanin receptor,Inhibitory neuron,Inhibitory neuron,0.019386271790877548,141404,1.164874482688449e-14,0.004975124378109453,12,7,1.0929263528753389e-13,0.5833333333333334,True
NTS_R,neuropeptide,Neurotensin,Neurotensin receptor,Astrocyte,Excitatory neuron,0.003320831798170013,17488,4.856867806764641e-14,0.004975124378109453,12,6,4.4908429865446977e-13,0.5,True
CCK_R,neuropeptide,Cholecystokinin,CCK receptor,OPC,Excitatory neuron,0.009698693779799218,4828,6.18696022480427e-14,0.004975124378109453,12,8,5.638972319178748e-13,0.6666666666666666,True
NTS_R,neuropeptide,Neurotensin,Neurotensin receptor,Astrocyte,Inhibitory neuron,0.002920358537899838,34680,1.7858264996771938e-13,0.004975124378109453,12,7,1.6047286011183799e-12,0.5833333333333334,True
TRH_R,neuropeptide,TRH,TRH receptor,Microglia,Excitatory neuron,0.01288648243156608,2702,2.8554879622546515e-13,0.004975124378109453,12,8,2.5302796109978717e-12,0.6666666666666666,True
NTS_R,neuropeptide,Neurotensin,Neurotensin receptor,Endothelial,Excitatory neuron,0.003258529735769391,10606,4.0176627873388347e-13,0.004975124378109453,12,6,3.5113272031810637e-12,0.5,True
TRH_R,neuropeptide,TRH,TRH receptor,Microglia,Inhibitory neuron,0.009571509015034606,5978,2.0327395176607094e-12,0.004975124378109453,12,8,1.7291837496900435e-11,0.6666666666666666,True
TAC1_NK1,neuropeptide,Substance P,NK1 receptor,Oligodendrocyte,Excitatory neuron,0.004254436946836756,7734,9.32445777257734e-12,0.004975124378109453,12,8,7.827636919610978e-11,0.6666666666666666,True
CRH_R,neuropeptide,CRH,CRH receptor,OPC,Excitatory neuron,0.01002389376942459,4828,1.185153352357223e-10,0.004975124378109453,12,8,9.81984206238842e-10,0.6666666666666666,True
CRH_R,neuropeptide,CRH,CRH receptor,Excitatory neuron,Excitatory neuron,0.007990324067898767,43458,1.5755829716189632e-10,0.004975124378109453,12,6,1.2887460716575622e-09,0.5,True
TRH_R,neuropeptide,TRH,TRH receptor,Inhibitory neuron,Excitatory neuron,0.0032746432065717847,43364,2.1623458134509896e-10,0.004975124378109453,12,9,1.746299530356622e-09,0.75,True
NTS_R,neuropeptide,Neurotensin,Neurotensin receptor,Microglia,Excitatory neuron,0.004675786144820703,2702,1.6180097987440303e-09,0.004975124378109453,12,6,1.2744324093811004e-08,0.5,True
GAL_R,neuropeptide,Galanin,Galanin receptor,Endothelial,Inhibitory neuron,0.007908008176436948,22914,4.666925461659328e-09,0.004975124378109453,12,8,3.5873475235405434e-08,0.6666666666666666,True
TRH_R,neuropeptide,TRH,TRH receptor,Oligodendrocyte,Inhibitory neuron,0.004333300981276012,13550,2.0562392575398793e-08,0.004975124378109453,12,7,1.5433889956593447e-07,0.5833333333333334,True
CCK_R,neuropeptide,Cholecystokinin,CCK receptor,Microglia,Excitatory neuron,0.02253951254760338,2702,4.324255768985539e-08,0.004975124378109453,12,8,3.171120897256062e-07,0.6666666666666666,True
TRH_R,neuropeptide,TRH,TRH receptor,OPC,Excitatory neuron,0.005847814113874529,4828,7.805680707358088e-08,0.004975124378109453,12,6,5.659118512834613e-07,0.5,True
TRH_R,neuropeptide,TRH,TRH receptor,Endothelial,Excitatory neuron,0.008044617333235348,10606,2.1891485347683375e-07,0.004975124378109453,12,7,1.5692997361597744e-06,0.5833333333333334,True
NTS_R,neuropeptide,Neurotensin,Neurotensin receptor,Excitatory neuron,Inhibitory neuron,0.004218868858780403,43364,3.084828456482426e-07,0.004975124378109453,12,6,2.186800616928653e-06,0.5,True
CCK_R,neuropeptide,Cholecystokinin,CCK receptor,Ependymal,Excitatory neuron,0.017412010380195554,1292,1.2040086565118216e-05,0.004975124378109453,8,4,7.91914972014992e-05,0.5,True
OXT_R,neuropeptide,Oxytocin,Oxytocin receptor,Oligodendrocyte,Inhibitory neuron,0.0014713640292381312,13550,1.404122630274724e-05,0.004975124378109453,12,6,9.141124878727284e-05,0.5,True
TAC1_NK1,neuropeptide,Substance P,NK1 receptor,Pericyte,Inhibitory neuron,0.00880258887872593,1543,1.453534868918978e-05,0.004975124378109453,12,7,9.36722471081119e-05,0.5833333333333334,True
PENK_OPR,neuropeptide,Enkephalin,Delta/mu opioid receptor,Microglia,Inhibitory neuron,0.0046927732665401735,5978,2.383459736902493e-05,0.004975124378109453,12,6,0.00015206473121437904,0.5,True
OXT_R,neuropeptide,Oxytocin,Oxytocin receptor,OPC,Inhibitory neuron,0.003815508505977034,11526,0.00040903706796375263,0.009950248756218905,12,7,0.0025092850900084057,0.5833333333333334,True
TAC1_NK1,neuropeptide,Substance P,NK1 receptor,Endothelial,Inhibitory neuron,0.004694114889388002,22914,1.6690506019086628e-26,0.004975124378109453,12,5,2.2656474128036743e-25,0.4166666666666667,False
CRH_R,neuropeptide,CRH,CRH receptor,Pericyte,Inhibitory neuron,0.015833175361074564,1543,4.651950300603145e-15,0.004975124378109453,12,5,4.49688529058304e-14,0.4166666666666667,False
TAC1_NK1,neuropeptide,Substance P,NK1 receptor,Endothelial,Excitatory neuron,0.0052033299733290385,10606,8.747432166614845e-15,0.004975124378109453,12,5,8.329644361642196e-14,0.4166666666666667,False
GAL_R,neuropeptide,Galanin,Galanin receptor,Excitatory neuron,Inhibitory neuron,0.0039516971224728935,43364,1.3380854513091927e-12,0.004975124378109453,12,5,1.1536466458584662e-11,0.4166666666666667,False
TAC1_NK1,neuropeptide,Substance P,NK1 receptor,Microglia,Excitatory neuron,0.008066679479472493,2702,1.3215863101628999e-09,0.004975124378109453,12,5,1.0539650823549127e-08,0.4166666666666667,False
CRH_R,neuropeptide,CRH,CRH receptor,Microglia,Excitatory neuron,0.010221646376536487,2702,2.559261760537536e-09,0.004975124378109453,12,4,1.9912304917353025e-08,0.3333333333333333,False
GAL_R,neuropeptide,Galanin,Galanin receptor,Pericyte,Excitatory neuron,0.006886662574339126,755,1.8215126962142275e-08,0.004975124378109453,12,5,1.3834822621246158e-07,0.4166666666666667,False
PENK_OPR,neuropeptide,Enkephalin,Delta/mu opioid receptor,Ependymal,Inhibitory neuron,0.002292196115319509,2594,3.944820184648357e-08,0.004975124378109453,9,4,2.926506136983316e-07,0.4444444444444444,False
CCK_R,neuropeptide,Cholecystokinin,CCK receptor,Excitatory neuron,Inhibitory neuron,0.004580344611558184,43364,4.846950993402676e-07,0.004975124378109453,12,5,3.3981920151548434e-06,0.4166666666666667,False
NTS_R,neuropeptide,Neurotensin,Neurotensin receptor,Endothelial,Inhibitory neuron,0.0026507173972195003,22914,1.0539333049424392e-06,0.004975124378109453,12,5,7.308798353839959e-06,0.4166666666666667,False
CCK_R,neuropeptide,Cholecystokinin,CCK receptor,Pericyte,Excitatory neuron,0.01657204626426151,755,3.5314264225456774e-06,0.004975124378109453,12,5,2.4226344705205828e-05,0.4166666666666667,False
TAC1_NK1,neuropeptide,Substance P,NK1 receptor,Pericyte,Excitatory neuron,0.009996578920654187,755,6.17568805475396e-06,0.004975124378109453,12,4,4.191584020141518e-05,0.3333333333333333,False
GAL_R,neuropeptide,Galanin,Galanin receptor,Oligodendrocyte,Inhibitory neuron,0.004572565709788592,13550,1.0971600189498484e-05,0.004975124378109453,12,5,7.368295706210561e-05,0.4166666666666667,False
PENK_OPR,neuropeptide,Enkephalin,Delta/mu opioid receptor,Inhibitory neuron,Excitatory neuron,0.024501344210718302,43364,1.121198859662217e-05,0.004975124378109453,12,4,7.451300754838483e-05,0.3333333333333333,False
GAL_R,neuropeptide,Galanin,Galanin receptor,OPC,Inhibitory neuron,0.007044389126126105,11526,2.857087904604018e-05,0.004975124378109453,12,3,0.0001804774339739964,0.25,False
NTS_R,neuropeptide,Neurotensin,Neurotensin receptor,Oligodendrocyte,Inhibitory neuron,0.0023898923704133786,13550,5.614029507541307e-05,0.004975124378109453,12,3,0.00035115204174621117,0.25,False
NTS_R,neuropeptide,Neurotensin,Neurotensin receptor,Ependymal,Inhibitory neuron,0.004795174279867528,2594,0.00016440844189742612,0.009950248756218905,9,3,0.0010183746206850277,0.3333333333333333,False
NTS_R,neuropeptide,Neurotensin,Neurotensin receptor,Microglia,Inhibitory neuron,0.0031990982284126434,5978,0.0004425932921009941,0.004975124378109453,12,3,0.0026892811462898496,0.25,False
GAL_R,neuropeptide,Galanin,Galanin receptor,Microglia,Inhibitory neuron,0.010719481443939229,5978,0.0006320910149451822,0.004975124378109453,12,3,0.003804472335236097,0.25,False
TRH_R,neuropeptide,TRH,TRH receptor,OPC,Inhibitory neuron,0.0038702115185730085,11526,0.000864128519968629,0.004975124378109453,12,4,0.005152467249906405,0.3333333333333333,False
NTS_R,neuropeptide,Neurotensin,Neurotensin receptor,OPC,Inhibitory neuron,0.0034043785439970458,11526,0.0010628558172573923,0.004975124378109453,12,2,0.006278722327872373,0.16666666666666666,False
GAL_R,neuropeptide,Galanin,Galanin receptor,Ependymal,Pericyte,0.001970691978931427,30,0.0011946375056450641,0.014925373134328358,0,0,0.006992465400014228,0.0,False
PENK_OPR,neuropeptide,Enkephalin,Delta/mu opioid receptor,Ependymal,Microglia,0.009142706371020786,172,0.001807921703413245,0.03482587064676617,6,1,0.01048594587979682,0.16666666666666666,False
CRH_R,neuropeptide,CRH,CRH receptor,Endothelial,Pericyte,0.04372046161034525,1088,0.002273132848622296,0.004975124378109453,11,1,0.013065394211000224,0.09090909090909091,False
PENK_OPR,neuropeptide,Enkephalin,Delta/mu opioid receptor,Ependymal,OPC,0.003498893696542777,321,0.0037570709515896443,0.029850746268656716,6,2,0.02140188631351958,0.3333333333333333,False
CRH_R,neuropeptide,CRH,CRH receptor,Pericyte,Excitatory neuron,0.011624692516426081,755,0.004017705402143735,0.009950248756218905,12,2,0.022684035810333653,0.16666666666666666,False
CCK_R,neuropeptide,Cholecystokinin,CCK receptor,Pericyte,Inhibitory neuron,0.013803261246599953,1543,0.004476892896659989,0.029850746268656716,12,4,0.02505489182516731,0.3333333333333333,False
PENK_OPR,neuropeptide,Enkephalin,Delta/mu opioid receptor,Pericyte,Inhibitory neuron,0.0036732666760388665,1543,0.005646571910281445,0.009950248756218905,12,3,0.03132619894573532,0.25,False
TAC1_NK1,neuropeptide,Substance P,NK1 receptor,Ependymal,Excitatory neuron,0.027446635565156443,1292,0.006870813195481822,0.009950248756218905,8,1,0.037789472575150015,0.125,False
TRH_R,neuropeptide,TRH,TRH receptor,Oligodendrocyte,Excitatory neuron,0.00512015564626498,7734,0.007392621753869117,0.014925373134328358,12,4,0.04031190323904697,0.3333333333333333,False
CRH_R,neuropeptide,CRH,CRH receptor,Pericyte,Pericyte,0.017449122810206965,2344,0.00848956211613185,0.009950248756218905,12,1,0.0459011917804417,0.08333333333333333,False
GAL_R,neuropeptide,Galanin,Galanin receptor,Ependymal,Inhibitory neuron,0.005164513138636229,2594,0.009230235629384624,0.014925373134328358,9,1,0.04948647337434781,0.1111111111111111,False
GAL_R,neuropeptide,Galanin,Galanin receptor,Pericyte,Inhibitory neuron,0.005241490416599202,1543,0.01375208077634933,0.01990049751243781,12,2,0.07311522946092394,0.16666666666666666,False
CRH_R,neuropeptide,CRH,CRH receptor,Ependymal,Inhibitory neuron,0.012020806878428382,2594,0.020542022972224187,0.04477611940298507,9,1,0.10831248476263662,0.1111111111111111,False
PENK_OPR,neuropeptide,Enkephalin,Delta/mu opioid receptor,Pericyte,Excitatory neuron,0.002393694163341729,755,0.026641627556233442,0.05970149253731343,12,1,0.13932260967931914,0.08333333333333333,False
CRH_R,neuropeptide,CRH,CRH receptor,Oligodendrocyte,Excitatory neuron,0.006788515166956711,7734,0.03030027743510831,0.03482587064676617,12,3,0.15716729271218782,0.25,False
PENK_OPR,neuropeptide,Enkephalin,Delta/mu opioid receptor,OPC,Excitatory neuron,0.008231097411460418,4828,0.030550579682135242,0.04975124378109453,12,1,0.15718765997743778,0.08333333333333333,False
TRH_R,neuropeptide,TRH,TRH receptor,Pericyte,Excitatory neuron,0.0034888609946205815,755,0.032957986681451355,0.05472636815920398,12,2,0.16821756402212773,0.16666666666666666,False
PENK_OPR,neuropeptide,Enkephalin,Delta/mu opioid receptor,Endothelial,Excitatory neuron,0.0033563852123746425,10606,0.035826740190139025,0.04975124378109453,12,1,0.18140841461356108,0.08333333333333333,False
OXT_R,neuropeptide,Oxytocin,Oxytocin receptor,Microglia,Inhibitory neuron,0.0021984550183983893,5978,0.03614157701842334,0.04477611940298507,12,3,0.18156162313192198,0.25,False
GAL_R,neuropeptide,Galanin,Galanin receptor,Ependymal,Ependymal,0.004378106655491834,16178,0.03994726247441558,0.03980099502487562,9,2,0.19911213639591516,0.2222222222222222,False
PENK_OPR,neuropeptide,Enkephalin,Delta/mu opioid receptor,Ependymal,Excitatory neuron,0.002398740739321533,1292,0.04205806107184539,0.06965174129353234,8,2,0.20800808499098727,0.25,False
PENK_OPR,neuropeptide,Enkephalin,Delta/mu opioid receptor,Oligodendrocyte,Excitatory neuron,0.002381303207235508,7734,0.04486514810426493,0.05970149253731343,12,2,0.22018434223477712,0.16666666666666666,False
GAL_R,neuropeptide,Galanin,Galanin receptor,Endothelial,Ependymal,0.011031763901514634,780,0.04635823468970281,0.04975124378109453,9,2,0.22577521932847627,0.2222222222222222,False
GAL_R,neuropeptide,Galanin,Galanin receptor,Astrocyte,Ependymal,0.012736787349543496,1440,0.04687206374546476,0.04975124378109453,9,2,0.22654830810307966,0.2222222222222222,False
GAL_R,neuropeptide,Galanin,Galanin receptor,Pericyte,Astrocyte,0.00393814976812856,938,0.05665291184919514,0.05472636815920398,12,1,0.2717635921788458,0.08333333333333333,False
CRH_R,neuropeptide,CRH,CRH receptor,Pericyte,Endothelial,0.02657315613642448,1088,0.08900668192434114,0.08955223880597014,11,0,0.42377808259499733,0.0,False
GAL_R,neuropeptide,Galanin,Galanin receptor,Microglia,Ependymal,0.02072874057312431,172,0.12851433803787854,0.13432835820895522,6,1,0.6073492419864186,0.16666666666666666,False
GAL_R,neuropeptide,Galanin,Galanin receptor,Endothelial,Astrocyte,0.007562830708459711,9929,0.13947804747784753,0.14925373134328357,12,3,0.6543161344916671,0.25,False
GAL_R,neuropeptide,Galanin,Galanin receptor,Oligodendrocyte,Ependymal,0.013808338248719727,175,0.14635587539028438,0.12935323383084577,3,0,0.6815696970730032,0.0,False
GAL_R,neuropeptide,Galanin,Galanin receptor,Pericyte,Endothelial,0.002986595334204246,1088,0.1542164388140715,0.15422885572139303,11,2,0.7129716519085334,0.18181818181818182,False
NTS_R,neuropeptide,Neurotensin,Neurotensin receptor,Pericyte,Excitatory neuron,0.0038558867675004007,755,0.15540993167366285,0.18407960199004975,12,0,0.7133204058114885,0.0,False
OXT_R,neuropeptide,Oxytocin,Oxytocin receptor,Astrocyte,Ependymal,0.007191727856762656,1440,0.159282720118279,0.15920398009950248,9,1,0.7258741102533,0.1111111111111111,False
OXT_R,neuropeptide,Oxytocin,Oxytocin receptor,Astrocyte,Excitatory neuron,0.00171339464892534,17488,0.178316880210237,0.17412935323383086,12,2,0.8068522664832001,0.16666666666666666,False
GAL_R,neuropeptide,Galanin,Galanin receptor,OPC,Ependymal,0.018365301134505792,321,0.18071984567858906,0.20398009950248755,6,2,0.8119666305840832,0.3333333333333333,False
OXT_R,neuropeptide,Oxytocin,Oxytocin receptor,Endothelial,Inhibitory neuron,0.001998357002337264,22914,0.1841314017543041,0.17412935323383086,12,1,0.8215093309038183,0.08333333333333333,False
PENK_OPR,neuropeptide,Enkephalin,Delta/mu opioid receptor,OPC,OPC,0.007352839421269722,860,0.20685112177666148,0.20398009950248755,12,1,0.9164653867604863,0.08333333333333333,False
OXT_R,neuropeptide,Oxytocin,Oxytocin receptor,Excitatory neuron,Ependymal,0.04700659406600168,1292,0.9685692650004715,0.9701492537313433,8,0,1.0,0.0,False
GAL_R,neuropeptide,Galanin,Galanin receptor,Inhibitory neuron,Ependymal,0.042909283894270824,2594,0.36479662655415523,0.3880597014925373,9,0,1.0,0.0,False
CCK_R,neuropeptide,Cholecystokinin,CCK receptor,Pericyte,Ependymal,0.027578596274058023,30,0.8668194725168183,0.8756218905472637,0,0,1.0,0.0,False
CCK_R,neuropeptide,Cholecystokinin,CCK receptor,Pericyte,Endothelial,0.025189888131000558,1088,0.6587143679741946,0.6616915422885572,11,1,1.0,0.09090909090909091,False
CCK_R,neuropeptide,Cholecystokinin,CCK receptor,Endothelial,Pericyte,0.024310505064396935,1088,0.9999495982594263,1.0,11,0,1.0,0.0,False
CCK_R,neuropeptide,Cholecystokinin,CCK receptor,Microglia,Pericyte,0.022919125735490143,114,0.5321218417567729,0.5472636815920398,2,0,1.0,0.0,False
CCK_R,neuropeptide,Cholecystokinin,CCK receptor,Ependymal,OPC,0.018903940209772183,321,0.52421626416563,0.48258706467661694,6,0,1.0,0.0,False
PENK_OPR,neuropeptide,Enkephalin,Delta/mu opioid receptor,Inhibitory neuron,OPC,0.018272043273560155,11526,0.9892666343247295,0.9950248756218906,12,0,1.0,0.0,False
CRH_R,neuropeptide,CRH,CRH receptor,Ependymal,Pericyte,0.01784731273849805,30,0.5438152569048559,0.5174129353233831,0,0,1.0,0.0,False
CCK_R,neuropeptide,Cholecystokinin,CCK receptor,Ependymal,Oligodendrocyte,0.017303611576291067,175,0.6073188986106486,0.5671641791044776,3,0,1.0,0.0,False
TAC1_NK1,neuropeptide,Substance P,NK1 receptor,Pericyte,Ependymal,0.0171355489641428,30,0.41599809801488635,0.3482587064676617,0,0,1.0,0.0,False
CCK_R,neuropeptide,Cholecystokinin,CCK receptor,Endothelial,Endothelial,0.0170849804275378,9286,0.9999999999999997,1.0,12,0,1.0,0.0,False
CCK_R,neuropeptide,Cholecystokinin,CCK receptor,Endothelial,Astrocyte,0.01657046742201468,9929,0.9999999440388476,1.0,12,0,1.0,0.0,False
CCK_R,neuropeptide,Cholecystokinin,CCK receptor,Ependymal,Pericyte,0.016451154199118415,30,0.7396934093859041,0.7164179104477612,0,0,1.0,0.0,False
CRH_R,neuropeptide,CRH,CRH receptor,Microglia,Pericyte,0.01636693207751306,114,0.2520819131781558,0.23383084577114427,2,0,1.0,0.0,False
GAL_R,neuropeptide,Galanin,Galanin receptor,Inhibitory neuron,Astrocyte,0.016240867015619682,34680,0.999992380162727,1.0,12,0,1.0,0.0,False
TAC1_NK1,neuropeptide,Substance P,NK1 receptor,Ependymal,Inhibitory neuron,0.01620996788973425,2594,0.9197972576202711,0.9203980099502488,9,1,1.0,0.1111111111111111,False
CCK_R,neuropeptide,Cholecystokinin,CCK receptor,Microglia,Astrocyte,0.015617706541456736,2282,1.0,1.0,12,0,1.0,0.0,False
CCK_R,neuropeptide,Cholecystokinin,CCK receptor,Astrocyte,OPC,0.01541232105628451,4232,0.9999995741692287,1.0,12,0,1.0,0.0,False
PENK_OPR,neuropeptide,Enkephalin,Delta/mu opioid receptor,Excitatory neuron,Excitatory neuron,0.01538332965994809,43458,0.5010196421138807,0.48258706467661694,12,1,1.0,0.08333333333333333,False
CCK_R,neuropeptide,Cholecystokinin,CCK receptor,Endothelial,OPC,0.015106708332484097,2586,0.9990534159146556,1.0,12,0,1.0,0.0,False
CCK_R,neuropeptide,Cholecystokinin,CCK receptor,Astrocyte,Astrocyte,0.015100563965656646,15106,1.0,1.0,12,0,1.0,0.0,False
CCK_R,neuropeptide,Cholecystokinin,CCK receptor,Microglia,OPC,0.014727938174707274,748,0.9999567317913868,1.0,12,0,1.0,0.0,False
OXT_R,neuropeptide,Oxytocin,Oxytocin receptor,Excitatory neuron,Inhibitory neuron,0.01415743413944544,43364,0.4572656314106268,0.42786069651741293,12,4,1.0,0.3333333333333333,False
CCK_R,neuropeptide,Cholecystokinin,CCK receptor,Ependymal,Inhibitory neuron,0.013580286771920382,2594,0.9740870236741929,0.9751243781094527,9,1,1.0,0.1111111111111111,False
GAL_R,neuropeptide,Galanin,Galanin receptor,Inhibitory neuron,Endothelial,0.013455960733210178,22914,0.999999927992306,1.0,12,0,1.0,0.0,False
PENK_OPR,neuropeptide,Enkephalin,Delta/mu opioid receptor,Inhibitory neuron,Microglia,0.013321354984721671,5978,0.9998157318833821,1.0,12,0,1.0,0.0,False
PENK_OPR,neuropeptide,Enkephalin,Delta/mu opioid receptor,Inhibitory neuron,Ependymal,0.013297043617756504,2594,0.9999677196454845,1.0,9,0,1.0,0.0,False
GAL_R,neuropeptide,Galanin,Galanin receptor,Inhibitory neuron,OPC,0.013243820397144565,11526,0.9999999553384552,1.0,12,0,1.0,0.0,False
PENK_OPR,neuropeptide,Enkephalin,Delta/mu opioid receptor,Inhibitory neuron,Astrocyte,0.01317960310342169,34680,1.0,1.0,12,0,1.0,0.0,False
CCK_R,neuropeptide,Cholecystokinin,CCK receptor,Astrocyte,Pericyte,0.013099959700741667,938,0.9999979909151373,1.0,12,0,1.0,0.0,False
CCK_R,neuropeptide,Cholecystokinin,CCK receptor,Ependymal,Astrocyte,0.012766675737596718,1440,0.9999997573238552,1.0,9,0,1.0,0.0,False
TRH_R,neuropeptide,TRH,TRH receptor,Excitatory neuron,OPC,0.012427500162353626,4828,0.9926941446141666,1.0,12,0,1.0,0.0,False
CCK_R,neuropeptide,Cholecystokinin,CCK receptor,Oligodendrocyte,Astrocyte,0.012160231024699548,8111,0.9999999999999994,1.0,12,0,1.0,0.0,False
CCK_R,neuropeptide,Cholecystokinin,CCK receptor,Pericyte,Pericyte,0.011912868586164487,2344,0.9999959142009398,1.0,12,0,1.0,0.0,False
CRH_R,neuropeptide,CRH,CRH receptor,Endothelial,Endothelial,0.01155206916661463,9286,0.9998074015555897,1.0,12,0,1.0,0.0,False
CCK_R,neuropeptide,Cholecystokinin,CCK receptor,Microglia,Microglia,0.011432782662719363,238,0.9999883281396255,1.0,6,0,1.0,0.0,False
CCK_R,neuropeptide,Cholecystokinin,CCK receptor,Astrocyte,Endothelial,0.011289757924812203,9929,1.0,1.0,12,0,1.0,0.0,False
CCK_R,neuropeptide,Cholecystokinin,CCK receptor,Oligodendrocyte,OPC,0.011175069712132333,3319,0.9999998991944874,1.0,12,0,1.0,0.0,False
CCK_R,neuropeptide,Cholecystokinin,CCK receptor,Pericyte,Astrocyte,0.011136231421554304,938,0.9994272705865451,1.0,12,1,1.0,0.08333333333333333,False
GAL_R,neuropeptide,Galanin,Galanin receptor,Inhibitory neuron,Pericyte,0.01109891583321345,1543,0.9951940624316222,1.0,12,1,1.0,0.08333333333333333,False
CCK_R,neuropeptide,Cholecystokinin,CCK receptor,Endothelial,Microglia,0.01091763667950396,1588,0.9999999999999983,1.0,12,0,1.0,0.0,False
CCK_R,neuropeptide,Cholecystokinin,CCK receptor,Astrocyte,Microglia,0.01087462918057068,2282,1.0,1.0,12,0,1.0,0.0,False
PENK_OPR,neuropeptide,Enkephalin,Delta/mu opioid receptor,Inhibitory neuron,Endothelial,0.010690629339075114,22914,1.0,1.0,12,0,1.0,0.0,False
TAC1_NK1,neuropeptide,Substance P,NK1 receptor,Excitatory neuron,OPC,0.010669081152301496,4828,0.9997868263712008,1.0,12,0,1.0,0.0,False
CCK_R,neuropeptide,Cholecystokinin,CCK receptor,Pericyte,OPC,0.010451969524041689,199,0.6845710110698948,0.681592039800995,2,0,1.0,0.0,False
CCK_R,neuropeptide,Cholecystokinin,CCK receptor,OPC,Pericyte,0.010415321779343763,199,0.7041322505403171,0.6915422885572139,2,0,1.0,0.0,False
CCK_R,neuropeptide,Cholecystokinin,CCK receptor,Excitatory neuron,Excitatory neuron,0.010403521415983615,43458,0.8551744443701987,0.8606965174129353,12,2,1.0,0.16666666666666666,False
CCK_R,neuropeptide,Cholecystokinin,CCK receptor,Ependymal,Endothelial,0.010351803144947507,780,0.9995556158359088,1.0,9,0,1.0,0.0,False
CCK_R,neuropeptide,Cholecystokinin,CCK receptor,Microglia,Endothelial,0.010240487797171374,1588,1.0,1.0,12,0,1.0,0.0,False
CRH_R,neuropeptide,CRH,CRH receptor,Inhibitory neuron,OPC,0.010218271609354403,11526,0.9999714626541408,1.0,12,0,1.0,0.0,False
CRH_R,neuropeptide,CRH,CRH receptor,Ependymal,Excitatory neuron,0.010065897081429161,1292,0.7230433877002516,0.736318407960199,8,2,1.0,0.25,False
CCK_R,neuropeptide,Cholecystokinin,CCK receptor,Ependymal,Microglia,0.009908995680446021,172,0.888815312461054,0.8905472636815921,6,0,1.0,0.0,False
GAL_R,neuropeptide,Galanin,Galanin receptor,Inhibitory neuron,Microglia,0.00975002513008835,5978,0.9999999729185239,1.0,12,1,1.0,0.08333333333333333,False
CCK_R,neuropeptide,Cholecystokinin,CCK receptor,Excitatory neuron,Pericyte,0.009612733139804895,755,0.9304610889668385,0.9402985074626866,12,0,1.0,0.0,False
OXT_R,neuropeptide,Oxytocin,Oxytocin receptor,Inhibitory neuron,Pericyte,0.009550637271327232,1543,0.30224938948182467,0.24875621890547264,12,1,1.0,0.08333333333333333,False
CCK_R,neuropeptide,Cholecystokinin,CCK receptor,OPC,OPC,0.009350639983017044,860,0.4157935534378553,0.39800995024875624,12,1,1.0,0.08333333333333333,False
GAL_R,neuropeptide,Galanin,Galanin receptor,OPC,Pericyte,0.009117763782716847,199,0.24716416578435274,0.24378109452736318,2,0,1.0,0.0,False
CRH_R,neuropeptide,CRH,CRH receptor,Astrocyte,Pericyte,0.00906636089883692,938,0.9105620923132507,0.9154228855721394,12,0,1.0,0.0,False
CCK_R,neuropeptide,Cholecystokinin,CCK receptor,Oligodendrocyte,Pericyte,0.009022173861695267,389,0.998844061904312,1.0,8,0,1.0,0.0,False
GAL_R,neuropeptide,Galanin,Galanin receptor,Microglia,Astrocyte,0.008907974230445,2282,0.8434399653256921,0.8656716417910447,12,1,1.0,0.08333333333333333,False
PENK_OPR,neuropeptide,Enkephalin,Delta/mu opioid receptor,Inhibitory neuron,Oligodendrocyte,0.00885830070938128,13550,1.0,1.0,12,0,1.0,0.0,False
OXT_R,neuropeptide,Oxytocin,Oxytocin receptor,Excitatory neuron,OPC,0.008809863300960286,4828,0.8040893806744862,0.8159203980099502,12,1,1.0,0.08333333333333333,False
PENK_OPR,neuropeptide,Enkephalin,Delta/mu opioid receptor,Excitatory neuron,Oligodendrocyte,0.00865532013985229,7734,1.0,1.0,12,0,1.0,0.0,False
TAC1_NK1,neuropeptide,Substance P,NK1 receptor,Excitatory neuron,Ependymal,0.008557067587519136,1292,0.9999848349009794,1.0,8,0,1.0,0.0,False
OXT_R,neuropeptide,Oxytocin,Oxytocin receptor,Excitatory neuron,Excitatory neuron,0.008552881929149648,43458,0.5789774021228044,0.6169154228855721,12,0,1.0,0.0,False
GAL_R,neuropeptide,Galanin,Galanin receptor,Astrocyte,Astrocyte,0.00820611336577959,15106,0.7206517742988182,0.7263681592039801,12,2,1.0,0.16666666666666666,False
TAC1_NK1,neuropeptide,Substance P,NK1 receptor,Ependymal,Ependymal,0.007909428606349666,16178,1.0,1.0,9,0,1.0,0.0,False
TRH_R,neuropeptide,TRH,TRH receptor,Pericyte,Ependymal,0.007727980862061183,30,0.29393423975361554,0.24378109452736318,0,0,1.0,0.0,False
TAC1_NK1,neuropeptide,Substance P,NK1 receptor,Inhibitory neuron,OPC,0.007724922681830525,11526,0.9994284096645246,1.0,12,0,1.0,0.0,False
TRH_R,neuropeptide,TRH,TRH receptor,Excitatory neuron,Ependymal,0.0076862407040157125,1292,0.9999997045276633,1.0,8,0,1.0,0.0,False
CRH_R,neuropeptide,CRH,CRH receptor,Inhibitory neuron,Pericyte,0.007653362011345772,1543,0.979987447686323,0.9850746268656716,12,0,1.0,0.0,False
CCK_R,neuropeptide,Cholecystokinin,CCK receptor,Astrocyte,Oligodendrocyte,0.007647005197309714,8111,1.0,1.0,12,0,1.0,0.0,False
CRH_R,neuropeptide,CRH,CRH receptor,OPC,OPC,0.007629845133690884,860,0.970752863615707,0.9850746268656716,12,0,1.0,0.0,False
TAC1_NK1,neuropeptide,Substance P,NK1 receptor,Excitatory neuron,Microglia,0.007588053839130081,2702,0.9999977998687114,1.0,12,0,1.0,0.0,False
PENK_OPR,neuropeptide,Enkephalin,Delta/mu opioid receptor,Inhibitory neuron,Pericyte,0.007416156873351656,1543,0.9991850450940748,1.0,12,0,1.0,0.0,False
CRH_R,neuropeptide,CRH,CRH receptor,Pericyte,OPC,0.007372328861799072,199,0.5752537703092565,0.5472636815920398,2,0,1.0,0.0,False
TAC1_NK1,neuropeptide,Substance P,NK1 receptor,Ependymal,Endothelial,0.007341495532361874,780,0.9994426296783259,1.0,9,0,1.0,0.0,False
CCK_R,neuropeptide,Cholecystokinin,CCK receptor,Microglia,Oligodendrocyte,0.007333541509881788,2710,1.0,1.0,12,0,1.0,0.0,False
CCK_R,neuropeptide,Cholecystokinin,CCK receptor,OPC,Astrocyte,0.0073319004440492485,4232,0.9999999999994769,1.0,12,0,1.0,0.0,False
CCK_R,neuropeptide,Cholecystokinin,CCK receptor,Oligodendrocyte,Endothelial,0.0072912737604351975,6041,1.0,1.0,12,0,1.0,0.0,False
GAL_R,neuropeptide,Galanin,Galanin receptor,Microglia,Endothelial,0.007253664812726005,1588,0.984100600094657,0.9950248756218906,12,1,1.0,0.08333333333333333,False
GAL_R,neuropeptide,Galanin,Galanin receptor,Astrocyte,Endothelial,0.007111192317684053,9929,0.989261679411792,0.9900497512437811,12,1,1.0,0.08333333333333333,False
GAL_R,neuropeptide,Galanin,Galanin receptor,Microglia,Microglia,0.006908413125475978,238,0.6853581162748306,0.6467661691542289,6,0,1.0,0.0,False
OXT_R,neuropeptide,Oxytocin,Oxytocin receptor,Inhibitory neuron,Ependymal,0.006888742325064542,2594,0.9923260999402775,1.0,9,0,1.0,0.0,False
CCK_R,neuropeptide,Cholecystokinin,CCK receptor,Endothelial,Oligodendrocyte,0.0068844949700649785,6041,1.0,1.0,12,0,1.0,0.0,False
CRH_R,neuropeptide,CRH,CRH receptor,Inhibitory neuron,Astrocyte,0.006872212886892126,34680,1.0,1.0,12,0,1.0,0.0,False
PENK_OPR,neuropeptide,Enkephalin,Delta/mu opioid receptor,Excitatory neuron,OPC,0.006824160210447227,4828,0.9929114168217428,1.0,12,0,1.0,0.0,False
CRH_R,neuropeptide,CRH,CRH receptor,Astrocyte,OPC,0.006782610325711181,4232,0.9999999912067468,1.0,12,0,1.0,0.0,False
GAL_R,neuropeptide,Galanin,Galanin receptor,OPC,Astrocyte,0.006670265571854316,4232,0.2586953837457633,0.23383084577114427,12,2,1.0,0.16666666666666666,False
TAC1_NK1,neuropeptide,Substance P,NK1 receptor,Endothelial,Ependymal,0.006634144421042994,780,0.5464354489465434,0.5323383084577115,9,0,1.0,0.0,False
NTS_R,neuropeptide,Neurotensin,Neurotensin receptor,Inhibitory neuron,OPC,0.006572155881403086,11526,0.9933313143165828,0.9950248756218906,12,0,1.0,0.0,False
GAL_R,neuropeptide,Galanin,Galanin receptor,Microglia,Pericyte,0.006561075797786512,114,0.6085655561135203,0.5920398009950248,2,0,1.0,0.0,False
TAC1_NK1,neuropeptide,Substance P,NK1 receptor,Excitatory neuron,Oligodendrocyte,0.006467653802764919,7734,0.9999999999999984,1.0,12,0,1.0,0.0,False
OXT_R,neuropeptide,Oxytocin,Oxytocin receptor,Excitatory neuron,Pericyte,0.006417028960734853,755,0.789701230606092,0.7810945273631841,12,0,1.0,0.0,False
CRH_R,neuropeptide,CRH,CRH receptor,Excitatory neuron,Pericyte,0.0064068173781590115,755,0.9395850732619102,0.9353233830845771,12,0,1.0,0.0,False
TAC1_NK1,neuropeptide,Substance P,NK1 receptor,Excitatory neuron,Pericyte,0.0064004801126622555,755,0.9999151080725477,1.0,12,0,1.0,0.0,False
OXT_R,neuropeptide,Oxytocin,Oxytocin receptor,Excitatory neuron,Astrocyte,0.006315273173831443,17488,0.9976197964299903,1.0,12,0,1.0,0.0,False
GAL_R,neuropeptide,Galanin,Galanin receptor,Inhibitory neuron,Oligodendrocyte,0.006123660205569639,13550,0.9999999999999987,1.0,12,0,1.0,0.0,False
TAC1_NK1,neuropeptide,Substance P,NK1 receptor,Excitatory neuron,Astrocyte,0.006092699514665117,17488,1.0,1.0,12,0,1.0,0.0,False
CRH_R,neuropeptide,CRH,CRH receptor,Microglia,Astrocyte,0.006053394276474188,2282,0.999999999999997,1.0,12,0,1.0,0.0,False
PENK_OPR,neuropeptide,Enkephalin,Delta/mu opioid receptor,Excitatory neuron,Microglia,0.005992402847277912,2702,0.996543268637782,1.0,12,0,1.0,0.0,False
CRH_R,neuropeptide,CRH,CRH receptor,Inhibitory neuron,Microglia,0.00594719661337386,5978,0.9999999983892724,1.0,12,0,1.0,0.0,False
CCK_R,neuropeptide,Cholecystokinin,CCK receptor,Oligodendrocyte,Oligodendrocyte,0.0059155434639087115,38050,1.0,1.0,12,0,1.0,0.0,False
GAL_R,neuropeptide,Galanin,Galanin receptor,Astrocyte,OPC,0.005908908613804711,4232,0.9999999736371975,1.0,12,0,1.0,0.0,False
GAL_R,neuropeptide,Galanin,Galanin receptor,Astrocyte,Microglia,0.005888210178845337,2282,0.9999996677723921,1.0,12,0,1.0,0.0,False
TRH_R,neuropeptide,TRH,TRH receptor,Excitatory neuron,Microglia,0.005870898812638733,2702,0.9999971533311177,1.0,12,0,1.0,0.0,False
GAL_R,neuropeptide,Galanin,Galanin receptor,Endothelial,Endothelial,0.005807792079783298,9286,0.5242391418672452,0.5223880597014925,12,1,1.0,0.08333333333333333,False
GAL_R,neuropeptide,Galanin,Galanin receptor,Pericyte,Microglia,0.005774860378567195,114,0.4664257513445303,0.38308457711442784,2,1,1.0,0.5,False
CCK_R,neuropeptide,Cholecystokinin,CCK receptor,Oligodendrocyte,Microglia,0.005760565499302148,2710,1.0,1.0,12,0,1.0,0.0,False
TAC1_NK1,neuropeptide,Substance P,NK1 receptor,Ependymal,Astrocyte,0.005709325029238243,1440,0.9999983463259887,1.0,9,0,1.0,0.0,False
CRH_R,neuropeptide,CRH,CRH receptor,Inhibitory neuron,Endothelial,0.005629697863679901,22914,1.0,1.0,12,0,1.0,0.0,False
GAL_R,neuropeptide,Galanin,Galanin receptor,OPC,Endothelial,0.005617471515541792,2586,0.257895592632808,0.2736318407960199,12,3,1.0,0.25,False
GAL_R,neuropeptide,Galanin,Galanin receptor,Microglia,OPC,0.005609740865548959,748,0.9999932490143203,1.0,12,0,1.0,0.0,False
CRH_R,neuropeptide,CRH,CRH receptor,Microglia,OPC,0.005608515996040208,748,0.999983262637913,1.0,12,0,1.0,0.0,False
CRH_R,neuropeptide,CRH,CRH receptor,Pericyte,Astrocyte,0.005605693975674993,938,0.9999591501882156,1.0,12,0,1.0,0.0,False
CRH_R,neuropeptide,CRH,CRH receptor,Oligodendrocyte,Ependymal,0.005582907730713487,175,0.9491048323907753,0.9651741293532339,3,0,1.0,0.0,False
CCK_R,neuropeptide,Cholecystokinin,CCK receptor,Excitatory neuron,OPC,0.00557906492530582,4828,0.999588503679512,1.0,12,0,1.0,0.0,False
TAC1_NK1,neuropeptide,Substance P,NK1 receptor,Inhibitory neuron,Oligodendrocyte,0.005523966140265949,13550,0.9999999995150434,1.0,12,0,1.0,0.0,False
TRH_R,neuropeptide,TRH,TRH receptor,Endothelial,OPC,0.005500414180769003,2586,0.9239115219113642,0.9502487562189055,12,1,1.0,0.08333333333333333,False
CRH_R,neuropeptide,CRH,CRH receptor,Endothelial,OPC,0.005495150560072895,2586,0.9999997548431453,1.0,12,0,1.0,0.0,False
CCK_R,neuropeptide,Cholecystokinin,CCK receptor,OPC,Microglia,0.005470036083429988,748,0.9999999587444227,1.0,12,0,1.0,0.0,False
TAC1_NK1,neuropeptide,Substance P,NK1 receptor,Excitatory neuron,Endothelial,0.005426510560525159,10606,1.0,1.0,12,0,1.0,0.0,False
OXT_R,neuropeptide,Oxytocin,Oxytocin receptor,Inhibitory neuron,Excitatory neuron,0.005422759196062465,43364,0.8793027796170586,0.8855721393034826,12,0,1.0,0.0,False
CCK_R,neuropeptide,Cholecystokinin,CCK receptor,Excitatory neuron,Microglia,0.005306784189126967,2702,0.9999988524916175,1.0,12,0,1.0,0.0,False
CRH_R,neuropeptide,CRH,CRH receptor,Inhibitory neuron,Oligodendrocyte,0.005297949577011742,13550,1.0,1.0,12,0,1.0,0.0,False
TRH_R,neuropeptide,TRH,TRH receptor,Excitatory neuron,Astrocyte,0.005268762782177196,17488,1.0,1.0,12,0,1.0,0.0,False
CRH_R,neuropeptide,CRH,CRH receptor,OPC,Astrocyte,0.0052545119650461245,4232,0.9999999999999873,1.0,12,0,1.0,0.0,False
GAL_R,neuropeptide,Galanin,Galanin receptor,OPC,Microglia,0.0051585934592182445,748,0.9267808072637983,0.9303482587064676,12,0,1.0,0.0,False
NTS_R,neuropeptide,Neurotensin,Neurotensin receptor,Inhibitory neuron,Microglia,0.005151988088307868,5978,0.9998888379602643,1.0,12,0,1.0,0.0,False
CRH_R,neuropeptide,CRH,CRH receptor,Astrocyte,Astrocyte,0.0051422903463660165,15106,1.0,1.0,12,0,1.0,0.0,False
CRH_R,neuropeptide,CRH,CRH receptor,Ependymal,Ependymal,0.00511216871578831,16178,1.0,1.0,9,0,1.0,0.0,False
CRH_R,neuropeptide,CRH,CRH receptor,Endothelial,Astrocyte,0.005056045320588969,9929,1.0,1.0,12,0,1.0,0.0,False
GAL_R,neuropeptide,Galanin,Galanin receptor,Endothelial,OPC,0.005049511718073089,2586,0.9998424984125374,1.0,12,0,1.0,0.0,False
CRH_R,neuropeptide,CRH,CRH receptor,Excitatory neuron,OPC,0.005030259261890452,4828,0.9999999999994748,1.0,12,0,1.0,0.0,False
OXT_R,neuropeptide,Oxytocin,Oxytocin receptor,Pericyte,Excitatory neuron,0.005024679735575075,755,0.3065862913621875,0.2736318407960199,12,0,1.0,0.0,False
TRH_R,neuropeptide,TRH,TRH receptor,Microglia,OPC,0.005023699860055999,748,0.9879486449653287,1.0,12,0,1.0,0.0,False
CRH_R,neuropeptide,CRH,CRH receptor,Microglia,Endothelial,0.005003856391693179,1588,0.9999999999999525,1.0,12,0,1.0,0.0,False
CCK_R,neuropeptide,Cholecystokinin,CCK receptor,OPC,Endothelial,0.004952818967378134,2586,1.0,1.0,12,0,1.0,0.0,False
CRH_R,neuropeptide,CRH,CRH receptor,Pericyte,Oligodendrocyte,0.004943023920585916,389,0.9985940369694991,1.0,8,0,1.0,0.0,False
CRH_R,neuropeptide,CRH,CRH receptor,Ependymal,Astrocyte,0.004933884427555313,1440,0.999998261472743,1.0,9,0,1.0,0.0,False
OXT_R,neuropeptide,Oxytocin,Oxytocin receptor,Microglia,Ependymal,0.004925143953715992,172,0.5211740532968218,0.5024875621890548,6,0,1.0,0.0,False
CCK_R,neuropeptide,Cholecystokinin,CCK receptor,Inhibitory neuron,OPC,0.004881126735170479,11526,0.9996092220824847,1.0,12,0,1.0,0.0,False
CRH_R,neuropeptide,CRH,CRH receptor,OPC,Pericyte,0.004878182723783612,199,0.9439988525380406,0.9552238805970149,2,0,1.0,0.0,False
CRH_R,neuropeptide,CRH,CRH receptor,Astrocyte,Endothelial,0.00487167228373183,9929,1.0,1.0,12,0,1.0,0.0,False
CCK_R,neuropeptide,Cholecystokinin,CCK receptor,OPC,Oligodendrocyte,0.004869026063992358,3319,1.0,1.0,12,0,1.0,0.0,False
GAL_R,neuropeptide,Galanin,Galanin receptor,Ependymal,OPC,0.004820565440665896,321,0.8221132854052215,0.8009950248756219,6,0,1.0,0.0,False
TAC1_NK1,neuropeptide,Substance P,NK1 receptor,Inhibitory neuron,Microglia,0.004803874250602659,5978,0.9999999245946567,1.0,12,0,1.0,0.0,False
GAL_R,neuropeptide,Galanin,Galanin receptor,Endothelial,Microglia,0.004766950269534274,1588,0.9998053900165647,1.0,12,0,1.0,0.0,False
CCK_R,neuropeptide,Cholecystokinin,CCK receptor,Inhibitory neuron,Astrocyte,0.004720768756314412,34680,1.0,1.0,12,0,1.0,0.0,False
CCK_R,neuropeptide,Cholecystokinin,CCK receptor,Excitatory neuron,Oligodendrocyte,0.0047036779795727405,7734,1.0,1.0,12,0,1.0,0.0,False
CRH_R,neuropeptide,CRH,CRH receptor,Excitatory neuron,Ependymal,0.0046294489755146,1292,0.9999989643752322,1.0,8,0,1.0,0.0,False
CCK_R,neuropeptide,Cholecystokinin,CCK receptor,Pericyte,Oligodendrocyte,0.004529259528005304,389,0.9999999987338496,1.0,8,0,1.0,0.0,False
TAC1_NK1,neuropeptide,Substance P,NK1 receptor,OPC,OPC,0.004513844737078237,860,0.9138432279291814,0.9104477611940298,12,0,1.0,0.0,False
TRH_R,neuropeptide,TRH,TRH receptor,Excitatory neuron,Endothelial,0.004507712809832972,10606,1.0,1.0,12,0,1.0,0.0,False
CRH_R,neuropeptide,CRH,CRH receptor,Ependymal,OPC,0.004503683541390778,321,0.984045497311024,1.0,6,0,1.0,0.0,False
GAL_R,neuropeptide,Galanin,Galanin receptor,Endothelial,Pericyte,0.004462171165227226,1088,0.6866837672359976,0.6965174129353234,11,0,1.0,0.0,False
TAC1_NK1,neuropeptide,Substance P,NK1 receptor,Inhibitory neuron,Ependymal,0.004407692312154526,2594,0.9999999960360095,1.0,9,0,1.0,0.0,False
TRH_R,neuropeptide,TRH,TRH receptor,Astrocyte,OPC,0.004401008732317363,4232,0.999821450670171,1.0,12,0,1.0,0.0,False
TAC1_NK1,neuropeptide,Substance P,NK1 receptor,Ependymal,OPC,0.0043987383851288265,321,0.965426473662589,0.9800995024875622,6,0,1.0,0.0,False
CRH_R,neuropeptide,CRH,CRH receptor,Oligodendrocyte,Pericyte,0.004349635571605289,389,0.9886158873621876,1.0,8,0,1.0,0.0,False
TRH_R,neuropeptide,TRH,TRH receptor,Excitatory neuron,Oligodendrocyte,0.004332452360948831,7734,0.9999999995024084,1.0,12,0,1.0,0.0,False
CCK_R,neuropeptide,Cholecystokinin,CCK receptor,Excitatory neuron,Astrocyte,0.004315688900735127,17488,1.0,1.0,12,0,1.0,0.0,False
CCK_R,neuropeptide,Cholecystokinin,CCK receptor,Excitatory neuron,Endothelial,0.0042766243004671405,10606,1.0,1.0,12,0,1.0,0.0,False
CRH_R,neuropeptide,CRH,CRH receptor,Ependymal,Oligodendrocyte,0.004208442377192634,175,0.978604155506714,0.9950248756218906,3,0,1.0,0.0,False
CRH_R,neuropeptide,CRH,CRH receptor,Ependymal,Endothelial,0.004164854141541023,780,0.9998713760092787,1.0,9,0,1.0,0.0,False
PENK_OPR,neuropeptide,Enkephalin,Delta/mu opioid receptor,Excitatory neuron,Endothelial,0.004136650396460292,10606,0.9999999983183141,1.0,12,0,1.0,0.0,False
OXT_R,neuropeptide,Oxytocin,Oxytocin receptor,Excitatory neuron,Endothelial,0.004097344181094991,10606,0.9999570526176967,1.0,12,0,1.0,0.0,False
TAC1_NK1,neuropeptide,Substance P,NK1 receptor,OPC,Pericyte,0.004085183547559339,199,0.8752296552123482,0.9104477611940298,2,0,1.0,0.0,False
GAL_R,neuropeptide,Galanin,Galanin receptor,Astrocyte,Pericyte,0.00407275371498608,938,0.9760509839685371,0.9800995024875622,12,1,1.0,0.08333333333333333,False
TAC1_NK1,neuropeptide,Substance P,NK1 receptor,Inhibitory neuron,Endothelial,0.004036935421916421,22914,1.0,1.0,12,0,1.0,0.0,False
TAC1_NK1,neuropeptide,Substance P,NK1 receptor,Inhibitory neuron,Pericyte,0.004001957953982846,1543,0.99999634946863,1.0,12,0,1.0,0.0,False
CCK_R,neuropeptide,Cholecystokinin,CCK receptor,Inhibitory neuron,Pericyte,0.00399402126498373,1543,0.9997226634116628,0.9950248756218906,12,0,1.0,0.0,False
GAL_R,neuropeptide,Galanin,Galanin receptor,Ependymal,Oligodendrocyte,0.003987476121235106,175,0.9525185156656784,0.9353233830845771,3,0,1.0,0.0,False
GAL_R,neuropeptide,Galanin,Galanin receptor,OPC,OPC,0.003986091990406939,860,0.9822220044826763,0.9900497512437811,12,1,1.0,0.08333333333333333,False
TAC1_NK1,neuropeptide,Substance P,NK1 receptor,Inhibitory neuron,Astrocyte,0.0039386149764291545,34680,1.0,1.0,12,0,1.0,0.0,False
TRH_R,neuropeptide,TRH,TRH receptor,Microglia,Oligodendrocyte,0.003937366242070315,2710,0.9999999902888269,1.0,12,0,1.0,0.0,False
CRH_R,neuropeptide,CRH,CRH receptor,Excitatory neuron,Astrocyte,0.003914345547387937,17488,1.0,1.0,12,0,1.0,0.0,False
CRH_R,neuropeptide,CRH,CRH receptor,Pericyte,Microglia,0.003893548140727114,114,0.9522616774699072,0.9651741293532339,2,0,1.0,0.0,False
TRH_R,neuropeptide,TRH,TRH receptor,OPC,OPC,0.0038794905714555996,860,0.6967392008463543,0.681592039800995,12,1,1.0,0.08333333333333333,False
CRH_R,neuropeptide,CRH,CRH receptor,Endothelial,Microglia,0.0038662605253624452,1588,0.999999999133157,1.0,12,0,1.0,0.0,False
GAL_R,neuropeptide,Galanin,Galanin receptor,Oligodendrocyte,Astrocyte,0.003853043259669035,8111,0.9889649118165864,0.9950248756218906,12,2,1.0,0.16666666666666666,False
CRH_R,neuropeptide,CRH,CRH receptor,Astrocyte,Ependymal,0.0038346180735162405,1440,0.9999999999270541,1.0,9,0,1.0,0.0,False
TRH_R,neuropeptide,TRH,TRH receptor,Excitatory neuron,Pericyte,0.0038251673417252223,755,0.9798581362216047,1.0,12,0,1.0,0.0,False
PENK_OPR,neuropeptide,Enkephalin,Delta/mu opioid receptor,Excitatory neuron,Astrocyte,0.0038017867404349713,17488,0.9999999999999173,1.0,12,0,1.0,0.0,False
NTS_R,neuropeptide,Neurotensin,Neurotensin receptor,Inhibitory neuron,Astrocyte,0.0037532134560453703,34680,1.0,1.0,12,0,1.0,0.0,False
CRH_R,neuropeptide,CRH,CRH receptor,Microglia,Ependymal,0.0037308184986360113,172,0.999395442720543,1.0,6,0,1.0,0.0,False
CRH_R,neuropeptide,CRH,CRH receptor,OPC,Endothelial,0.0037204834588694677,2586,1.0,1.0,12,0,1.0,0.0,False
CRH_R,neuropeptide,CRH,CRH receptor,Oligodendrocyte,OPC,0.003703850045725174,3319,0.9999999526638047,1.0,12,0,1.0,0.0,False
CRH_R,neuropeptide,CRH,CRH receptor,Excitatory neuron,Endothelial,0.003690409540074691,10606,1.0,1.0,12,0,1.0,0.0,False
CCK_R,neuropeptide,Cholecystokinin,CCK receptor,Pericyte,Microglia,0.0036903426680191045,114,0.9991896991211551,1.0,2,0,1.0,0.0,False
PENK_OPR,neuropeptide,Enkephalin,Delta/mu opioid receptor,OPC,Ependymal,0.003677204561730226,321,0.8499896438325156,0.8407960199004975,6,0,1.0,0.0,False
TRH_R,neuropeptide,TRH,TRH receptor,Microglia,Astrocyte,0.00362678838861734,2282,0.9999999999996386,1.0,12,0,1.0,0.0,False
GAL_R,neuropeptide,Galanin,Galanin receptor,Oligodendrocyte,Endothelial,0.0036036601848482624,6041,0.9953324344592658,0.9950248756218906,12,1,1.0,0.08333333333333333,False
CRH_R,neuropeptide,CRH,CRH receptor,Oligodendrocyte,Astrocyte,0.003584271199246492,8111,1.0,1.0,12,0,1.0,0.0,False
TAC1_NK1,neuropeptide,Substance P,NK1 receptor,OPC,Ependymal,0.0035580282013956167,321,0.9823816981357726,0.9950248756218906,6,0,1.0,0.0,False
OXT_R,neuropeptide,Oxytocin,Oxytocin receptor,Inhibitory neuron,OPC,0.0034939276467881473,11526,0.9983203431273815,1.0,12,0,1.0,0.0,False
OXT_R,neuropeptide,Oxytocin,Oxytocin receptor,OPC,Excitatory neuron,0.003485203989066539,4828,0.3272519372805187,0.3283582089552239,12,0,1.0,0.0,False
GAL_R,neuropeptide,Galanin,Galanin receptor,Excitatory neuron,Ependymal,0.0034648941644815578,1292,0.7940111713544928,0.7810945273631841,8,0,1.0,0.0,False
GAL_R,neuropeptide,Galanin,Galanin receptor,Pericyte,Oligodendrocyte,0.0034194590975472087,389,0.37378958752107017,0.3781094527363184,8,0,1.0,0.0,False
CCK_R,neuropeptide,Cholecystokinin,CCK receptor,Inhibitory neuron,Microglia,0.003419098327571945,5978,0.9999999999999942,1.0,12,0,1.0,0.0,False
GAL_R,neuropeptide,Galanin,Galanin receptor,Astrocyte,Oligodendrocyte,0.0033833881244015045,8111,1.0,1.0,12,0,1.0,0.0,False
CRH_R,neuropeptide,CRH,CRH receptor,Astrocyte,Oligodendrocyte,0.0033768084366326643,8111,1.0,1.0,12,0,1.0,0.0,False
GAL_R,neuropeptide,Galanin,Galanin receptor,Ependymal,Astrocyte,0.003352606016743683,1440,0.9684576912952746,0.9751243781094527,9,1,1.0,0.1111111111111111,False
OXT_R,neuropeptide,Oxytocin,Oxytocin receptor,Pericyte,Inhibitory neuron,0.003346898087397838,1543,0.29924528906972125,0.2885572139303483,12,3,1.0,0.25,False
CRH_R,neuropeptide,CRH,CRH receptor,Astrocyte,Microglia,0.003327629891094775,2282,0.9999999999999557,1.0,12,0,1.0,0.0,False
GAL_R,neuropeptide,Galanin,Galanin receptor,Ependymal,Endothelial,0.003289639278073782,780,0.8821541780448823,0.8706467661691543,9,0,1.0,0.0,False
NTS_R,neuropeptide,Neurotensin,Neurotensin receptor,Inhibitory neuron,Pericyte,0.003260641356189847,1543,0.9995973903912945,1.0,12,0,1.0,0.0,False
CRH_R,neuropeptide,CRH,CRH receptor,Excitatory neuron,Microglia,0.0032372687491685668,2702,1.0,1.0,12,0,1.0,0.0,False
CRH_R,neuropeptide,CRH,CRH receptor,Microglia,Oligodendrocyte,0.003228439330846128,2710,1.0,1.0,12,0,1.0,0.0,False
OXT_R,neuropeptide,Oxytocin,Oxytocin receptor,Endothelial,Ependymal,0.003124403801466076,780,0.6946584034701782,0.6716417910447762,9,0,1.0,0.0,False
TRH_R,neuropeptide,TRH,TRH receptor,Microglia,Microglia,0.0031166340619669993,238,0.9675702328281501,0.9950248756218906,6,0,1.0,0.0,False
OXT_R,neuropeptide,Oxytocin,Oxytocin receptor,Inhibitory neuron,Astrocyte,0.0031131266807698814,34680,0.999999999999677,1.0,12,0,1.0,0.0,False
CCK_R,neuropeptide,Cholecystokinin,CCK receptor,Inhibitory neuron,Endothelial,0.0031117782095520167,22914,1.0,1.0,12,0,1.0,0.0,False
TRH_R,neuropeptide,TRH,TRH receptor,Astrocyte,Oligodendrocyte,0.0030923367391591018,8111,1.0,1.0,12,0,1.0,0.0,False
CRH_R,neuropeptide,CRH,CRH receptor,Endothelial,Oligodendrocyte,0.003090600531913329,6041,1.0,1.0,12,0,1.0,0.0,False
CRH_R,neuropeptide,CRH,CRH receptor,OPC,Microglia,0.0030813433325853055,748,0.9999999702083707,1.0,12,0,1.0,0.0,False
CRH_R,neuropeptide,CRH,CRH receptor,OPC,Oligodendrocyte,0.003069374577605899,3319,1.0,1.0,12,0,1.0,0.0,False
CRH_R,neuropeptide,CRH,CRH receptor,Excitatory neuron,Oligodendrocyte,0.0030396459745898195,7734,1.0,1.0,12,0,1.0,0.0,False
TRH_R,neuropeptide,TRH,TRH receptor,Endothelial,Oligodendrocyte,0.0030230660809681246,6041,0.9999999999999999,1.0,12,0,1.0,0.0,False
GAL_R,neuropeptide,Galanin,Galanin receptor,Microglia,Oligodendrocyte,0.003022523130641604,2710,0.9999999999999999,1.0,12,0,1.0,0.0,False
NTS_R,neuropeptide,Neurotensin,Neurotensin receptor,Inhibitory neuron,Endothelial,0.002975700422318887,22914,1.0,1.0,12,0,1.0,0.0,False
GAL_R,neuropeptide,Galanin,Galanin receptor,Ependymal,Excitatory neuron,0.0029726388413205554,1292,0.8741666642857984,0.900497512437811,8,3,1.0,0.375,False
TRH_R,neuropeptide,TRH,TRH receptor,Endothelial,Microglia,0.002939541214603537,1588,0.9999976593067911,1.0,12,0,1.0,0.0,False
OXT_R,neuropeptide,Oxytocin,Oxytocin receptor,Inhibitory neuron,Endothelial,0.002918342137492569,22914,0.9999999999222604,1.0,12,0,1.0,0.0,False
PENK_OPR,neuropeptide,Enkephalin,Delta/mu opioid receptor,Endothelial,Ependymal,0.0028703317806223192,780,0.667381999480207,0.6268656716417911,9,0,1.0,0.0,False
NTS_R,neuropeptide,Neurotensin,Neurotensin receptor,Inhibitory neuron,Oligodendrocyte,0.002849362200588169,13550,1.0,1.0,12,0,1.0,0.0,False
PENK_OPR,neuropeptide,Enkephalin,Delta/mu opioid receptor,OPC,Astrocyte,0.0028271443299822258,4232,0.9999144790661187,1.0,12,0,1.0,0.0,False
NTS_R,neuropeptide,Neurotensin,Neurotensin receptor,Pericyte,Inhibitory neuron,0.0028147706715084524,1543,0.32379343235333413,0.34328358208955223,12,1,1.0,0.08333333333333333,False
CRH_R,neuropeptide,CRH,CRH receptor,OPC,Ependymal,0.002794803268480335,321,0.9999988285729461,1.0,6,0,1.0,0.0,False
PENK_OPR,neuropeptide,Enkephalin,Delta/mu opioid receptor,Excitatory neuron,Ependymal,0.0027701969061338055,1292,0.838680692392088,0.9104477611940298,8,0,1.0,0.0,False
TAC1_NK1,neuropeptide,Substance P,NK1 receptor,Astrocyte,OPC,0.0027560636795873083,4232,0.8931246431046447,0.8805970149253731,12,0,1.0,0.0,False
CRH_R,neuropeptide,CRH,CRH receptor,Inhibitory neuron,Ependymal,0.0027479777121489166,2594,0.9999997731221509,1.0,9,0,1.0,0.0,False
CRH_R,neuropeptide,CRH,CRH receptor,Oligodendrocyte,Endothelial,0.0027330873705382125,6041,1.0,1.0,12,0,1.0,0.0,False
GAL_R,neuropeptide,Galanin,Galanin receptor,Endothelial,Oligodendrocyte,0.0027260249579669437,6041,1.0,1.0,12,0,1.0,0.0,False
GAL_R,neuropeptide,Galanin,Galanin receptor,Oligodendrocyte,Pericyte,0.002714746083693826,389,0.8604001482995003,0.8507462686567164,8,0,1.0,0.0,False
PENK_OPR,neuropeptide,Enkephalin,Delta/mu opioid receptor,OPC,Endothelial,0.0026773025875787026,2586,0.9974825832609664,1.0,12,0,1.0,0.0,False
TAC1_NK1,neuropeptide,Substance P,NK1 receptor,Microglia,Ependymal,0.0026598855051710164,172,0.9772585849610023,1.0,6,0,1.0,0.0,False
TRH_R,neuropeptide,TRH,TRH receptor,Pericyte,Inhibitory neuron,0.0026449568848287397,1543,0.5071121718937627,0.4925373134328358,12,2,1.0,0.16666666666666666,False
CRH_R,neuropeptide,CRH,CRH receptor,Ependymal,Microglia,0.0026354672134106675,172,0.964179275111465,0.9950248756218906,6,0,1.0,0.0,False
TRH_R,neuropeptide,TRH,TRH receptor,Astrocyte,Microglia,0.0026324861757942917,2282,0.999999994175528,1.0,12,0,1.0,0.0,False
GAL_R,neuropeptide,Galanin,Galanin receptor,Excitatory neuron,OPC,0.002617808734550316,4828,0.9992648439458792,1.0,12,0,1.0,0.0,False
TRH_R,neuropeptide,TRH,TRH receptor,Endothelial,Astrocyte,0.0025995818951241923,9929,1.0,1.0,12,0,1.0,0.0,False
TRH_R,neuropeptide,TRH,TRH receptor,Ependymal,Inhibitory neuron,0.0025984724732190587,2594,0.47922536339379096,0.48756218905472637,9,0,1.0,0.0,False
GAL_R,neuropeptide,Galanin,Galanin receptor,Excitatory neuron,Astrocyte,0.0025608584849469715,17488,0.9999911006433011,1.0,12,1,1.0,0.08333333333333333,False
GAL_R,neuropeptide,Galanin,Galanin receptor,Excitatory neuron,Endothelial,0.002539705247709518,10606,0.9999154940381959,1.0,12,0,1.0,0.0,False
PENK_OPR,neuropeptide,Enkephalin,Delta/mu opioid receptor,Astrocyte,Ependymal,0.002524525297242993,1440,0.8890447400031384,0.9303482587064676,9,0,1.0,0.0,False
CRH_R,neuropeptide,CRH,CRH receptor,Endothelial,Ependymal,0.00245845799147038,780,0.9999414052740644,1.0,9,0,1.0,0.0,False
TRH_R,neuropeptide,TRH,TRH receptor,Microglia,Endothelial,0.002442115516652839,1588,0.999999999741571,1.0,12,0,1.0,0.0,False
GAL_R,neuropeptide,Galanin,Galanin receptor,OPC,Oligodendrocyte,0.002439648202649489,3319,0.999999999999886,1.0,12,0,1.0,0.0,False
PENK_OPR,neuropeptide,Enkephalin,Delta/mu opioid receptor,Microglia,Excitatory neuron,0.002419765372692035,2702,0.32422620602413627,0.3034825870646766,12,1,1.0,0.08333333333333333,False
TRH_R,neuropeptide,TRH,TRH receptor,OPC,Oligodendrocyte,0.0023690251934235245,3319,0.9999996334120674,1.0,12,0,1.0,0.0,False
OXT_R,neuropeptide,Oxytocin,Oxytocin receptor,Microglia,Excitatory neuron,0.002357876810736297,2702,0.33813792321813346,0.3383084577114428,12,0,1.0,0.0,False
TAC1_NK1,neuropeptide,Substance P,NK1 receptor,Pericyte,OPC,0.002357542159668481,199,0.9406139700896963,0.9850746268656716,2,0,1.0,0.0,False
NTS_R,neuropeptide,Neurotensin,Neurotensin receptor,Excitatory neuron,Microglia,0.0023500098094634014,2702,0.9522209043788622,0.9701492537313433,12,0,1.0,0.0,False
TRH_R,neuropeptide,TRH,TRH receptor,Endothelial,Ependymal,0.0023446572878851723,780,0.999992475190849,1.0,9,0,1.0,0.0,False
TRH_R,neuropeptide,TRH,TRH receptor,Endothelial,Endothelial,0.0023422434868878438,9286,0.9999999999999979,1.0,12,0,1.0,0.0,False
TRH_R,neuropeptide,TRH,TRH receptor,Astrocyte,Astrocyte,0.0023336626889909067,15106,1.0,1.0,12,0,1.0,0.0,False
OXT_R,neuropeptide,Oxytocin,Oxytocin receptor,Ependymal,Excitatory neuron,0.002331592363180865,1292,0.5282213904367449,0.40298507462686567,8,0,1.0,0.0,False
TAC1_NK1,neuropeptide,Substance P,NK1 receptor,Endothelial,Pericyte,0.00232965555631595,1088,0.9959645808086011,1.0,11,0,1.0,0.0,False
CCK_R,neuropeptide,Cholecystokinin,CCK receptor,Inhibitory neuron,Oligodendrocyte,0.002319800431298157,13550,1.0,1.0,12,0,1.0,0.0,False
TRH_R,neuropeptide,TRH,TRH receptor,Oligodendrocyte,Oligodendrocyte,0.0023187838058089712,38050,1.0,1.0,12,0,1.0,0.0,False
CRH_R,neuropeptide,CRH,CRH receptor,Microglia,Microglia,0.0023170406509488194,238,0.9999099343864472,1.0,6,0,1.0,0.0,False
GAL_R,neuropeptide,Galanin,Galanin receptor,Oligodendrocyte,OPC,0.002313309995410599,3319,0.9999994104467259,1.0,12,0,1.0,0.0,False
OXT_R,neuropeptide,Oxytocin,Oxytocin receptor,OPC,Pericyte,0.0022926212969381155,199,0.27708010782709946,0.22885572139303484,2,0,1.0,0.0,False
PENK_OPR,neuropeptide,Enkephalin,Delta/mu opioid receptor,Astrocyte,Excitatory neuron,0.002291542828128897,17488,0.41400097173919526,0.40298507462686567,12,0,1.0,0.0,False
TRH_R,neuropeptide,TRH,TRH receptor,Ependymal,Microglia,0.002286000035298436,172,0.7635725844504689,0.7512437810945274,6,0,1.0,0.0,False
TAC1_NK1,neuropeptide,Substance P,NK1 receptor,Astrocyte,Pericyte,0.002282526305113581,938,0.9902845238571409,1.0,12,0,1.0,0.0,False
NTS_R,neuropeptide,Neurotensin,Neurotensin receptor,Ependymal,Excitatory neuron,0.002270980528587347,1292,0.6802621027777644,0.681592039800995,8,0,1.0,0.0,False
PENK_OPR,neuropeptide,Enkephalin,Delta/mu opioid receptor,OPC,Pericyte,0.002260482044605042,199,0.9838637523924322,1.0,2,0,1.0,0.0,False
GAL_R,neuropeptide,Galanin,Galanin receptor,Pericyte,Ependymal,0.0022413952683564276,30,0.9187450194758777,0.9303482587064676,0,0,1.0,0.0,False
TRH_R,neuropeptide,TRH,TRH receptor,Astrocyte,Endothelial,0.0021866396622659203,9929,1.0,1.0,12,0,1.0,0.0,False
TAC1_NK1,neuropeptide,Substance P,NK1 receptor,OPC,Microglia,0.0021524898329127783,748,0.9999013085536591,1.0,12,0,1.0,0.0,False
NTS_R,neuropeptide,Neurotensin,Neurotensin receptor,Pericyte,Microglia,0.002131209888479166,114,0.33425716415896745,0.32338308457711445,2,0,1.0,0.0,False
OXT_R,neuropeptide,Oxytocin,Oxytocin receptor,OPC,Astrocyte,0.0021243398515168677,4232,0.8982019876544307,0.900497512437811,12,0,1.0,0.0,False
PENK_OPR,neuropeptide,Enkephalin,Delta/mu opioid receptor,Pericyte,OPC,0.002121476026254252,199,0.4578654384269327,0.4129353233830846,2,0,1.0,0.0,False
TRH_R,neuropeptide,TRH,TRH receptor,Oligodendrocyte,OPC,0.00211757025528858,3319,0.9999895073749666,1.0,12,0,1.0,0.0,False
OXT_R,neuropeptide,Oxytocin,Oxytocin receptor,Inhibitory neuron,Oligodendrocyte,0.002114760288607032,13550,0.9999999999942355,1.0,12,0,1.0,0.0,False
PENK_OPR,neuropeptide,Enkephalin,Delta/mu opioid receptor,Astrocyte,OPC,0.0021136375731968795,4232,0.726441564139721,0.681592039800995,12,0,1.0,0.0,False
TAC1_NK1,neuropeptide,Substance P,NK1 receptor,OPC,Astrocyte,0.002106745991085989,4232,1.0,1.0,12,0,1.0,0.0,False
CRH_R,neuropeptide,CRH,CRH receptor,Oligodendrocyte,Oligodendrocyte,0.002100107712043162,38050,1.0,1.0,12,0,1.0,0.0,False
TAC1_NK1,neuropeptide,Substance P,NK1 receptor,OPC,Endothelial,0.002097502128734328,2586,0.9999999999999984,1.0,12,0,1.0,0.0,False
TAC1_NK1,neuropeptide,Substance P,NK1 receptor,Microglia,OPC,0.0020921903011516074,748,0.9880722376964569,1.0,12,0,1.0,0.0,False
GAL_R,neuropeptide,Galanin,Galanin receptor,Pericyte,OPC,0.0020621286499617917,199,0.9845399635825919,0.9900497512437811,2,0,1.0,0.0,False
TRH_R,neuropeptide,TRH,TRH receptor,Astrocyte,Ependymal,0.002058367032309939,1440,1.0,1.0,9,0,1.0,0.0,False
TRH_R,neuropeptide,TRH,TRH receptor,Inhibitory neuron,Ependymal,0.002038790976862748,2594,0.999891479702832,1.0,9,0,1.0,0.0,False
GAL_R,neuropeptide,Galanin,Galanin receptor,Ependymal,Microglia,0.001976954427190385,172,0.9457384909903283,0.9651741293532339,6,0,1.0,0.0,False
NTS_R,neuropeptide,Neurotensin,Neurotensin receptor,Excitatory neuron,OPC,0.001962323767066169,4828,0.999354646157753,1.0,12,0,1.0,0.0,False
TRH_R,neuropeptide,TRH,TRH receptor,OPC,Ependymal,0.001952597571136517,321,0.9999975296209378,1.0,6,0,1.0,0.0,False
NTS_R,neuropeptide,Neurotensin,Neurotensin receptor,OPC,OPC,0.0019228514798288775,860,0.9925994441248687,0.9900497512437811,12,0,1.0,0.0,False
TAC1_NK1,neuropeptide,Substance P,NK1 receptor,Oligodendrocyte,Pericyte,0.0019218791876062164,389,0.8876012577497945,0.9303482587064676,8,0,1.0,0.0,False
TRH_R,neuropeptide,TRH,TRH receptor,Ependymal,Oligodendrocyte,0.0018978050430970533,175,0.9489907646919341,0.9850746268656716,3,0,1.0,0.0,False
PENK_OPR,neuropeptide,Enkephalin,Delta/mu opioid receptor,Endothelial,OPC,0.001883479313646112,2586,0.7457095536861974,0.736318407960199,12,0,1.0,0.0,False
PENK_OPR,neuropeptide,Enkephalin,Delta/mu opioid receptor,Microglia,Astrocyte,0.0018630531963867386,2282,0.8036541463653992,0.7910447761194029,12,0,1.0,0.0,False
TAC1_NK1,neuropeptide,Substance P,NK1 receptor,OPC,Oligodendrocyte,0.0018479608230206565,3319,0.996446012132587,1.0,12,0,1.0,0.0,False
CRH_R,neuropeptide,CRH,CRH receptor,Oligodendrocyte,Microglia,0.0018302673439494085,2710,0.999999998841035,1.0,12,0,1.0,0.0,False
TRH_R,neuropeptide,TRH,TRH receptor,Pericyte,Endothelial,0.0018270359034752747,1088,0.9872085586330028,0.9900497512437811,11,0,1.0,0.0,False
TRH_R,neuropeptide,TRH,TRH receptor,Ependymal,Excitatory neuron,0.0018229540891587827,1292,0.7749711063395996,0.7761194029850746,8,0,1.0,0.0,False
GAL_R,neuropeptide,Galanin,Galanin receptor,Oligodendrocyte,Microglia,0.0018114690784833123,2710,0.9999953660732747,1.0,12,0,1.0,0.0,False
TAC1_NK1,neuropeptide,Substance P,NK1 receptor,Ependymal,Microglia,0.0018094412029482597,172,0.9776770137427637,1.0,6,0,1.0,0.0,False
OXT_R,neuropeptide,Oxytocin,Oxytocin receptor,Endothelial,Excitatory neuron,0.00179213007759718,10606,0.8700468945974578,0.8905472636815921,12,1,1.0,0.08333333333333333,False
TRH_R,neuropeptide,TRH,TRH receptor,Oligodendrocyte,Microglia,0.0017638012651818877,2710,0.9999639303792689,1.0,12,0,1.0,0.0,False
TAC1_NK1,neuropeptide,Substance P,NK1 receptor,Endothelial,OPC,0.001738851792102631,2586,0.9435724695446914,0.9651741293532339,12,0,1.0,0.0,False
CRH_R,neuropeptide,CRH,CRH receptor,Pericyte,Ependymal,0.0017322690536578497,30,0.913586989924206,0.8706467661691543,0,0,1.0,0.0,False
OXT_R,neuropeptide,Oxytocin,Oxytocin receptor,Endothelial,Pericyte,0.0017314091564912815,1088,0.5959484152394031,0.5074626865671642,11,0,1.0,0.0,False
GAL_R,neuropeptide,Galanin,Galanin receptor,Pericyte,Pericyte,0.0017274658288351308,2344,0.9992385466098198,1.0,12,0,1.0,0.0,False
GAL_R,neuropeptide,Galanin,Galanin receptor,Excitatory neuron,Microglia,0.0017186629855907723,2702,0.999986903754489,1.0,12,0,1.0,0.0,False
TRH_R,neuropeptide,TRH,TRH receptor,Oligodendrocyte,Astrocyte,0.001684733589390857,8111,1.0,1.0,12,0,1.0,0.0,False
TAC1_NK1,neuropeptide,Substance P,NK1 receptor,Pericyte,Endothelial,0.001672877401313813,1088,0.9632145898181544,0.9751243781094527,11,1,1.0,0.09090909090909091,False
OXT_R,neuropeptide,Oxytocin,Oxytocin receptor,Inhibitory neuron,Microglia,0.00166593269623403,5978,0.9999961215737597,1.0,12,0,1.0,0.0,False
TAC1_NK1,neuropeptide,Substance P,NK1 receptor,Astrocyte,Microglia,0.0016616328421286191,2282,0.9999384124356119,1.0,12,0,1.0,0.0,False
NTS_R,neuropeptide,Neurotensin,Neurotensin receptor,Microglia,Microglia,0.0016583265177122935,238,0.6866436018294518,0.6666666666666666,6,0,1.0,0.0,False
PENK_OPR,neuropeptide,Enkephalin,Delta/mu opioid receptor,Endothelial,Microglia,0.0016575356907567822,1588,0.8870642883977826,0.8706467661691543,12,0,1.0,0.0,False
NTS_R,neuropeptide,Neurotensin,Neurotensin receptor,Excitatory neuron,Ependymal,0.001645568609908726,1292,0.9998847134355128,1.0,8,0,1.0,0.0,False
TRH_R,neuropeptide,TRH,TRH receptor,Inhibitory neuron,OPC,0.0016435579006137471,11526,0.6674357036405553,0.6218905472636815,12,0,1.0,0.0,False
OXT_R,neuropeptide,Oxytocin,Oxytocin receptor,Ependymal,Inhibitory neuron,0.0016381935099891618,2594,0.645031995256448,0.582089552238806,9,1,1.0,0.1111111111111111,False
NTS_R,neuropeptide,Neurotensin,Neurotensin receptor,Ependymal,OPC,0.0016256272114633446,321,0.9266228936699219,0.9601990049751243,6,0,1.0,0.0,False
TRH_R,neuropeptide,TRH,TRH receptor,Pericyte,OPC,0.001615422938706999,199,0.8487971087262746,0.8557213930348259,2,0,1.0,0.0,False
NTS_R,neuropeptide,Neurotensin,Neurotensin receptor,Inhibitory neuron,Ependymal,0.0016021742414386994,2594,0.9999999311875815,1.0,9,0,1.0,0.0,False
TAC1_NK1,neuropeptide,Substance P,NK1 receptor,Astrocyte,Oligodendrocyte,0.0015970587348598003,8111,0.9999999877259261,1.0,12,0,1.0,0.0,False
PENK_OPR,neuropeptide,Enkephalin,Delta/mu opioid receptor,Astrocyte,Microglia,0.0015944133988616493,2282,0.8783528763944488,0.8955223880597015,12,0,1.0,0.0,False
GAL_R,neuropeptide,Galanin,Galanin receptor,Excitatory neuron,Oligodendrocyte,0.0015810900102704705,7734,1.0,1.0,12,0,1.0,0.0,False
OXT_R,neuropeptide,Oxytocin,Oxytocin receptor,Excitatory neuron,Microglia,0.0015585986340434313,2702,0.9941575416652242,1.0,12,0,1.0,0.0,False
NTS_R,neuropeptide,Neurotensin,Neurotensin receptor,OPC,Microglia,0.0015479862006109726,748,0.9524679355638342,0.9751243781094527,12,0,1.0,0.0,False
OXT_R,neuropeptide,Oxytocin,Oxytocin receptor,Astrocyte,Inhibitory neuron,0.0015329309326652097,34680,0.2333952595692666,0.2736318407960199,12,4,1.0,0.3333333333333333,False
OXT_R,neuropeptide,Oxytocin,Oxytocin receptor,Endothelial,Endothelial,0.001531331725908586,9286,0.3810515224803678,0.35323383084577115,12,1,1.0,0.08333333333333333,False
TAC1_NK1,neuropeptide,Substance P,NK1 receptor,Microglia,Pericyte,0.0015253755160509236,114,0.9250293254600833,0.9402985074626866,2,0,1.0,0.0,False
TRH_R,neuropeptide,TRH,TRH receptor,Astrocyte,Pericyte,0.001505622864612239,938,0.9957420505731728,1.0,12,0,1.0,0.0,False
TRH_R,neuropeptide,TRH,TRH receptor,OPC,Microglia,0.0014863272433254474,748,0.999511627890923,1.0,12,0,1.0,0.0,False
PENK_OPR,neuropeptide,Enkephalin,Delta/mu opioid receptor,Microglia,Microglia,0.001480062208490587,238,0.564126424546583,0.5074626865671642,6,0,1.0,0.0,False
NTS_R,neuropeptide,Neurotensin,Neurotensin receptor,Endothelial,OPC,0.0014786548219788455,2586,0.9995181834658105,1.0,12,0,1.0,0.0,False
NTS_R,neuropeptide,Neurotensin,Neurotensin receptor,Ependymal,Endothelial,0.001476805322827437,780,0.9964704132910678,1.0,9,0,1.0,0.0,False
TAC1_NK1,neuropeptide,Substance P,NK1 receptor,Pericyte,Pericyte,0.0014753753110710282,2344,0.9999861041931708,1.0,12,0,1.0,0.0,False
OXT_R,neuropeptide,Oxytocin,Oxytocin receptor,Excitatory neuron,Oligodendrocyte,0.0014709376306411487,7734,0.9969074649382541,1.0,12,0,1.0,0.0,False
TRH_R,neuropeptide,TRH,TRH receptor,Endothelial,Pericyte,0.0014575103151561481,1088,0.9972954165015415,1.0,11,0,1.0,0.0,False
TRH_R,neuropeptide,TRH,TRH receptor,Microglia,Pericyte,0.0014515815020881985,114,0.9714157933189647,1.0,2,0,1.0,0.0,False
NTS_R,neuropeptide,Neurotensin,Neurotensin receptor,Astrocyte,Microglia,0.001435701416527459,2282,0.9978589371132023,1.0,12,0,1.0,0.0,False
TRH_R,neuropeptide,TRH,TRH receptor,Oligodendrocyte,Pericyte,0.0014308903549329777,389,0.9556231772388002,0.9850746268656716,8,0,1.0,0.0,False
OXT_R,neuropeptide,Oxytocin,Oxytocin receptor,Microglia,Astrocyte,0.001417265338036554,2282,0.5410750388281904,0.5472636815920398,12,1,1.0,0.08333333333333333,False
NTS_R,neuropeptide,Neurotensin,Neurotensin receptor,Astrocyte,OPC,0.0014117548037305108,4232,0.9999623698204458,1.0,12,0,1.0,0.0,False
NTS_R,neuropeptide,Neurotensin,Neurotensin receptor,Microglia,OPC,0.0014020675189969289,748,0.9549458700964022,0.9552238805970149,12,0,1.0,0.0,False
TAC1_NK1,neuropeptide,Substance P,NK1 receptor,Endothelial,Endothelial,0.0013991236751303194,9286,0.9999999999964767,1.0,12,0,1.0,0.0,False
TAC1_NK1,neuropeptide,Substance P,NK1 receptor,Pericyte,Oligodendrocyte,0.0013827283433961723,389,0.9730870904730615,0.9850746268656716,8,0,1.0,0.0,False
TAC1_NK1,neuropeptide,Substance P,NK1 receptor,Pericyte,Astrocyte,0.001378373930612903,938,0.9993503339816499,1.0,12,0,1.0,0.0,False
NTS_R,neuropeptide,Neurotensin,Neurotensin receptor,Excitatory neuron,Endothelial,0.0013773673177235862,10606,0.9999999999963936,1.0,12,0,1.0,0.0,False
TAC1_NK1,neuropeptide,Substance P,NK1 receptor,Astrocyte,Astrocyte,0.001360088273729143,15106,1.0,1.0,12,0,1.0,0.0,False
TAC1_NK1,neuropeptide,Substance P,NK1 receptor,Microglia,Astrocyte,0.0013517645612425124,2282,0.9999996768400345,1.0,12,0,1.0,0.0,False
TRH_R,neuropeptide,TRH,TRH receptor,OPC,Endothelial,0.0013459777210891527,2586,0.9999999945484958,1.0,12,0,1.0,0.0,False
TRH_R,neuropeptide,TRH,TRH receptor,Pericyte,Astrocyte,0.0013302963505412684,938,0.9991999017335477,1.0,12,1,1.0,0.08333333333333333,False
TAC1_NK1,neuropeptide,Substance P,NK1 receptor,Astrocyte,Endothelial,0.0013239907911782472,9929,1.0,1.0,12,0,1.0,0.0,False
GAL_R,neuropeptide,Galanin,Galanin receptor,Oligodendrocyte,Oligodendrocyte,0.0013218838462401323,38050,1.0,1.0,12,0,1.0,0.0,False
OXT_R,neuropeptide,Oxytocin,Oxytocin receptor,OPC,Ependymal,0.0012864754555657698,321,0.97435529763804,0.9950248756218906,6,0,1.0,0.0,False
PENK_OPR,neuropeptide,Enkephalin,Delta/mu opioid receptor,Astrocyte,Astrocyte,0.0012773796999840938,15106,0.99997116884929,1.0,12,0,1.0,0.0,False
TRH_R,neuropeptide,TRH,TRH receptor,Pericyte,Oligodendrocyte,0.001275140447075213,389,0.9853709162621326,0.9900497512437811,8,0,1.0,0.0,False
NTS_R,neuropeptide,Neurotensin,Neurotensin receptor,OPC,Endothelial,0.001267941125757675,2586,0.999996514073182,1.0,12,0,1.0,0.0,False
TRH_R,neuropeptide,TRH,TRH receptor,Ependymal,Pericyte,0.001265053575237592,30,0.6912425562413945,0.6467661691542289,0,0,1.0,0.0,False
PENK_OPR,neuropeptide,Enkephalin,Delta/mu opioid receptor,Endothelial,Endothelial,0.0012629266686559216,9286,0.9993547560952358,1.0,12,0,1.0,0.0,False
PENK_OPR,neuropeptide,Enkephalin,Delta/mu opioid receptor,Pericyte,Astrocyte,0.001238935003560389,938,0.8971666556890261,0.9154228855721394,12,0,1.0,0.0,False
PENK_OPR,neuropeptide,Enkephalin,Delta/mu opioid receptor,Microglia,OPC,0.001222981720849035,748,0.8950720414194753,0.8955223880597015,12,0,1.0,0.0,False
TRH_R,neuropeptide,TRH,TRH receptor,OPC,Astrocyte,0.0012209394457287797,4232,0.9999999999999879,1.0,12,0,1.0,0.0,False
TRH_R,neuropeptide,TRH,TRH receptor,Pericyte,Microglia,0.0012191309054431162,114,0.8631848559412212,0.9154228855721394,2,0,1.0,0.0,False
TAC1_NK1,neuropeptide,Substance P,NK1 receptor,Endothelial,Astrocyte,0.0012181902561479497,9929,0.9999999999898054,1.0,12,0,1.0,0.0,False
PENK_OPR,neuropeptide,Enkephalin,Delta/mu opioid receptor,OPC,Oligodendrocyte,0.0012126579938957153,3319,0.9998012455566364,1.0,12,0,1.0,0.0,False
OXT_R,neuropeptide,Oxytocin,Oxytocin receptor,Ependymal,Ependymal,0.0011970484486461721,16178,0.879969692592557,0.8656716417910447,9,0,1.0,0.0,False
PENK_OPR,neuropeptide,Enkephalin,Delta/mu opioid receptor,Excitatory neuron,Pericyte,0.0011944485187225216,755,0.9517943055896528,0.9950248756218906,12,0,1.0,0.0,False
PENK_OPR,neuropeptide,Enkephalin,Delta/mu opioid receptor,Ependymal,Oligodendrocyte,0.0011849528338227953,175,0.3461131817831198,0.2885572139303483,3,0,1.0,0.0,False
PENK_OPR,neuropeptide,Enkephalin,Delta/mu opioid receptor,Endothelial,Astrocyte,0.0011824946929980954,9929,0.9999978695709689,1.0,12,0,1.0,0.0,False
NTS_R,neuropeptide,Neurotensin,Neurotensin receptor,Excitatory neuron,Astrocyte,0.0011744435706880416,17488,1.0,1.0,12,0,1.0,0.0,False
NTS_R,neuropeptide,Neurotensin,Neurotensin receptor,OPC,Ependymal,0.0011332559602761588,321,0.9988035967649039,1.0,6,0,1.0,0.0,False
TRH_R,neuropeptide,TRH,TRH receptor,Oligodendrocyte,Endothelial,0.0011251856092789926,6041,1.0,1.0,12,0,1.0,0.0,False
TAC1_NK1,neuropeptide,Substance P,NK1 receptor,Microglia,Endothelial,0.0011184410965779763,1588,0.999999772851431,1.0,12,0,1.0,0.0,False
GAL_R,neuropeptide,Galanin,Galanin receptor,Excitatory neuron,Pericyte,0.0011134436640068148,755,0.9920666642581298,1.0,12,0,1.0,0.0,False
NTS_R,neuropeptide,Neurotensin,Neurotensin receptor,OPC,Astrocyte,0.0010927349992097195,4232,0.9999999999765141,1.0,12,0,1.0,0.0,False
TAC1_NK1,neuropeptide,Substance P,NK1 receptor,Endothelial,Oligodendrocyte,0.0010893062890075715,6041,0.9998700998764835,1.0,12,0,1.0,0.0,False
NTS_R,neuropeptide,Neurotensin,Neurotensin receptor,Endothelial,Microglia,0.0010755281352753776,1588,0.9981418171351937,1.0,12,0,1.0,0.0,False
OXT_R,neuropeptide,Oxytocin,Oxytocin receptor,Astrocyte,Pericyte,0.0010384777446648776,938,0.7476880423512311,0.681592039800995,12,0,1.0,0.0,False
TAC1_NK1,neuropeptide,Substance P,NK1 receptor,Astrocyte,Ependymal,0.001036585286945208,1440,0.9999417786170302,1.0,9,0,1.0,0.0,False
NTS_R,neuropeptide,Neurotensin,Neurotensin receptor,Ependymal,Ependymal,0.0010341771007695854,16178,1.0,1.0,9,0,1.0,0.0,False
PENK_OPR,neuropeptide,Enkephalin,Delta/mu opioid receptor,Pericyte,Endothelial,0.001017222865116577,1088,0.4024697223985961,0.39800995024875624,11,0,1.0,0.0,False
PENK_OPR,neuropeptide,Enkephalin,Delta/mu opioid receptor,Oligodendrocyte,OPC,0.0010133737072351016,3319,0.8267904726427493,0.8557213930348259,12,0,1.0,0.0,False
PENK_OPR,neuropeptide,Enkephalin,Delta/mu opioid receptor,Microglia,Endothelial,0.001012374201313867,1588,0.9544318804829917,0.9751243781094527,12,0,1.0,0.0,False
OXT_R,neuropeptide,Oxytocin,Oxytocin receptor,Astrocyte,Astrocyte,0.001006158240449427,15106,0.577008135366982,0.5074626865671642,12,1,1.0,0.08333333333333333,False
PENK_OPR,neuropeptide,Enkephalin,Delta/mu opioid receptor,Endothelial,Oligodendrocyte,0.0009912566725008621,6041,0.9999584810655315,1.0,12,0,1.0,0.0,False
NTS_R,neuropeptide,Neurotensin,Neurotensin receptor,Endothelial,Ependymal,0.0009756835747677356,780,0.9999997085030238,1.0,9,0,1.0,0.0,False
TAC1_NK1,neuropeptide,Substance P,NK1 receptor,Microglia,Microglia,0.0009748822404854313,238,0.9873293892705461,1.0,6,0,1.0,0.0,False
PENK_OPR,neuropeptide,Enkephalin,Delta/mu opioid receptor,Oligodendrocyte,Endothelial,0.000962718559328918,6041,0.9988161421329812,1.0,12,0,1.0,0.0,False
TAC1_NK1,neuropeptide,Substance P,NK1 receptor,Ependymal,Oligodendrocyte,0.0009595624117978981,175,0.9449761264664513,1.0,3,0,1.0,0.0,False
TAC1_NK1,neuropeptide,Substance P,NK1 receptor,Oligodendrocyte,Astrocyte,0.000953566604755237,8111,0.9999999955978599,1.0,12,0,1.0,0.0,False
OXT_R,neuropeptide,Oxytocin,Oxytocin receptor,OPC,OPC,0.0009526313974865209,860,0.9775074515035146,0.9950248756218906,12,0,1.0,0.0,False
OXT_R,neuropeptide,Oxytocin,Oxytocin receptor,Pericyte,Pericyte,0.0009513801130411134,2344,0.6149579402497221,0.4975124378109453,12,0,1.0,0.0,False
TAC1_NK1,neuropeptide,Substance P,NK1 receptor,Endothelial,Microglia,0.0009480521755271899,1588,0.9969905343150116,1.0,12,0,1.0,0.0,False
NTS_R,neuropeptide,Neurotensin,Neurotensin receptor,Oligodendrocyte,Ependymal,0.0009392869923197265,175,0.9667428467921956,0.9651741293532339,3,0,1.0,0.0,False
TRH_R,neuropeptide,TRH,TRH receptor,Microglia,Ependymal,0.0009358740251966168,172,0.9999297292652822,1.0,6,0,1.0,0.0,False
NTS_R,neuropeptide,Neurotensin,Neurotensin receptor,Astrocyte,Astrocyte,0.0009260266445892578,15106,1.0,1.0,12,0,1.0,0.0,False
PENK_OPR,neuropeptide,Enkephalin,Delta/mu opioid receptor,Astrocyte,Endothelial,0.0009257299902952355,9929,0.9999997570773537,1.0,12,0,1.0,0.0,False
NTS_R,neuropeptide,Neurotensin,Neurotensin receptor,Astrocyte,Endothelial,0.0009231601501096058,9929,1.0,1.0,12,0,1.0,0.0,False
OXT_R,neuropeptide,Oxytocin,Oxytocin receptor,OPC,Endothelial,0.0009222990543400034,2586,0.9977235126640371,1.0,12,0,1.0,0.0,False
OXT_R,neuropeptide,Oxytocin,Oxytocin receptor,Endothelial,Astrocyte,0.0009196133093906624,9929,0.9876608783373715,0.9900497512437811,12,0,1.0,0.0,False
TRH_R,neuropeptide,TRH,TRH receptor,Ependymal,Astrocyte,0.0009071597046082995,1440,0.9999321848157015,1.0,9,0,1.0,0.0,False
TRH_R,neuropeptide,TRH,TRH receptor,Ependymal,Endothelial,0.0008496135552354062,780,0.982591347886458,0.9950248756218906,9,1,1.0,0.1111111111111111,False
NTS_R,neuropeptide,Neurotensin,Neurotensin receptor,Astrocyte,Ependymal,0.0008381372549896089,1440,0.9999999957140137,1.0,9,0,1.0,0.0,False
TAC1_NK1,neuropeptide,Substance P,NK1 receptor,Oligodendrocyte,OPC,0.0007999778855810181,3319,0.9947517116432364,0.9950248756218906,12,0,1.0,0.0,False
NTS_R,neuropeptide,Neurotensin,Neurotensin receptor,Endothelial,Astrocyte,0.0007918501763133668,9929,1.0,1.0,12,0,1.0,0.0,False
PENK_OPR,neuropeptide,Enkephalin,Delta/mu opioid receptor,Ependymal,Endothelial,0.0007848252351276386,780,0.9044689217322912,0.9154228855721394,9,0,1.0,0.0,False
PENK_OPR,neuropeptide,Enkephalin,Delta/mu opioid receptor,OPC,Microglia,0.0007817340562777484,748,0.9977355720714675,1.0,12,0,1.0,0.0,False
NTS_R,neuropeptide,Neurotensin,Neurotensin receptor,Excitatory neuron,Oligodendrocyte,0.0007743383846917947,7734,1.0,1.0,12,0,1.0,0.0,False
PENK_OPR,neuropeptide,Enkephalin,Delta/mu opioid receptor,Oligodendrocyte,Astrocyte,0.0007697506955992924,8111,0.9999997688090194,1.0,12,0,1.0,0.0,False
NTS_R,neuropeptide,Neurotensin,Neurotensin receptor,Microglia,Astrocyte,0.0007681641538421754,2282,0.999999916064697,1.0,12,0,1.0,0.0,False
TRH_R,neuropeptide,TRH,TRH receptor,Inhibitory neuron,Endothelial,0.0007584584662868946,22914,0.9999999979117238,1.0,12,0,1.0,0.0,False
NTS_R,neuropeptide,Neurotensin,Neurotensin receptor,Excitatory neuron,Pericyte,0.0007532066628198133,755,0.9989545183054452,1.0,12,0,1.0,0.0,False
PENK_OPR,neuropeptide,Enkephalin,Delta/mu opioid receptor,Microglia,Oligodendrocyte,0.0007502882955374619,2710,0.7722937683403186,0.7661691542288557,12,0,1.0,0.0,False
TAC1_NK1,neuropeptide,Substance P,NK1 receptor,Microglia,Oligodendrocyte,0.0007448082301779427,2710,0.9997641046957818,1.0,12,0,1.0,0.0,False
PENK_OPR,neuropeptide,Enkephalin,Delta/mu opioid receptor,Ependymal,Ependymal,0.0007443606332707249,16178,0.9826640148963444,0.9900497512437811,9,0,1.0,0.0,False
NTS_R,neuropeptide,Neurotensin,Neurotensin receptor,Oligodendrocyte,Microglia,0.0007354809847421196,2710,0.996686483067823,1.0,12,0,1.0,0.0,False
NTS_R,neuropeptide,Neurotensin,Neurotensin receptor,Microglia,Ependymal,0.000733683159206669,172,0.9959582703249041,1.0,6,0,1.0,0.0,False
OXT_R,neuropeptide,Oxytocin,Oxytocin receptor,Astrocyte,OPC,0.0007325681172573076,4232,0.7162517410867837,0.6616915422885572,12,0,1.0,0.0,False
OXT_R,neuropeptide,Oxytocin,Oxytocin receptor,OPC,Microglia,0.0007275720332365702,748,0.8940968531996212,0.9950248756218906,12,0,1.0,0.0,False
OXT_R,neuropeptide,Oxytocin,Oxytocin receptor,Oligodendrocyte,Excitatory neuron,0.0007085064514205747,7734,0.5030505388380518,0.4626865671641791,12,0,1.0,0.0,False
NTS_R,neuropeptide,Neurotensin,Neurotensin receptor,Oligodendrocyte,Endothelial,0.0007059987243761331,6041,0.9999999951193447,1.0,12,0,1.0,0.0,False
NTS_R,neuropeptide,Neurotensin,Neurotensin receptor,Pericyte,Oligodendrocyte,0.0006860171511750142,389,0.9310552770427574,0.9800995024875622,8,0,1.0,0.0,False
NTS_R,neuropeptide,Neurotensin,Neurotensin receptor,Pericyte,Astrocyte,0.0006813496643025031,938,0.9998263371211468,1.0,12,0,1.0,0.0,False
TRH_R,neuropeptide,TRH,TRH receptor,Oligodendrocyte,Ependymal,0.0006680578738451005,175,0.9973582244850028,1.0,3,0,1.0,0.0,False
NTS_R,neuropeptide,Neurotensin,Neurotensin receptor,Oligodendrocyte,Astrocyte,0.0006597741148815168,8111,0.9999999999999643,1.0,12,0,1.0,0.0,False
TRH_R,neuropeptide,TRH,TRH receptor,Inhibitory neuron,Astrocyte,0.0006584814581743042,34680,1.0,1.0,12,0,1.0,0.0,False
OXT_R,neuropeptide,Oxytocin,Oxytocin receptor,Endothelial,OPC,0.0006531686700110907,2586,0.8795611901731013,0.900497512437811,12,0,1.0,0.0,False
NTS_R,neuropeptide,Neurotensin,Neurotensin receptor,OPC,Oligodendrocyte,0.0006432398496325874,3319,0.9999997494664608,1.0,12,0,1.0,0.0,False
NTS_R,neuropeptide,Neurotensin,Neurotensin receptor,Astrocyte,Pericyte,0.000633508780428684,938,0.9982033344258783,1.0,12,0,1.0,0.0,False
TRH_R,neuropeptide,TRH,TRH receptor,Ependymal,OPC,0.0006261534645799489,321,0.9883898779041216,1.0,6,0,1.0,0.0,False
TRH_R,neuropeptide,TRH,TRH receptor,Inhibitory neuron,Microglia,0.0006255741803843373,5978,0.9999412562668935,1.0,12,0,1.0,0.0,False
NTS_R,neuropeptide,Neurotensin,Neurotensin receptor,Microglia,Endothelial,0.0006246502811467123,1588,0.9999997975897468,1.0,12,0,1.0,0.0,False
OXT_R,neuropeptide,Oxytocin,Oxytocin receptor,Astrocyte,Endothelial,0.0006230376573157656,9929,0.978779709954144,1.0,12,0,1.0,0.0,False
NTS_R,neuropeptide,Neurotensin,Neurotensin receptor,Endothelial,Endothelial,0.0006197597657266433,9286,1.0,1.0,12,0,1.0,0.0,False
TAC1_NK1,neuropeptide,Substance P,NK1 receptor,Oligodendrocyte,Endothelial,0.0006138257939093337,6041,0.9999999966203202,1.0,12,0,1.0,0.0,False
OXT_R,neuropeptide,Oxytocin,Oxytocin receptor,Oligodendrocyte,Ependymal,0.0006121504945414407,175,0.5138946332032631,0.48258706467661694,3,0,1.0,0.0,False
TRH_R,neuropeptide,TRH,TRH receptor,OPC,Pericyte,0.0006110371867353892,199,0.9672232377511781,0.9950248756218906,2,0,1.0,0.0,False
NTS_R,neuropeptide,Neurotensin,Neurotensin receptor,Oligodendrocyte,OPC,0.0006001654430060172,3319,0.9999763331411592,1.0,12,0,1.0,0.0,False
NTS_R,neuropeptide,Neurotensin,Neurotensin receptor,Astrocyte,Oligodendrocyte,0.0006001630518842359,8111,1.0,1.0,12,0,1.0,0.0,False
NTS_R,neuropeptide,Neurotensin,Neurotensin receptor,Pericyte,OPC,0.0005975447120683165,199,0.9131625699075411,0.9651741293532339,2,0,1.0,0.0,False
TRH_R,neuropeptide,TRH,TRH receptor,Inhibitory neuron,Oligodendrocyte,0.0005845081963499267,13550,0.9999935554596202,1.0,12,0,1.0,0.0,False
PENK_OPR,neuropeptide,Enkephalin,Delta/mu opioid receptor,Astrocyte,Oligodendrocyte,0.0005678740575860356,8111,0.9999999956903839,1.0,12,0,1.0,0.0,False
PENK_OPR,neuropeptide,Enkephalin,Delta/mu opioid receptor,Pericyte,Oligodendrocyte,0.000561995369832302,389,0.9709937808553907,0.9800995024875622,8,0,1.0,0.0,False
TRH_R,neuropeptide,TRH,TRH receptor,Pericyte,Pericyte,0.0005613568945104056,2344,0.9999926741218025,1.0,12,0,1.0,0.0,False
TAC1_NK1,neuropeptide,Substance P,NK1 receptor,Oligodendrocyte,Microglia,0.0005582228837993573,2710,0.9995010913659336,1.0,12,0,1.0,0.0,False
TRH_R,neuropeptide,TRH,TRH receptor,Ependymal,Ependymal,0.0005559087443629732,16178,1.0,1.0,9,0,1.0,0.0,False
OXT_R,neuropeptide,Oxytocin,Oxytocin receptor,Oligodendrocyte,Pericyte,0.0005417519436363887,389,0.36613219550041315,0.2885572139303483,8,0,1.0,0.0,False
NTS_R,neuropeptide,Neurotensin,Neurotensin receptor,Microglia,Oligodendrocyte,0.0005378442349808455,2710,0.999999033379844,1.0,12,0,1.0,0.0,False
NTS_R,neuropeptide,Neurotensin,Neurotensin receptor,Ependymal,Microglia,0.0005256901413938681,172,0.9504376141428846,0.9850746268656716,6,1,1.0,0.16666666666666666,False
NTS_R,neuropeptide,Neurotensin,Neurotensin receptor,Endothelial,Oligodendrocyte,0.000505985148047908,6041,1.0,1.0,12,0,1.0,0.0,False
OXT_R,neuropeptide,Oxytocin,Oxytocin receptor,Microglia,OPC,0.0004993214374370774,748,0.7466414753164318,0.7164179104477612,12,0,1.0,0.0,False
NTS_R,neuropeptide,Neurotensin,Neurotensin receptor,Ependymal,Astrocyte,0.0004865452597490124,1440,0.9999998125386503,1.0,9,0,1.0,0.0,False
OXT_R,neuropeptide,Oxytocin,Oxytocin receptor,Pericyte,Endothelial,0.0004437885744504028,1088,0.7200367051196749,0.6567164179104478,11,1,1.0,0.09090909090909091,False
NTS_R,neuropeptide,Neurotensin,Neurotensin receptor,Oligodendrocyte,Pericyte,0.0004309623909461465,389,0.9833577773422852,0.9950248756218906,8,0,1.0,0.0,False
OXT_R,neuropeptide,Oxytocin,Oxytocin receptor,Endothelial,Microglia,0.00042372452505976807,1588,0.8906803667346714,0.9751243781094527,12,0,1.0,0.0,False
NTS_R,neuropeptide,Neurotensin,Neurotensin receptor,Pericyte,Endothelial,0.00042328844842011356,1088,0.9988200438208575,1.0,11,0,1.0,0.0,False
OXT_R,neuropeptide,Oxytocin,Oxytocin receptor,Microglia,Pericyte,0.00040524440262009175,114,0.652036750882489,0.5572139303482587,2,0,1.0,0.0,False
NTS_R,neuropeptide,Neurotensin,Neurotensin receptor,Pericyte,Pericyte,0.00040347760040068654,2344,0.9999107232878558,1.0,12,0,1.0,0.0,False
NTS_R,neuropeptide,Neurotensin,Neurotensin receptor,OPC,Pericyte,0.00040180800101209674,199,0.9916230895112687,1.0,2,0,1.0,0.0,False
OXT_R,neuropeptide,Oxytocin,Oxytocin receptor,Microglia,Endothelial,0.00039732654208624713,1588,0.9269145874371566,0.9751243781094527,12,0,1.0,0.0,False
OXT_R,neuropeptide,Oxytocin,Oxytocin receptor,Oligodendrocyte,Endothelial,0.0003937105978763172,6041,0.44054334720010385,0.36318407960199006,12,1,1.0,0.08333333333333333,False
NTS_R,neuropeptide,Neurotensin,Neurotensin receptor,Microglia,Pericyte,0.000388963660633747,114,0.9489449039718708,0.9651741293532339,2,0,1.0,0.0,False
OXT_R,neuropeptide,Oxytocin,Oxytocin receptor,Ependymal,OPC,0.0003836118236091278,321,0.7387408708473682,0.6965174129353234,6,0,1.0,0.0,False
PENK_OPR,neuropeptide,Enkephalin,Delta/mu opioid receptor,Astrocyte,Pericyte,0.00037845808185829616,938,0.9959220326269983,1.0,12,0,1.0,0.0,False
PENK_OPR,neuropeptide,Enkephalin,Delta/mu opioid receptor,Microglia,Ependymal,0.00035183804467060536,172,0.9555592458719413,0.9651741293532339,6,0,1.0,0.0,False
OXT_R,neuropeptide,Oxytocin,Oxytocin receptor,Astrocyte,Microglia,0.0003487582042597815,2282,0.9502033092622186,0.9850746268656716,12,0,1.0,0.0,False
OXT_R,neuropeptide,Oxytocin,Oxytocin receptor,Oligodendrocyte,Astrocyte,0.0003398418784532768,8111,0.8227024599154519,0.8308457711442786,12,0,1.0,0.0,False
PENK_OPR,neuropeptide,Enkephalin,Delta/mu opioid receptor,Oligodendrocyte,Microglia,0.0003376071114994089,2710,0.9641070147511653,1.0,12,0,1.0,0.0,False
OXT_R,neuropeptide,Oxytocin,Oxytocin receptor,OPC,Oligodendrocyte,0.0003095077935162327,3319,0.9936684123927358,1.0,12,0,1.0,0.0,False
TAC1_NK1,neuropeptide,Substance P,NK1 receptor,Oligodendrocyte,Oligodendrocyte,0.00030121929597137293,38050,0.9999999999999937,1.0,12,0,1.0,0.0,False
NTS_R,neuropeptide,Neurotensin,Neurotensin receptor,Endothelial,Pericyte,0.0002964303104604101,1088,0.9951279624116609,1.0,11,1,1.0,0.09090909090909091,False
TAC1_NK1,neuropeptide,Substance P,NK1 receptor,Pericyte,Microglia,0.0002892272589777253,114,0.9768988992687616,1.0,2,0,1.0,0.0,False
NTS_R,neuropeptide,Neurotensin,Neurotensin receptor,Oligodendrocyte,Oligodendrocyte,0.000288048274386153,38050,1.0,1.0,12,0,1.0,0.0,False
PENK_OPR,neuropeptide,Enkephalin,Delta/mu opioid receptor,Endothelial,Pericyte,0.0002715211129631879,1088,0.9778893525697481,0.9850746268656716,11,0,1.0,0.0,False
PENK_OPR,neuropeptide,Enkephalin,Delta/mu opioid receptor,Pericyte,Pericyte,0.00026711717316513396,2344,0.9998286635263294,1.0,12,0,1.0,0.0,False
TRH_R,neuropeptide,TRH,TRH receptor,Inhibitory neuron,Pericyte,0.00026292939813894295,1543,0.9966355928597217,1.0,12,0,1.0,0.0,False
OXT_R,neuropeptide,Oxytocin,Oxytocin receptor,Pericyte,Astrocyte,0.00023552778560215475,938,0.8881079213130026,0.9552238805970149,12,0,1.0,0.0,False
PENK_OPR,neuropeptide,Enkephalin,Delta/mu opioid receptor,Oligodendrocyte,Pericyte,0.0002010549659314649,389,0.9835941817580249,0.9950248756218906,8,0,1.0,0.0,False
OXT_R,neuropeptide,Oxytocin,Oxytocin receptor,Oligodendrocyte,OPC,0.0001894795088291052,3319,0.8494200848491111,0.8805970149253731,12,0,1.0,0.0,False
TAC1_NK1,neuropeptide,Substance P,NK1 receptor,Oligodendrocyte,Ependymal,0.0001790211595860975,175,0.9627600468545459,0.9950248756218906,3,0,1.0,0.0,False
OXT_R,neuropeptide,Oxytocin,Oxytocin receptor,Microglia,Microglia,0.00016559537171440965,238,0.8076464100576204,0.8805970149253731,6,0,1.0,0.0,False
OXT_R,neuropeptide,Oxytocin,Oxytocin receptor,Endothelial,Oligodendrocyte,0.00016530990535103523,6041,0.9566017098915265,1.0,12,0,1.0,0.0,False
PENK_OPR,neuropeptide,Enkephalin,Delta/mu opioid receptor,Ependymal,Astrocyte,0.00016377736558044692,1440,0.9325544609983051,0.9850746268656716,9,0,1.0,0.0,False
OXT_R,neuropeptide,Oxytocin,Oxytocin receptor,Ependymal,Astrocyte,0.00016052413324764024,1440,0.8942374372646587,0.9552238805970149,9,0,1.0,0.0,False
PENK_OPR,neuropeptide,Enkephalin,Delta/mu opioid receptor,Oligodendrocyte,Oligodendrocyte,0.00015550737300795708,38050,0.9999999781071959,1.0,12,0,1.0,0.0,False
NTS_R,neuropeptide,Neurotensin,Neurotensin receptor,Pericyte,Ependymal,0.00015104104143877825,30,0.8557788521186528,0.835820895522388,0,0,1.0,0.0,False
NTS_R,neuropeptide,Neurotensin,Neurotensin receptor,Ependymal,Oligodendrocyte,0.000148422864398786,175,0.9961862723986713,1.0,3,0,1.0,0.0,False
PENK_OPR,neuropeptide,Enkephalin,Delta/mu opioid receptor,Pericyte,Microglia,0.00013849034031297554,114,0.8689369433295157,0.9353233830845771,2,0,1.0,0.0,False
OXT_R,neuropeptide,Oxytocin,Oxytocin receptor,Astrocyte,Oligodendrocyte,0.00011576866264467766,8111,0.9755418328625757,1.0,12,0,1.0,0.0,False
OXT_R,neuropeptide,Oxytocin,Oxytocin receptor,Pericyte,OPC,0.00010246596820933286,199,0.7357428359795904,0.8059701492537313,2,0,1.0,0.0,False
PENK_OPR,neuropeptide,Enkephalin,Delta/mu opioid receptor,Microglia,Pericyte,0.0001021357367566803,114,0.8606399071917085,0.9751243781094527,2,0,1.0,0.0,False
OXT_R,neuropeptide,Oxytocin,Oxytocin receptor,Pericyte,Oligodendrocyte,6.395785418125994e-05,389,0.6826345609745543,0.9154228855721394,8,0,1.0,0.0,False
OXT_R,neuropeptide,Oxytocin,Oxytocin receptor,Microglia,Oligodendrocyte,5.9352337059047675e-05,2710,0.9101632444770651,0.9900497512437811,12,0,1.0,0.0,False
OXT_R,neuropeptide,Oxytocin,Oxytocin receptor,Oligodendrocyte,Microglia,5.556365268566341e-05,2710,0.9932754049033243,1.0,12,0,1.0,0.0,False
OXT_R,neuropeptide,Oxytocin,Oxytocin receptor,Ependymal,Endothelial,4.39189517727265e-05,780,0.8411104148518973,0.9950248756218906,9,0,1.0,0.0,False
OXT_R,neuropeptide,Oxytocin,Oxytocin receptor,Oligodendrocyte,Oligodendrocyte,4.37267686124935e-05,38050,0.999999653756121,1.0,12,0,1.0,0.0,False
