section,method,coverage,accuracy_resolved,accuracy_overall,chance_majority_layer
151507,neurostias_layer_test,0.19853115375503436,0.5322195704057279,0.1056621653636579,0.36010424070125563
151507,layer_panel_argmax,1.0,0.2850035536602701,0.2850035536602701,0.36010424070125563
151508,neurostias_layer_test,0.1734763752567907,0.49078947368421055,0.0851403789089249,0.3834740926729057
151508,layer_panel_argmax,1.0,0.2433234421364985,0.2433234421364985,0.3834740926729057
151509,neurostias_layer_test,0.15183792815371763,0.5006877579092159,0.07602339181286549,0.5192147034252298
151509,layer_panel_argmax,1.0,0.25083542188805347,0.25083542188805347,0.5192147034252298
151510,neurostias_layer_test,0.1603917301414581,0.47761194029850745,0.07660500544069641,0.5275299238302503
151510,layer_panel_argmax,1.0,0.24221980413492927,0.24221980413492927,0.5275299238302503
151669,neurostias_layer_test,0.1630913091309131,0.37268128161888703,0.06078107810781078,0.5888338833883389
151669,layer_panel_argmax,1.0,0.2378987898789879,0.2378987898789879,0.5888338833883389
151670,neurostias_layer_test,0.17766934557979333,0.3715670436187399,0.06601607347876004,0.6242824339839265
151670,layer_panel_argmax,1.0,0.24052812858783007,0.24052812858783007,0.6242824339839265
151671,neurostias_layer_test,0.19814317126801856,0.2872996300863132,0.056926459809430736,0.46860493525531394
151671,layer_panel_argmax,1.0,0.24627412655753725,0.24627412655753725,0.46860493525531394
151672,neurostias_layer_test,0.25385802469135804,0.3232016210739615,0.08204732510288065,0.4050925925925926
151672,layer_panel_argmax,1.0,0.24845679012345678,0.24845679012345678,0.4050925925925926
151673,neurostias_layer_test,0.287454998615342,0.5934489402697495,0.17058986430351702,0.34394904458598724
151673,layer_panel_argmax,1.0,0.3600110772639158,0.3600110772639158,0.34394904458598724
151674,neurostias_layer_test,0.28555708390646495,0.7090558766859345,0.20247592847317744,0.315818431911967
151674,layer_panel_argmax,1.0,0.37634112792297114,0.37634112792297114,0.315818431911967
151675,neurostias_layer_test,0.26247896803140774,0.7863247863247863,0.2063937184520471,0.29332585530005606
151675,layer_panel_argmax,1.0,0.3858665171060011,0.3858665171060011,0.29332585530005606
151676,neurostias_layer_test,0.28592247158262896,0.6187563710499491,0.17691635091809968,0.31769163509181
151676,layer_panel_argmax,1.0,0.3313902652287963,0.3313902652287963,0.31769163509181
