section,donor,grid_id,lam,hops,k_neighbors,cluster_method,ari
151507,Br5292,0,0.5,1,6,kmeans,0.2911743886079733
151507,Br5292,1,0.5,1,6,gmm,0.30403767734784753
151507,Br5292,2,0.5,1,18,kmeans,0.30982330905239935
151507,Br5292,3,0.5,1,18,gmm,0.43432570850876584
151507,Br5292,4,0.5,2,6,kmeans,0.3078125232664948
151507,Br5292,5,0.5,2,6,gmm,0.3606131182883934
151507,Br5292,6,0.5,2,18,kmeans,0.30656299443686025
151507,Br5292,7,0.5,2,18,gmm,0.38341513879813294
151507,Br5292,8,0.5,4,6,kmeans,0.31321351167463646
151507,Br5292,9,0.5,4,6,gmm,0.41651882817932867
151507,Br5292,10,0.5,4,18,kmeans,0.30259463081029736
151507,Br5292,11,0.5,4,18,gmm,0.36363929898370995
151507,Br5292,12,0.5,8,6,kmeans,0.3004434349676426
151507,Br5292,13,0.5,8,6,gmm,0.3103490012817472
151507,Br5292,14,0.5,8,18,kmeans,0.29614571973935605
151507,Br5292,15,0.5,8,18,gmm,0.3991193744754125
151507,Br5292,16,0.8,1,6,kmeans,0.29940015649075913
151507,Br5292,17,0.8,1,6,gmm,0.42890699985661873
151507,Br5292,18,0.8,1,18,kmeans,0.30057888820652284
151507,Br5292,19,0.8,1,18,gmm,0.41164621288284714
151507,Br5292,20,0.8,2,6,kmeans,0.31051782034624537
151507,Br5292,21,0.8,2,6,gmm,0.3671778403605536
151507,Br5292,22,0.8,2,18,kmeans,0.29938873278067446
151507,Br5292,23,0.8,2,18,gmm,0.40570280086555244
151507,Br5292,24,0.8,4,6,kmeans,0.30638588050650994
151507,Br5292,25,0.8,4,6,gmm,0.3989591877822028
151507,Br5292,26,0.8,4,18,kmeans,0.30505532873243946
151507,Br5292,27,0.8,4,18,gmm,0.40131685833654007
151507,Br5292,28,0.8,8,6,kmeans,0.30170669781107795
151507,Br5292,29,0.8,8,6,gmm,0.4104070636564435
151507,Br5292,30,0.8,8,18,kmeans,0.3058101278232971
151507,Br5292,31,0.8,8,18,gmm,0.4333641922256613
151507,Br5292,32,0.95,1,6,kmeans,0.29493998905449953
151507,Br5292,33,0.95,1,6,gmm,0.30660603397871755
151507,Br5292,34,0.95,1,18,kmeans,0.2976216438984622
151507,Br5292,35,0.95,1,18,gmm,0.35625507846543814
151507,Br5292,36,0.95,2,6,kmeans,0.3107891097945431
151507,Br5292,37,0.95,2,6,gmm,0.39381391590827114
151507,Br5292,38,0.95,2,18,kmeans,0.30198232129798985
151507,Br5292,39,0.95,2,18,gmm,0.4243784652533734
151507,Br5292,40,0.95,4,6,kmeans,0.30485323285130234
151507,Br5292,41,0.95,4,6,gmm,0.418534750770504
151507,Br5292,42,0.95,4,18,kmeans,0.30124195643326723
151507,Br5292,43,0.95,4,18,gmm,0.38838328816104356
151507,Br5292,44,0.95,8,6,kmeans,0.3062361062726603
151507,Br5292,45,0.95,8,6,gmm,0.3944615929996141
151507,Br5292,46,0.95,8,18,kmeans,0.3092872317136793
151507,Br5292,47,0.95,8,18,gmm,0.44413082564757195
151508,Br5292,0,0.5,1,6,kmeans,0.32685304906387525
151508,Br5292,1,0.5,1,6,gmm,0.28646912765476173
151508,Br5292,2,0.5,1,18,kmeans,0.3444464573647006
151508,Br5292,3,0.5,1,18,gmm,0.30659934904478353
151508,Br5292,4,0.5,2,6,kmeans,0.33691870475111885
151508,Br5292,5,0.5,2,6,gmm,0.29536355037184947
151508,Br5292,6,0.5,2,18,kmeans,0.3677130487729265
151508,Br5292,7,0.5,2,18,gmm,0.30672545231844195
151508,Br5292,8,0.5,4,6,kmeans,0.34819694648866234
151508,Br5292,9,0.5,4,6,gmm,0.398186788703119
151508,Br5292,10,0.5,4,18,kmeans,0.37141008684226007
151508,Br5292,11,0.5,4,18,gmm,0.3247037565830275
151508,Br5292,12,0.5,8,6,kmeans,0.36370158361046573
151508,Br5292,13,0.5,8,6,gmm,0.30470978363969486
151508,Br5292,14,0.5,8,18,kmeans,0.3975100469146692
151508,Br5292,15,0.5,8,18,gmm,0.3269473628352107
151508,Br5292,16,0.8,1,6,kmeans,0.33183430074630177
151508,Br5292,17,0.8,1,6,gmm,0.29596454539822736
151508,Br5292,18,0.8,1,18,kmeans,0.3526270408212482
151508,Br5292,19,0.8,1,18,gmm,0.31943845708105684
151508,Br5292,20,0.8,2,6,kmeans,0.331419315716373
151508,Br5292,21,0.8,2,6,gmm,0.29534252426332197
151508,Br5292,22,0.8,2,18,kmeans,0.3561504867785335
151508,Br5292,23,0.8,2,18,gmm,0.334934097348931
151508,Br5292,24,0.8,4,6,kmeans,0.34544281743827543
151508,Br5292,25,0.8,4,6,gmm,0.330694751905912
151508,Br5292,26,0.8,4,18,kmeans,0.36698208296069873
151508,Br5292,27,0.8,4,18,gmm,0.33174592684053916
151508,Br5292,28,0.8,8,6,kmeans,0.3581606327540979
151508,Br5292,29,0.8,8,6,gmm,0.3262491889538173
151508,Br5292,30,0.8,8,18,kmeans,0.3940702506747463
151508,Br5292,31,0.8,8,18,gmm,0.3167104723061187
151508,Br5292,32,0.95,1,6,kmeans,0.3361672620940717
151508,Br5292,33,0.95,1,6,gmm,0.2980286607143889
151508,Br5292,34,0.95,1,18,kmeans,0.3490308575279199
151508,Br5292,35,0.95,1,18,gmm,0.4148019742640372
151508,Br5292,36,0.95,2,6,kmeans,0.33080620032741515
151508,Br5292,37,0.95,2,6,gmm,0.3053130443549708
151508,Br5292,38,0.95,2,18,kmeans,0.3567581348354832
151508,Br5292,39,0.95,2,18,gmm,0.3507954211239633
151508,Br5292,40,0.95,4,6,kmeans,0.3473508439438446
151508,Br5292,41,0.95,4,6,gmm,0.4280587184005377
151508,Br5292,42,0.95,4,18,kmeans,0.3709057812585441
151508,Br5292,43,0.95,4,18,gmm,0.3579717129989735
151508,Br5292,44,0.95,8,6,kmeans,0.36334200133159317
151508,Br5292,45,0.95,8,6,gmm,0.35703461860245483
151508,Br5292,46,0.95,8,18,kmeans,0.3930511969219637
151508,Br5292,47,0.95,8,18,gmm,0.3240567286712361
151509,Br5292,0,0.5,1,6,kmeans,0.3064323257393664
151509,Br5292,1,0.5,1,6,gmm,0.3044040678695321
151509,Br5292,2,0.5,1,18,kmeans,0.31833476048656867
151509,Br5292,3,0.5,1,18,gmm,0.31043788762674934
151509,Br5292,4,0.5,2,6,kmeans,0.30629880869046366
151509,Br5292,5,0.5,2,6,gmm,0.3009149994618277
151509,Br5292,6,0.5,2,18,kmeans,0.32210232202809314
151509,Br5292,7,0.5,2,18,gmm,0.3122653020808037
151509,Br5292,8,0.5,4,6,kmeans,0.3180932365322129
151509,Br5292,9,0.5,4,6,gmm,0.3174336724539253
151509,Br5292,10,0.5,4,18,kmeans,0.3270482476812975
151509,Br5292,11,0.5,4,18,gmm,0.3089546598580428
151509,Br5292,12,0.5,8,6,kmeans,0.3253204370319616
151509,Br5292,13,0.5,8,6,gmm,0.306152385804142
151509,Br5292,14,0.5,8,18,kmeans,0.3324426271411626
151509,Br5292,15,0.5,8,18,gmm,0.38794487874789796
151509,Br5292,16,0.8,1,6,kmeans,0.3079426820520612
151509,Br5292,17,0.8,1,6,gmm,0.30247145748053067
151509,Br5292,18,0.8,1,18,kmeans,0.3108911392462921
151509,Br5292,19,0.8,1,18,gmm,0.3257176481274834
151509,Br5292,20,0.8,2,6,kmeans,0.31665450155533414
151509,Br5292,21,0.8,2,6,gmm,0.3166531825723056
151509,Br5292,22,0.8,2,18,kmeans,0.32221465503220614
151509,Br5292,23,0.8,2,18,gmm,0.3592023668487302
151509,Br5292,24,0.8,4,6,kmeans,0.3218951704231034
151509,Br5292,25,0.8,4,6,gmm,0.33622860845144104
151509,Br5292,26,0.8,4,18,kmeans,0.3310429211156027
151509,Br5292,27,0.8,4,18,gmm,0.35089886066061265
151509,Br5292,28,0.8,8,6,kmeans,0.3274654162889513
151509,Br5292,29,0.8,8,6,gmm,0.3512507215162111
151509,Br5292,30,0.8,8,18,kmeans,0.3250549328257113
151509,Br5292,31,0.8,8,18,gmm,0.32672367054993084
151509,Br5292,32,0.95,1,6,kmeans,0.3075808195456535
151509,Br5292,33,0.95,1,6,gmm,0.2981633728733904
151509,Br5292,34,0.95,1,18,kmeans,0.31483457993233327
151509,Br5292,35,0.95,1,18,gmm,0.31402247260420674
151509,Br5292,36,0.95,2,6,kmeans,0.31325438988661614
151509,Br5292,37,0.95,2,6,gmm,0.31268252954829756
151509,Br5292,38,0.95,2,18,kmeans,0.32206202345234686
151509,Br5292,39,0.95,2,18,gmm,0.33468959187341896
151509,Br5292,40,0.95,4,6,kmeans,0.32201465894464165
151509,Br5292,41,0.95,4,6,gmm,0.3573807348369621
151509,Br5292,42,0.95,4,18,kmeans,0.33294992980166793
151509,Br5292,43,0.95,4,18,gmm,0.3544518535562515
151509,Br5292,44,0.95,8,6,kmeans,0.3285356887074456
151509,Br5292,45,0.95,8,6,gmm,0.3608012466240343
151509,Br5292,46,0.95,8,18,kmeans,0.32129025026235963
151509,Br5292,47,0.95,8,18,gmm,0.3219941962705383
151510,Br5292,0,0.5,1,6,kmeans,0.32650697322011274
151510,Br5292,1,0.5,1,6,gmm,0.2713290324230704
151510,Br5292,2,0.5,1,18,kmeans,0.3306334899443585
151510,Br5292,3,0.5,1,18,gmm,0.2893404924603698
151510,Br5292,4,0.5,2,6,kmeans,0.334924816785542
151510,Br5292,5,0.5,2,6,gmm,0.31712245528472827
151510,Br5292,6,0.5,2,18,kmeans,0.3262294326320164
151510,Br5292,7,0.5,2,18,gmm,0.2967605639030616
151510,Br5292,8,0.5,4,6,kmeans,0.3341642408336135
151510,Br5292,9,0.5,4,6,gmm,0.32476012992148395
151510,Br5292,10,0.5,4,18,kmeans,0.3251620700107542
151510,Br5292,11,0.5,4,18,gmm,0.2956667633289141
151510,Br5292,12,0.5,8,6,kmeans,0.32287117956463796
151510,Br5292,13,0.5,8,6,gmm,0.33257125856678693
151510,Br5292,14,0.5,8,18,kmeans,0.3130845890202295
151510,Br5292,15,0.5,8,18,gmm,0.29953477350318675
151510,Br5292,16,0.8,1,6,kmeans,0.3212606111991802
151510,Br5292,17,0.8,1,6,gmm,0.31437748013813177
151510,Br5292,18,0.8,1,18,kmeans,0.3208294699702087
151510,Br5292,19,0.8,1,18,gmm,0.3218744179794507
151510,Br5292,20,0.8,2,6,kmeans,0.332425353922503
151510,Br5292,21,0.8,2,6,gmm,0.3280553561730963
151510,Br5292,22,0.8,2,18,kmeans,0.31339669043491625
151510,Br5292,23,0.8,2,18,gmm,0.3426232165088619
151510,Br5292,24,0.8,4,6,kmeans,0.32080357522444874
151510,Br5292,25,0.8,4,6,gmm,0.3330833393809917
151510,Br5292,26,0.8,4,18,kmeans,0.39628378203262854
151510,Br5292,27,0.8,4,18,gmm,0.31420756105770614
151510,Br5292,28,0.8,8,6,kmeans,0.3217826437762015
151510,Br5292,29,0.8,8,6,gmm,0.33734675958752236
151510,Br5292,30,0.8,8,18,kmeans,0.3029500263434017
151510,Br5292,31,0.8,8,18,gmm,0.3393893691911809
151510,Br5292,32,0.95,1,6,kmeans,0.3207738612575692
151510,Br5292,33,0.95,1,6,gmm,0.3143129902963813
151510,Br5292,34,0.95,1,18,kmeans,0.3193015579872744
151510,Br5292,35,0.95,1,18,gmm,0.3340718164813725
151510,Br5292,36,0.95,2,6,kmeans,0.3314308360920186
151510,Br5292,37,0.95,2,6,gmm,0.32030204803859863
151510,Br5292,38,0.95,2,18,kmeans,0.32521571580539393
151510,Br5292,39,0.95,2,18,gmm,0.34379262910873576
151510,Br5292,40,0.95,4,6,kmeans,0.3252499379697461
151510,Br5292,41,0.95,4,6,gmm,0.3452962100620584
151510,Br5292,42,0.95,4,18,kmeans,0.39698283525954386
151510,Br5292,43,0.95,4,18,gmm,0.3514313484585493
151510,Br5292,44,0.95,8,6,kmeans,0.32127011763343416
151510,Br5292,45,0.95,8,6,gmm,0.2799610202404043
151510,Br5292,46,0.95,8,18,kmeans,0.31975778027782675
151510,Br5292,47,0.95,8,18,gmm,0.3097442033381307
151669,Br5595,0,0.5,1,6,kmeans,0.33632381366946906
151669,Br5595,1,0.5,1,6,gmm,0.3364842276431737
151669,Br5595,2,0.5,1,18,kmeans,0.22843307211973662
151669,Br5595,3,0.5,1,18,gmm,0.30661851024726666
151669,Br5595,4,0.5,2,6,kmeans,0.22193311952309494
151669,Br5595,5,0.5,2,6,gmm,0.21370351900399157
151669,Br5595,6,0.5,2,18,kmeans,0.23355423469042924
151669,Br5595,7,0.5,2,18,gmm,0.22460851707693433
151669,Br5595,8,0.5,4,6,kmeans,0.23218116382657542
151669,Br5595,9,0.5,4,6,gmm,0.21490728033849194
151669,Br5595,10,0.5,4,18,kmeans,0.2451212096446365
151669,Br5595,11,0.5,4,18,gmm,0.2005613292938544
151669,Br5595,12,0.5,8,6,kmeans,0.23651968142109764
151669,Br5595,13,0.5,8,6,gmm,0.3527826005509474
151669,Br5595,14,0.5,8,18,kmeans,0.24792341777651153
151669,Br5595,15,0.5,8,18,gmm,0.23700555409027385
151669,Br5595,16,0.8,1,6,kmeans,0.2220024192122364
151669,Br5595,17,0.8,1,6,gmm,0.37897934934881417
151669,Br5595,18,0.8,1,18,kmeans,0.23653992782687347
151669,Br5595,19,0.8,1,18,gmm,0.2945941907329087
151669,Br5595,20,0.8,2,6,kmeans,0.22411572740667415
151669,Br5595,21,0.8,2,6,gmm,0.1765368156327941
151669,Br5595,22,0.8,2,18,kmeans,0.2325853684954518
151669,Br5595,23,0.8,2,18,gmm,0.3059716156810279
151669,Br5595,24,0.8,4,6,kmeans,0.2289146404348921
151669,Br5595,25,0.8,4,6,gmm,0.20789155230955722
151669,Br5595,26,0.8,4,18,kmeans,0.23815492706155109
151669,Br5595,27,0.8,4,18,gmm,0.2528476876294577
151669,Br5595,28,0.8,8,6,kmeans,0.23630375561739383
151669,Br5595,29,0.8,8,6,gmm,0.2248571679605896
151669,Br5595,30,0.8,8,18,kmeans,0.24413300700413956
151669,Br5595,31,0.8,8,18,gmm,0.27139452905181344
151669,Br5595,32,0.95,1,6,kmeans,0.2273673340340264
151669,Br5595,33,0.95,1,6,gmm,0.3198774279332575
151669,Br5595,34,0.95,1,18,kmeans,0.2380548393750458
151669,Br5595,35,0.95,1,18,gmm,0.3032083427935294
151669,Br5595,36,0.95,2,6,kmeans,0.2229804068096953
151669,Br5595,37,0.95,2,6,gmm,0.3732479951315243
151669,Br5595,38,0.95,2,18,kmeans,0.23406774878450684
151669,Br5595,39,0.95,2,18,gmm,0.3263304362394703
151669,Br5595,40,0.95,4,6,kmeans,0.22839643062435366
151669,Br5595,41,0.95,4,6,gmm,0.3079172484030662
151669,Br5595,42,0.95,4,18,kmeans,0.2364209254802085
151669,Br5595,43,0.95,4,18,gmm,0.3011179805955168
151669,Br5595,44,0.95,8,6,kmeans,0.23656604282315188
151669,Br5595,45,0.95,8,6,gmm,0.16722706175588323
151669,Br5595,46,0.95,8,18,kmeans,0.24358372310481574
151669,Br5595,47,0.95,8,18,gmm,0.24963558426103843
151670,Br5595,0,0.5,1,6,kmeans,0.3229060335433615
151670,Br5595,1,0.5,1,6,gmm,0.3193527762573767
151670,Br5595,2,0.5,1,18,kmeans,0.22411187911474564
151670,Br5595,3,0.5,1,18,gmm,0.2235152711802599
151670,Br5595,4,0.5,2,6,kmeans,0.33505227330051796
151670,Br5595,5,0.5,2,6,gmm,0.31049487634828293
151670,Br5595,6,0.5,2,18,kmeans,0.28886100671535564
151670,Br5595,7,0.5,2,18,gmm,0.21603822839468734
151670,Br5595,8,0.5,4,6,kmeans,0.2931311119714699
151670,Br5595,9,0.5,4,6,gmm,0.22491510833992415
151670,Br5595,10,0.5,4,18,kmeans,0.30797818919831205
151670,Br5595,11,0.5,4,18,gmm,0.21845468397929052
151670,Br5595,12,0.5,8,6,kmeans,0.2968749102004515
151670,Br5595,13,0.5,8,6,gmm,0.2378894490257199
151670,Br5595,14,0.5,8,18,kmeans,0.30054007216932405
151670,Br5595,15,0.5,8,18,gmm,0.27998613565910563
151670,Br5595,16,0.8,1,6,kmeans,0.32734521178237397
151670,Br5595,17,0.8,1,6,gmm,0.34332740776138
151670,Br5595,18,0.8,1,18,kmeans,0.2853957167542288
151670,Br5595,19,0.8,1,18,gmm,0.30879324369093814
151670,Br5595,20,0.8,2,6,kmeans,0.2262357604627928
151670,Br5595,21,0.8,2,6,gmm,0.17215671392256723
151670,Br5595,22,0.8,2,18,kmeans,0.2902802117652621
151670,Br5595,23,0.8,2,18,gmm,0.2992116589265665
151670,Br5595,24,0.8,4,6,kmeans,0.2941856960938835
151670,Br5595,25,0.8,4,6,gmm,0.29786323947964116
151670,Br5595,26,0.8,4,18,kmeans,0.29462330996617153
151670,Br5595,27,0.8,4,18,gmm,0.3041876379357984
151670,Br5595,28,0.8,8,6,kmeans,0.3006577142566208
151670,Br5595,29,0.8,8,6,gmm,0.22621662245320853
151670,Br5595,30,0.8,8,18,kmeans,0.31599572356234473
151670,Br5595,31,0.8,8,18,gmm,0.22235476534935392
151670,Br5595,32,0.95,1,6,kmeans,0.3288224355274853
151670,Br5595,33,0.95,1,6,gmm,0.31706797693698685
151670,Br5595,34,0.95,1,18,kmeans,0.28465705080257603
151670,Br5595,35,0.95,1,18,gmm,0.3059897697294942
151670,Br5595,36,0.95,2,6,kmeans,0.3408258188801737
151670,Br5595,37,0.95,2,6,gmm,0.18091108077665627
151670,Br5595,38,0.95,2,18,kmeans,0.2928901581564535
151670,Br5595,39,0.95,2,18,gmm,0.23849527291853545
151670,Br5595,40,0.95,4,6,kmeans,0.29655429042978143
151670,Br5595,41,0.95,4,6,gmm,0.278609987254944
151670,Br5595,42,0.95,4,18,kmeans,0.295129890051528
151670,Br5595,43,0.95,4,18,gmm,0.3506846883014396
151670,Br5595,44,0.95,8,6,kmeans,0.3004869688468961
151670,Br5595,45,0.95,8,6,gmm,0.3168209933065695
151670,Br5595,46,0.95,8,18,kmeans,0.31735387816705896
151670,Br5595,47,0.95,8,18,gmm,0.19435965853477574
151671,Br5595,0,0.5,1,6,kmeans,0.3360186479147119
151671,Br5595,1,0.5,1,6,gmm,0.32209961865801046
151671,Br5595,2,0.5,1,18,kmeans,0.36933679181656853
151671,Br5595,3,0.5,1,18,gmm,0.39683240204191766
151671,Br5595,4,0.5,2,6,kmeans,0.353212383884367
151671,Br5595,5,0.5,2,6,gmm,0.3465083229579632
151671,Br5595,6,0.5,2,18,kmeans,0.3826793011440008
151671,Br5595,7,0.5,2,18,gmm,0.4081507361576027
151671,Br5595,8,0.5,4,6,kmeans,0.3720812398586151
151671,Br5595,9,0.5,4,6,gmm,0.38544723994786356
151671,Br5595,10,0.5,4,18,kmeans,0.38740058886021966
151671,Br5595,11,0.5,4,18,gmm,0.3930978217560975
151671,Br5595,12,0.5,8,6,kmeans,0.38863230370358487
151671,Br5595,13,0.5,8,6,gmm,0.3866545064192213
151671,Br5595,14,0.5,8,18,kmeans,0.3884702532584749
151671,Br5595,15,0.5,8,18,gmm,0.4349719727254132
151671,Br5595,16,0.8,1,6,kmeans,0.34669851066565344
151671,Br5595,17,0.8,1,6,gmm,0.40769075896406587
151671,Br5595,18,0.8,1,18,kmeans,0.37269125276447007
151671,Br5595,19,0.8,1,18,gmm,0.4127552077488532
151671,Br5595,20,0.8,2,6,kmeans,0.35927004119276745
151671,Br5595,21,0.8,2,6,gmm,0.4246180622734878
151671,Br5595,22,0.8,2,18,kmeans,0.38514748859477577
151671,Br5595,23,0.8,2,18,gmm,0.40596545935344097
151671,Br5595,24,0.8,4,6,kmeans,0.3808913127060033
151671,Br5595,25,0.8,4,6,gmm,0.4156540116992343
151671,Br5595,26,0.8,4,18,kmeans,0.3929161818732465
151671,Br5595,27,0.8,4,18,gmm,0.43107336690157594
151671,Br5595,28,0.8,8,6,kmeans,0.3911207134701963
151671,Br5595,29,0.8,8,6,gmm,0.4264341838936192
151671,Br5595,30,0.8,8,18,kmeans,0.38924747190918607
151671,Br5595,31,0.8,8,18,gmm,0.4588008252220081
151671,Br5595,32,0.95,1,6,kmeans,0.34558655076689576
151671,Br5595,33,0.95,1,6,gmm,0.4061942253614902
151671,Br5595,34,0.95,1,18,kmeans,0.3774372371286765
151671,Br5595,35,0.95,1,18,gmm,0.43476429851910176
151671,Br5595,36,0.95,2,6,kmeans,0.3577233527185469
151671,Br5595,37,0.95,2,6,gmm,0.43014176025332673
151671,Br5595,38,0.95,2,18,kmeans,0.3839874860698508
151671,Br5595,39,0.95,2,18,gmm,0.45324567633725715
151671,Br5595,40,0.95,4,6,kmeans,0.3797027419803949
151671,Br5595,41,0.95,4,6,gmm,0.4509688247807301
151671,Br5595,42,0.95,4,18,kmeans,0.3880536916799589
151671,Br5595,43,0.95,4,18,gmm,0.4497071409306714
151671,Br5595,44,0.95,8,6,kmeans,0.3887673532981779
151671,Br5595,45,0.95,8,6,gmm,0.4534990353749182
151671,Br5595,46,0.95,8,18,kmeans,0.3919888891760468
151671,Br5595,47,0.95,8,18,gmm,0.40863886541446637
151672,Br5595,0,0.5,1,6,kmeans,0.37865074704815926
151672,Br5595,1,0.5,1,6,gmm,0.3536292327019796
151672,Br5595,2,0.5,1,18,kmeans,0.4159961103255471
151672,Br5595,3,0.5,1,18,gmm,0.3599477323017219
151672,Br5595,4,0.5,2,6,kmeans,0.40247860417055553
151672,Br5595,5,0.5,2,6,gmm,0.38177672969256
151672,Br5595,6,0.5,2,18,kmeans,0.4166665985347861
151672,Br5595,7,0.5,2,18,gmm,0.3709763215325429
151672,Br5595,8,0.5,4,6,kmeans,0.41218995408060455
151672,Br5595,9,0.5,4,6,gmm,0.37465324858221344
151672,Br5595,10,0.5,4,18,kmeans,0.42768084696804115
151672,Br5595,11,0.5,4,18,gmm,0.3933346710875141
151672,Br5595,12,0.5,8,6,kmeans,0.4230444676900743
151672,Br5595,13,0.5,8,6,gmm,0.27152608379624804
151672,Br5595,14,0.5,8,18,kmeans,0.43523054977355274
151672,Br5595,15,0.5,8,18,gmm,0.5211383114384651
151672,Br5595,16,0.8,1,6,kmeans,0.3843688709742773
151672,Br5595,17,0.8,1,6,gmm,0.3991790018429972
151672,Br5595,18,0.8,1,18,kmeans,0.41708882235488776
151672,Br5595,19,0.8,1,18,gmm,0.43921646656629104
151672,Br5595,20,0.8,2,6,kmeans,0.4088681727352823
151672,Br5595,21,0.8,2,6,gmm,0.37104465852092167
151672,Br5595,22,0.8,2,18,kmeans,0.4222497081516309
151672,Br5595,23,0.8,2,18,gmm,0.4314120552371084
151672,Br5595,24,0.8,4,6,kmeans,0.41917792549983973
151672,Br5595,25,0.8,4,6,gmm,0.42553490968012636
151672,Br5595,26,0.8,4,18,kmeans,0.4302923974979662
151672,Br5595,27,0.8,4,18,gmm,0.4753398377771905
151672,Br5595,28,0.8,8,6,kmeans,0.42789323574958993
151672,Br5595,29,0.8,8,6,gmm,0.472572779185042
151672,Br5595,30,0.8,8,18,kmeans,0.43647175969032886
151672,Br5595,31,0.8,8,18,gmm,0.38674025817421565
151672,Br5595,32,0.95,1,6,kmeans,0.39197224466537406
151672,Br5595,33,0.95,1,6,gmm,0.43635537522378737
151672,Br5595,34,0.95,1,18,kmeans,0.418537398036909
151672,Br5595,35,0.95,1,18,gmm,0.36628410007517825
151672,Br5595,36,0.95,2,6,kmeans,0.40943591817433933
151672,Br5595,37,0.95,2,6,gmm,0.36126979717510294
151672,Br5595,38,0.95,2,18,kmeans,0.4236639404729546
151672,Br5595,39,0.95,2,18,gmm,0.4160668834328891
151672,Br5595,40,0.95,4,6,kmeans,0.42149293046291064
151672,Br5595,41,0.95,4,6,gmm,0.47276523271086246
151672,Br5595,42,0.95,4,18,kmeans,0.4276514127857386
151672,Br5595,43,0.95,4,18,gmm,0.413334045571065
151672,Br5595,44,0.95,8,6,kmeans,0.4266745091894316
151672,Br5595,45,0.95,8,6,gmm,0.45459185222902604
151672,Br5595,46,0.95,8,18,kmeans,0.43529602383499566
151672,Br5595,47,0.95,8,18,gmm,0.3826333636187356
151673,Br8100,0,0.5,1,6,kmeans,0.28862306264513315
151673,Br8100,1,0.5,1,6,gmm,0.3350205176083026
151673,Br8100,2,0.5,1,18,kmeans,0.2916248109735543
151673,Br8100,3,0.5,1,18,gmm,0.34248053642142606
151673,Br8100,4,0.5,2,6,kmeans,0.2896883825849639
151673,Br8100,5,0.5,2,6,gmm,0.34362362021716425
151673,Br8100,6,0.5,2,18,kmeans,0.2921156090561086
151673,Br8100,7,0.5,2,18,gmm,0.36687925938932936
151673,Br8100,8,0.5,4,6,kmeans,0.28820042275428576
151673,Br8100,9,0.5,4,6,gmm,0.3549522802833905
151673,Br8100,10,0.5,4,18,kmeans,0.30387246830733056
151673,Br8100,11,0.5,4,18,gmm,0.37472095589582016
151673,Br8100,12,0.5,8,6,kmeans,0.29217014134912683
151673,Br8100,13,0.5,8,6,gmm,0.39037161897526174
151673,Br8100,14,0.5,8,18,kmeans,0.3013753323928048
151673,Br8100,15,0.5,8,18,gmm,0.3735721850964631
151673,Br8100,16,0.8,1,6,kmeans,0.3184355651592714
151673,Br8100,17,0.8,1,6,gmm,0.3832210492690659
151673,Br8100,18,0.8,1,18,kmeans,0.29956315477362183
151673,Br8100,19,0.8,1,18,gmm,0.3833354644332376
151673,Br8100,20,0.8,2,6,kmeans,0.292512188597867
151673,Br8100,21,0.8,2,6,gmm,0.3320471494373139
151673,Br8100,22,0.8,2,18,kmeans,0.2925142139126146
151673,Br8100,23,0.8,2,18,gmm,0.3318754818317128
151673,Br8100,24,0.8,4,6,kmeans,0.29784499677689685
151673,Br8100,25,0.8,4,6,gmm,0.35243326206768144
151673,Br8100,26,0.8,4,18,kmeans,0.32096087523676237
151673,Br8100,27,0.8,4,18,gmm,0.3191866709408567
151673,Br8100,28,0.8,8,6,kmeans,0.31288127643221975
151673,Br8100,29,0.8,8,6,gmm,0.35297977448498224
151673,Br8100,30,0.8,8,18,kmeans,0.3135688564929211
151673,Br8100,31,0.8,8,18,gmm,0.30811844525878
151673,Br8100,32,0.95,1,6,kmeans,0.3204607590376745
151673,Br8100,33,0.95,1,6,gmm,0.36034342048562906
151673,Br8100,34,0.95,1,18,kmeans,0.3032474530954452
151673,Br8100,35,0.95,1,18,gmm,0.3477005197997603
151673,Br8100,36,0.95,2,6,kmeans,0.2969719633291992
151673,Br8100,37,0.95,2,6,gmm,0.34020804749228073
151673,Br8100,38,0.95,2,18,kmeans,0.2919152238230808
151673,Br8100,39,0.95,2,18,gmm,0.30495681945574493
151673,Br8100,40,0.95,4,6,kmeans,0.30145079994459956
151673,Br8100,41,0.95,4,6,gmm,0.34575071110046046
151673,Br8100,42,0.95,4,18,kmeans,0.3220865287192556
151673,Br8100,43,0.95,4,18,gmm,0.2692962920179968
151673,Br8100,44,0.95,8,6,kmeans,0.3195594315209684
151673,Br8100,45,0.95,8,6,gmm,0.36758044864639283
151673,Br8100,46,0.95,8,18,kmeans,0.3137099192961848
151673,Br8100,47,0.95,8,18,gmm,0.28568208864890154
151674,Br8100,0,0.5,1,6,kmeans,0.27952991926950194
151674,Br8100,1,0.5,1,6,gmm,0.324221113163158
151674,Br8100,2,0.5,1,18,kmeans,0.28579675770489976
151674,Br8100,3,0.5,1,18,gmm,0.2656918883606505
151674,Br8100,4,0.5,2,6,kmeans,0.28696076399176074
151674,Br8100,5,0.5,2,6,gmm,0.26572310546269956
151674,Br8100,6,0.5,2,18,kmeans,0.2954336486246262
151674,Br8100,7,0.5,2,18,gmm,0.25788889239074475
151674,Br8100,8,0.5,4,6,kmeans,0.2867344711001671
151674,Br8100,9,0.5,4,6,gmm,0.26625814174271156
151674,Br8100,10,0.5,4,18,kmeans,0.2985458869740698
151674,Br8100,11,0.5,4,18,gmm,0.3268712693741645
151674,Br8100,12,0.5,8,6,kmeans,0.29760516430774187
151674,Br8100,13,0.5,8,6,gmm,0.2544744234760029
151674,Br8100,14,0.5,8,18,kmeans,0.2908391859752398
151674,Br8100,15,0.5,8,18,gmm,0.2612442387311551
151674,Br8100,16,0.8,1,6,kmeans,0.2835051839332098
151674,Br8100,17,0.8,1,6,gmm,0.2774126896303804
151674,Br8100,18,0.8,1,18,kmeans,0.2919201336951683
151674,Br8100,19,0.8,1,18,gmm,0.2721559932548655
151674,Br8100,20,0.8,2,6,kmeans,0.2860341309856806
151674,Br8100,21,0.8,2,6,gmm,0.26860375772621164
151674,Br8100,22,0.8,2,18,kmeans,0.29879702274504083
151674,Br8100,23,0.8,2,18,gmm,0.25592461505993674
151674,Br8100,24,0.8,4,6,kmeans,0.2944953011059787
151674,Br8100,25,0.8,4,6,gmm,0.2649087142065038
151674,Br8100,26,0.8,4,18,kmeans,0.3024392856494783
151674,Br8100,27,0.8,4,18,gmm,0.28884619496745223
151674,Br8100,28,0.8,8,6,kmeans,0.30723715921460587
151674,Br8100,29,0.8,8,6,gmm,0.25885743714736875
151674,Br8100,30,0.8,8,18,kmeans,0.2892521759299324
151674,Br8100,31,0.8,8,18,gmm,0.2483685874084782
151674,Br8100,32,0.95,1,6,kmeans,0.2851234488607034
151674,Br8100,33,0.95,1,6,gmm,0.2656273421846975
151674,Br8100,34,0.95,1,18,kmeans,0.293500746810773
151674,Br8100,35,0.95,1,18,gmm,0.3306366738924188
151674,Br8100,36,0.95,2,6,kmeans,0.2885482408623532
151674,Br8100,37,0.95,2,6,gmm,0.28437530130566824
151674,Br8100,38,0.95,2,18,kmeans,0.30440485070627865
151674,Br8100,39,0.95,2,18,gmm,0.3183513319439624
151674,Br8100,40,0.95,4,6,kmeans,0.2971098378322773
151674,Br8100,41,0.95,4,6,gmm,0.3091774877598367
151674,Br8100,42,0.95,4,18,kmeans,0.30368159212307994
151674,Br8100,43,0.95,4,18,gmm,0.30549083361973717
151674,Br8100,44,0.95,8,6,kmeans,0.3093014000645708
151674,Br8100,45,0.95,8,6,gmm,0.29199343957361584
151674,Br8100,46,0.95,8,18,kmeans,0.28952642855772087
151674,Br8100,47,0.95,8,18,gmm,0.2710702063224364
151675,Br8100,0,0.5,1,6,kmeans,0.2599054366439495
151675,Br8100,1,0.5,1,6,gmm,0.24102528393200098
151675,Br8100,2,0.5,1,18,kmeans,0.2650029992771095
151675,Br8100,3,0.5,1,18,gmm,0.27162912785889354
151675,Br8100,4,0.5,2,6,kmeans,0.2560851649379421
151675,Br8100,5,0.5,2,6,gmm,0.264190181279916
151675,Br8100,6,0.5,2,18,kmeans,0.2807518113902552
151675,Br8100,7,0.5,2,18,gmm,0.2737738458623748
151675,Br8100,8,0.5,4,6,kmeans,0.27378339346240255
151675,Br8100,9,0.5,4,6,gmm,0.26891444318924396
151675,Br8100,10,0.5,4,18,kmeans,0.2669933925671562
151675,Br8100,11,0.5,4,18,gmm,0.28580845582113795
151675,Br8100,12,0.5,8,6,kmeans,0.2795971532520012
151675,Br8100,13,0.5,8,6,gmm,0.27493021428669745
151675,Br8100,14,0.5,8,18,kmeans,0.26496700220840136
151675,Br8100,15,0.5,8,18,gmm,0.2864350154157694
151675,Br8100,16,0.8,1,6,kmeans,0.2551552116660553
151675,Br8100,17,0.8,1,6,gmm,0.2635125224548704
151675,Br8100,18,0.8,1,18,kmeans,0.2737394784856724
151675,Br8100,19,0.8,1,18,gmm,0.26443720992146647
151675,Br8100,20,0.8,2,6,kmeans,0.2738141111876136
151675,Br8100,21,0.8,2,6,gmm,0.2700555618432458
151675,Br8100,22,0.8,2,18,kmeans,0.2769963634930925
151675,Br8100,23,0.8,2,18,gmm,0.2736400873316045
151675,Br8100,24,0.8,4,6,kmeans,0.27799902145191663
151675,Br8100,25,0.8,4,6,gmm,0.2781083688923544
151675,Br8100,26,0.8,4,18,kmeans,0.2751988438751443
151675,Br8100,27,0.8,4,18,gmm,0.27984943137064827
151675,Br8100,28,0.8,8,6,kmeans,0.2818920312397489
151675,Br8100,29,0.8,8,6,gmm,0.28419392241280256
151675,Br8100,30,0.8,8,18,kmeans,0.2614986531554875
151675,Br8100,31,0.8,8,18,gmm,0.28383979290881306
151675,Br8100,32,0.95,1,6,kmeans,0.25210016054315226
151675,Br8100,33,0.95,1,6,gmm,0.25927832855514493
151675,Br8100,34,0.95,1,18,kmeans,0.27431449275763065
151675,Br8100,35,0.95,1,18,gmm,0.2793069331689786
151675,Br8100,36,0.95,2,6,kmeans,0.2715574979593246
151675,Br8100,37,0.95,2,6,gmm,0.267551522783717
151675,Br8100,38,0.95,2,18,kmeans,0.2788095231065379
151675,Br8100,39,0.95,2,18,gmm,0.3211864808551685
151675,Br8100,40,0.95,4,6,kmeans,0.2767205758869113
151675,Br8100,41,0.95,4,6,gmm,0.3091339040393954
151675,Br8100,42,0.95,4,18,kmeans,0.2712259731977437
151675,Br8100,43,0.95,4,18,gmm,0.3194706380099196
151675,Br8100,44,0.95,8,6,kmeans,0.2833395625633467
151675,Br8100,45,0.95,8,6,gmm,0.32397707305055923
151675,Br8100,46,0.95,8,18,kmeans,0.2616615200840715
151675,Br8100,47,0.95,8,18,gmm,0.2829140951122251
151676,Br8100,0,0.5,1,6,kmeans,0.2658709139952997
151676,Br8100,1,0.5,1,6,gmm,0.2129812053145781
151676,Br8100,2,0.5,1,18,kmeans,0.27913558337611805
151676,Br8100,3,0.5,1,18,gmm,0.2469436068734173
151676,Br8100,4,0.5,2,6,kmeans,0.268630643418951
151676,Br8100,5,0.5,2,6,gmm,0.28314114283117686
151676,Br8100,6,0.5,2,18,kmeans,0.2738541626741013
151676,Br8100,7,0.5,2,18,gmm,0.2704168885988472
151676,Br8100,8,0.5,4,6,kmeans,0.25560217974048294
151676,Br8100,9,0.5,4,6,gmm,0.2926587710861297
151676,Br8100,10,0.5,4,18,kmeans,0.24174144431979497
151676,Br8100,11,0.5,4,18,gmm,0.2878404471961008
151676,Br8100,12,0.5,8,6,kmeans,0.27304697910766523
151676,Br8100,13,0.5,8,6,gmm,0.26106639297187184
151676,Br8100,14,0.5,8,18,kmeans,0.24544077080691223
151676,Br8100,15,0.5,8,18,gmm,0.24972084438602138
151676,Br8100,16,0.8,1,6,kmeans,0.2525637554491872
151676,Br8100,17,0.8,1,6,gmm,0.23051056214856233
151676,Br8100,18,0.8,1,18,kmeans,0.28273868347779896
151676,Br8100,19,0.8,1,18,gmm,0.29639307161400036
151676,Br8100,20,0.8,2,6,kmeans,0.2796177806914663
151676,Br8100,21,0.8,2,6,gmm,0.25065286860270847
151676,Br8100,22,0.8,2,18,kmeans,0.28049692216298927
151676,Br8100,23,0.8,2,18,gmm,0.2807390328071732
151676,Br8100,24,0.8,4,6,kmeans,0.2797381892989716
151676,Br8100,25,0.8,4,6,gmm,0.2842545743737352
151676,Br8100,26,0.8,4,18,kmeans,0.2168252971559579
151676,Br8100,27,0.8,4,18,gmm,0.29252774924395303
151676,Br8100,28,0.8,8,6,kmeans,0.2794480241717166
151676,Br8100,29,0.8,8,6,gmm,0.23702793199145203
151676,Br8100,30,0.8,8,18,kmeans,0.24821097515608234
151676,Br8100,31,0.8,8,18,gmm,0.3103334439487093
151676,Br8100,32,0.95,1,6,kmeans,0.2714129985759362
151676,Br8100,33,0.95,1,6,gmm,0.24362620619818032
151676,Br8100,34,0.95,1,18,kmeans,0.28348784228817475
151676,Br8100,35,0.95,1,18,gmm,0.2794062971539036
151676,Br8100,36,0.95,2,6,kmeans,0.26758649476074564
151676,Br8100,37,0.95,2,6,gmm,0.2931159191353791
151676,Br8100,38,0.95,2,18,kmeans,0.2811545833626542
151676,Br8100,39,0.95,2,18,gmm,0.2852854665735523
151676,Br8100,40,0.95,4,6,kmeans,0.2812284508309433
151676,Br8100,41,0.95,4,6,gmm,0.2505555331511288
151676,Br8100,42,0.95,4,18,kmeans,0.2200024834468534
151676,Br8100,43,0.95,4,18,gmm,0.3064443703398988
151676,Br8100,44,0.95,8,6,kmeans,0.27947927025861957
151676,Br8100,45,0.95,8,6,gmm,0.2736746582985283
151676,Br8100,46,0.95,8,18,kmeans,0.23383457874691452
151676,Br8100,47,0.95,8,18,gmm,0.30586507175125055
