method,Br5292,Br5595,Br8100
banksy,0.31200698220094564,0.27314391725791615,0.30137483195670356
graphst,0.4055381973487844,0.4070624502540542,0.45769115100530844
kmeans_pca,0.19914622863305886,0.20659524514342073,0.19324291915496425
neurostias,0.3218540289449217,0.33565101097805194,0.2825427643931842
neurostias_lodo,0.36324506278462826,0.349292249927577,0.29985349471758493
neurostias_norefine,0.32002999032073787,0.32967236056360016,0.28076024190325366
neurostias_nosp,0.19639779182976194,0.20189334571381465,0.18990521888369621
scanpy_leiden,0.18825060940326344,0.1885243628372345,0.2376128226268414
spagcn,0.36712639061115865,0.3225075079223884,0.34116137104706196
v441_combined,0.1882898231974103,0.2669108902002592,0.23954605096043363
v441_spatial,0.18147339316734296,0.22043447089092616,0.23385719789486908
