section,donor,method,seed,k,ari,nmi,seconds
151507,Br5292,neurostias,0,7,0.31051782034624537,0.5124617235980321,0.2779350280761719
151507,Br5292,neurostias_nosp,0,7,0.20221548670336328,0.31598583191538504,0.29198384284973145
151507,Br5292,neurostias_norefine,0,7,0.30911320428857486,0.5095500874404939,0.20164203643798828
151507,Br5292,neurostias_lodo,0,7,0.418534750770504,0.5857155820311561,0.33187198638916016
151507,Br5292,kmeans_pca,0,7,0.19509804005151427,0.3113497994884049,0.1542198657989502
151507,Br5292,scanpy_leiden,0,7,0.2717851244201815,0.3253308913049796,5.353855848312378
151507,Br5292,v441_spatial,0,7,0.23263646082542208,0.37769149738563745,0.08968400955200195
151507,Br5292,v441_combined,0,7,0.19504793014923077,0.3496044278057113,0.09541606903076172
151507,Br5292,banksy,0,7,0.3888024677530752,0.5094468885994927,15.495608806610107
151507,Br5292,spagcn,0,7,0.37310666547353366,0.5027498551305755,10.017362117767334
151507,Br5292,graphst,0,7,0.4542119396305784,0.5801885445481604,91.17097997665405
151507,Br5292,neurostias,1,7,0.3135803236638458,0.5151974185091722,0.22035598754882812
151507,Br5292,neurostias_nosp,1,7,0.1976241266709954,0.3097751739534687,0.24776482582092285
151507,Br5292,neurostias_norefine,1,7,0.3115099805741064,0.5120751105221175,0.1801900863647461
151507,Br5292,neurostias_lodo,1,7,0.3919419652711935,0.5656929838734763,0.33483314514160156
151507,Br5292,kmeans_pca,1,7,0.2023096399936419,0.3200096252745248,0.12202668190002441
151507,Br5292,scanpy_leiden,1,7,0.27917443082872867,0.33085856301410044,0.37398195266723633
151507,Br5292,v441_spatial,1,7,0.23422557273125852,0.38041582192438056,0.14170384407043457
151507,Br5292,v441_combined,1,7,0.19075954743611012,0.34717994115434647,0.09968996047973633
151507,Br5292,banksy,1,7,0.41932188000287024,0.5200252744166549,14.659093141555786
151507,Br5292,spagcn,1,7,0.4042299044495025,0.5564751845115279,10.087770938873291
151507,Br5292,graphst,1,7,0.45414389352563145,0.5936380938585406,89.86791491508484
151507,Br5292,neurostias,2,7,0.3022962821045652,0.49889693400849283,0.32135820388793945
151507,Br5292,neurostias_nosp,2,7,0.19365773677806214,0.3093858494292034,0.33992600440979004
151507,Br5292,neurostias_norefine,2,7,0.302706009022971,0.49690169140486745,0.21416115760803223
151507,Br5292,neurostias_lodo,2,7,0.3943798881966492,0.5716181959962426,0.33032894134521484
151507,Br5292,kmeans_pca,2,7,0.19936047778716023,0.31660445353384675,0.14455604553222656
151507,Br5292,scanpy_leiden,2,7,0.2552980626008604,0.30123744017618237,0.465350866317749
151507,Br5292,v441_spatial,2,7,0.2340457841693408,0.38062777091713806,0.08722305297851562
151507,Br5292,v441_combined,2,7,0.19033515156498543,0.34621193952903023,0.09240198135375977
151507,Br5292,banksy,2,7,0.41331503231887085,0.49506539235345504,25.156642198562622
151507,Br5292,spagcn,2,7,0.3795884741407862,0.5607179766400344,9.91732406616211
151507,Br5292,graphst,2,7,0.47040084912404234,0.5905495064425997,89.17019486427307
151507,Br5292,neurostias,3,7,0.2956731757176298,0.506295514010697,0.2109971046447754
151507,Br5292,neurostias_nosp,3,7,0.18816620933924103,0.3061179200370592,0.30170607566833496
151507,Br5292,neurostias_norefine,3,7,0.2957579517195294,0.5032283397268644,0.1900789737701416
151507,Br5292,neurostias_lodo,3,7,0.4370387690166176,0.5561955547243844,0.33925509452819824
151507,Br5292,kmeans_pca,3,7,0.222816357982695,0.3378864761777225,0.12343502044677734
151507,Br5292,scanpy_leiden,3,7,0.24164955541440603,0.31241983748212926,0.13733911514282227
151507,Br5292,v441_spatial,3,7,0.23303895977995148,0.37772496441624664,0.13245892524719238
151507,Br5292,v441_combined,3,7,0.1948985647725202,0.34839158709478846,0.08194112777709961
151507,Br5292,banksy,3,7,0.38958805977701433,0.510422537013725,22.42870306968689
151507,Br5292,spagcn,3,7,0.39698458838252015,0.5600688679803931,9.186087131500244
151507,Br5292,graphst,3,7,0.44854959315640136,0.5856603209721555,90.62700009346008
151507,Br5292,neurostias,4,7,0.30647201188505774,0.5029748362427503,0.29694581031799316
151507,Br5292,neurostias_nosp,4,7,0.1929493120038079,0.30748967996754506,0.3052561283111572
151507,Br5292,neurostias_norefine,4,7,0.3057061035262859,0.501125975363841,0.1993405818939209
151507,Br5292,neurostias_lodo,4,7,0.40362082267757815,0.571745369212869,0.3300187587738037
151507,Br5292,kmeans_pca,4,7,0.1947050450167344,0.31228939042918347,0.10286307334899902
151507,Br5292,scanpy_leiden,4,7,0.24064306907655084,0.29662515451485244,0.3100399971008301
151507,Br5292,v441_spatial,4,7,0.2334948847723925,0.37991180126531526,0.07093238830566406
151507,Br5292,v441_combined,4,7,0.19173955431981268,0.34397370726950965,0.10729217529296875
151507,Br5292,banksy,4,7,0.39691278250767165,0.5197055754091255,14.04752492904663
151507,Br5292,spagcn,4,7,0.4045998501199645,0.5712335001883942,8.728471040725708
151507,Br5292,graphst,4,7,0.4836185787414201,0.5745970897357674,90.99127221107483
151508,Br5292,neurostias,0,7,0.331419315716373,0.47113816714499107,0.3952000141143799
151508,Br5292,neurostias_nosp,0,7,0.169296076366634,0.2706577917118648,0.28168177604675293
151508,Br5292,neurostias_norefine,0,7,0.33066139241845677,0.4688878877832157,0.2289130687713623
151508,Br5292,neurostias_lodo,0,7,0.4280587184005377,0.5283479629321501,0.3452129364013672
151508,Br5292,kmeans_pca,0,7,0.15687063769979592,0.2610803394138257,0.13860774040222168
151508,Br5292,scanpy_leiden,0,7,0.15956468303479188,0.22194932584800509,0.15346002578735352
151508,Br5292,v441_spatial,0,7,0.21330763583670967,0.366937788680853,0.10722208023071289
151508,Br5292,v441_combined,0,7,0.19597724759215449,0.2925249688268226,0.12145400047302246
151508,Br5292,banksy,0,7,0.3817136162750725,0.4858604666198181,25.463337898254395
151508,Br5292,spagcn,0,7,0.3240783809118764,0.4981053395430571,10.516163110733032
151508,Br5292,graphst,0,7,0.4048099948357654,0.5098865844998199,90.97151327133179
151508,Br5292,neurostias,1,7,0.35323616572561045,0.484565086933058,0.35172033309936523
151508,Br5292,neurostias_nosp,1,7,0.16601990667509803,0.2694703821445606,0.2785017490386963
151508,Br5292,neurostias_norefine,1,7,0.34886582738629435,0.4786996338002176,0.23504424095153809
151508,Br5292,neurostias_lodo,1,7,0.2678758234742452,0.4789982237121306,0.3947310447692871
151508,Br5292,kmeans_pca,1,7,0.15719906566690806,0.262847893401517,0.12510204315185547
151508,Br5292,scanpy_leiden,1,7,0.16031785864689263,0.20420941823928337,0.1504960060119629
151508,Br5292,v441_spatial,1,7,0.21232398762749874,0.36650958629803093,0.11025309562683105
151508,Br5292,v441_combined,1,7,0.2003353506668578,0.30283679065000324,0.13081693649291992
151508,Br5292,banksy,1,7,0.3480439202936224,0.4629896305380314,21.04887080192566
151508,Br5292,spagcn,1,7,0.341417395086314,0.5381075527850695,10.525220155715942
151508,Br5292,graphst,1,7,0.4031548519489945,0.5142234426029578,91.69191002845764
151508,Br5292,neurostias,2,7,0.338978385959211,0.4781976820197105,0.25969362258911133
151508,Br5292,neurostias_nosp,2,7,0.17487399024780026,0.27485378481082506,0.22878193855285645
151508,Br5292,neurostias_norefine,2,7,0.3383773669983473,0.47484071637220854,0.1994330883026123
151508,Br5292,neurostias_lodo,2,7,0.33340938488755584,0.5068737004915636,0.3085038661956787
151508,Br5292,kmeans_pca,2,7,0.15823800625148116,0.2644761054932051,0.132857084274292
151508,Br5292,scanpy_leiden,2,7,0.15159075488594723,0.2230585854896534,0.14702177047729492
151508,Br5292,v441_spatial,2,7,0.21098030988416774,0.36602246301734287,0.06689786911010742
151508,Br5292,v441_combined,2,7,0.20512869127270364,0.30887859831253894,0.1519930362701416
151508,Br5292,banksy,2,7,0.27781493409997077,0.4386654196967496,17.70287275314331
151508,Br5292,spagcn,2,7,0.2767628589805202,0.45396343371586456,10.456253051757812
151508,Br5292,graphst,2,7,0.4156202686643956,0.5376923882548262,98.8140230178833
151508,Br5292,neurostias,3,7,0.33803547994441085,0.47925710737263516,0.45672106742858887
151508,Br5292,neurostias_nosp,3,7,0.16366715021919784,0.2688183550124498,0.26404809951782227
151508,Br5292,neurostias_norefine,3,7,0.33704138191674865,0.47408399658703104,0.2234048843383789
151508,Br5292,neurostias_lodo,3,7,0.34404983840900094,0.5112878465052698,0.266556978225708
151508,Br5292,kmeans_pca,3,7,0.16034373062401194,0.2663613473805484,0.12097382545471191
151508,Br5292,scanpy_leiden,3,7,0.18886829573114938,0.22964766808513912,0.1679849624633789
151508,Br5292,v441_spatial,3,7,0.21282675087832975,0.3677938050241966,0.0711967945098877
151508,Br5292,v441_combined,3,7,0.20501910869764123,0.3086103676876131,0.10684323310852051
151508,Br5292,banksy,3,7,0.37757052011843517,0.498057732146857,28.242135047912598
151508,Br5292,spagcn,3,7,0.2971397203595745,0.4757268869845882,12.3645658493042
151508,Br5292,graphst,3,7,0.3169306173268099,0.4838855738404314,100.32313203811646
151508,Br5292,neurostias,4,7,0.3354886959697115,0.4772878628081861,0.5591459274291992
151508,Br5292,neurostias_nosp,4,7,0.16424212084314238,0.2684666975945706,0.3103480339050293
151508,Br5292,neurostias_norefine,4,7,0.33481065290027257,0.4739135470842013,0.20778703689575195
151508,Br5292,neurostias_lodo,4,7,0.32197447235230753,0.4848296871491326,0.3821852207183838
151508,Br5292,kmeans_pca,4,7,0.1771769596756597,0.275102308743066,0.1333918571472168
151508,Br5292,scanpy_leiden,4,7,0.16747956434094016,0.22200698363917917,0.17883896827697754
151508,Br5292,v441_spatial,4,7,0.21055810124554777,0.3657059190561528,0.3299391269683838
151508,Br5292,v441_combined,4,7,0.2042532445495702,0.30893955260120354,0.11709904670715332
151508,Br5292,banksy,4,7,0.3907210727546562,0.4906022990161386,21.078602075576782
151508,Br5292,spagcn,4,7,0.438546918747535,0.5965943528268305,13.10518193244934
151508,Br5292,graphst,4,7,0.40993869021528595,0.5138487765126738,101.40479707717896
151509,Br5292,neurostias,0,7,0.31665450155533414,0.5003298133190879,0.46661806106567383
151509,Br5292,neurostias_nosp,0,7,0.25854561811866855,0.3783025029419703,0.318007230758667
151509,Br5292,neurostias_norefine,0,7,0.3137670731400712,0.49623382514958925,0.2318258285522461
151509,Br5292,neurostias_lodo,0,7,0.3573807348369621,0.5495918800408128,0.47565388679504395
151509,Br5292,kmeans_pca,0,7,0.262599610205083,0.38013432022275834,0.4207439422607422
151509,Br5292,scanpy_leiden,0,7,0.19460637012857304,0.2859563715796849,0.19179701805114746
151509,Br5292,v441_spatial,0,7,0.18158451881539045,0.34481094892742625,0.08761119842529297
151509,Br5292,v441_combined,0,7,0.20762301481592238,0.35352778925393746,0.10072493553161621
151509,Br5292,banksy,0,7,0.15660842167676967,0.33817117485420894,18.184677839279175
151509,Br5292,spagcn,0,7,0.37179707268370604,0.5593534165146102,14.149992942810059
151509,Br5292,graphst,0,7,0.4235655143574123,0.5495414916755869,118.96779799461365
151509,Br5292,neurostias,1,7,0.3162970218357547,0.4949112906468138,0.4882211685180664
151509,Br5292,neurostias_nosp,1,7,0.2613939575220859,0.37973502168493495,0.44272589683532715
151509,Br5292,neurostias_norefine,1,7,0.3143718783179422,0.4917541475439131,0.3869197368621826
151509,Br5292,neurostias_lodo,1,7,0.3478179064856571,0.5420242504078591,0.34966588020324707
151509,Br5292,kmeans_pca,1,7,0.2615715563400855,0.37982134142596535,0.1604771614074707
151509,Br5292,scanpy_leiden,1,7,0.16004535190720212,0.2705859014841286,0.23967909812927246
151509,Br5292,v441_spatial,1,7,0.181958535221843,0.3468003585752155,0.09111881256103516
151509,Br5292,v441_combined,1,7,0.20868537525408354,0.35438354611267514,0.1697700023651123
151509,Br5292,banksy,1,7,0.1995019917732312,0.38448653296063856,18.611274003982544
151509,Br5292,spagcn,1,7,0.3913151890914509,0.5756738509205492,12.620094060897827
151509,Br5292,graphst,1,7,0.36679656855810044,0.5430920174244442,113.70380878448486
151509,Br5292,neurostias,2,7,0.3149258572453917,0.49918927413656583,0.35096192359924316
151509,Br5292,neurostias_nosp,2,7,0.2082957974158041,0.34375007530399376,0.979971170425415
151509,Br5292,neurostias_norefine,2,7,0.3113467080748597,0.49431937395821324,0.2934839725494385
151509,Br5292,neurostias_lodo,2,7,0.38836796154977105,0.5415826672580061,0.35814332962036133
151509,Br5292,kmeans_pca,2,7,0.2652343158875259,0.38608978517736,0.13982892036437988
151509,Br5292,scanpy_leiden,2,7,0.1808565963730266,0.27785011458158837,0.19423604011535645
151509,Br5292,v441_spatial,2,7,0.18158451881539045,0.3448109489274262,0.09302973747253418
151509,Br5292,v441_combined,2,7,0.2089550336880518,0.3548271604423802,0.10526800155639648
151509,Br5292,banksy,2,7,0.21221134895125282,0.3835851668533267,21.78268814086914
151509,Br5292,spagcn,2,7,0.38548983121154545,0.5765160905484343,13.595324754714966
151509,Br5292,graphst,2,7,0.4093207877120627,0.5751360365907882,114.31407904624939
151509,Br5292,neurostias,3,7,0.3144621034201197,0.4981937801575589,0.5741450786590576
151509,Br5292,neurostias_nosp,3,7,0.25903403474625564,0.378562672769126,0.30440187454223633
151509,Br5292,neurostias_norefine,3,7,0.3122948397639489,0.49486846488167047,0.30687403678894043
151509,Br5292,neurostias_lodo,3,7,0.3203837017318119,0.516242015635465,0.3606600761413574
151509,Br5292,kmeans_pca,3,7,0.2643258253328203,0.3823199689057715,0.1723918914794922
151509,Br5292,scanpy_leiden,3,7,0.18319272383262178,0.28952114683930236,0.23673701286315918
151509,Br5292,v441_spatial,3,7,0.17779001372731157,0.3409461345015673,0.1295299530029297
151509,Br5292,v441_combined,3,7,0.20762301481592238,0.35352778925393746,0.10318326950073242
151509,Br5292,banksy,3,7,0.26961501736879595,0.4096448297291284,18.882061004638672
151509,Br5292,spagcn,3,7,0.3879325234570669,0.5591812019270579,11.962792873382568
151509,Br5292,graphst,3,7,0.3468114897872033,0.545250766273552,116.296884059906
151509,Br5292,neurostias,4,7,0.31173620442354405,0.4948470821013448,0.33129382133483887
151509,Br5292,neurostias_nosp,4,7,0.21010427314394606,0.3443594326298031,0.30142903327941895
151509,Br5292,neurostias_norefine,4,7,0.31037137453524694,0.4923632381397911,0.25546813011169434
151509,Br5292,neurostias_lodo,4,7,0.33506686838562255,0.5297940555145729,0.3584468364715576
151509,Br5292,kmeans_pca,4,7,0.20419357954088269,0.3396334883318629,0.15521597862243652
151509,Br5292,scanpy_leiden,4,7,0.19278992888941784,0.27684550746459485,0.4526526927947998
151509,Br5292,v441_spatial,4,7,0.18036465816360225,0.3452154067428007,0.08679485321044922
151509,Br5292,v441_combined,4,7,0.2083536917148986,0.3541090123703354,0.0932159423828125
151509,Br5292,banksy,4,7,0.370478463209251,0.4917327340615226,15.27077317237854
151509,Br5292,spagcn,4,7,0.3571967031622772,0.5574154884873376,11.73578691482544
151509,Br5292,graphst,4,7,0.4151589410992224,0.5738065459690783,121.73346996307373
151510,Br5292,neurostias,0,7,0.332425353922503,0.49521134442833503,0.721153974533081
151510,Br5292,neurostias_nosp,0,7,0.18622598144033017,0.30951834430496333,0.3406708240509033
151510,Br5292,neurostias_norefine,0,7,0.3301843709793095,0.4905162488111225,0.2359600067138672
151510,Br5292,neurostias_lodo,0,7,0.3452962100620584,0.5347513416779937,0.3824779987335205
151510,Br5292,kmeans_pca,0,7,0.18141059561211384,0.30776282282402995,0.1476612091064453
151510,Br5292,scanpy_leiden,0,7,0.1658338943845073,0.2096640465626704,0.19913911819458008
151510,Br5292,v441_spatial,0,7,0.09985838956804281,0.260375882321312,0.0730140209197998
151510,Br5292,v441_combined,0,7,0.15093329746559556,0.30542259298739777,0.08385682106018066
151510,Br5292,banksy,0,7,0.31001932407875343,0.42527574704822674,21.290334939956665
151510,Br5292,spagcn,0,7,0.2893556735167925,0.4903346930944727,11.487936973571777
151510,Br5292,graphst,0,7,0.3606755685840682,0.5235324434002552,106.84078693389893
151510,Br5292,neurostias,1,7,0.32131368383013725,0.4858588937387774,0.36286211013793945
151510,Br5292,neurostias_nosp,1,7,0.1878143828593684,0.31099851770741754,0.413254976272583
151510,Br5292,neurostias_norefine,1,7,0.3193611273530195,0.4846134733736517,0.25227785110473633
151510,Br5292,neurostias_lodo,1,7,0.3310213911682722,0.5296490647749829,0.3709118366241455
151510,Br5292,kmeans_pca,1,7,0.18057332241064958,0.30659973453551004,0.1565101146697998
151510,Br5292,scanpy_leiden,1,7,0.13307772641696375,0.23673418679630429,0.18112874031066895
151510,Br5292,v441_spatial,1,7,0.09547034162881184,0.2576829386160105,0.06809496879577637
151510,Br5292,v441_combined,1,7,0.15196270521561936,0.30611255206531374,0.11841201782226562
151510,Br5292,banksy,1,7,0.319909190212484,0.42068944027686117,22.70406198501587
151510,Br5292,spagcn,1,7,0.357473006734821,0.517981227050881,12.651020050048828
151510,Br5292,graphst,1,7,0.3994084072529903,0.5640016589113005,107.96666383743286
151510,Br5292,neurostias,2,7,0.33058214177446815,0.49163022468862666,0.26967287063598633
151510,Br5292,neurostias_nosp,2,7,0.1788784832741704,0.30436419040418333,0.3120381832122803
151510,Br5292,neurostias_norefine,2,7,0.3274884200454011,0.48935932018951606,0.24343585968017578
151510,Br5292,neurostias_lodo,2,7,0.3496695969365574,0.5245005186248906,0.35705089569091797
151510,Br5292,kmeans_pca,2,7,0.17977953733189722,0.30626935813491,0.1656019687652588
151510,Br5292,scanpy_leiden,2,7,0.1220356431046356,0.18166705026063634,0.18239212036132812
151510,Br5292,v441_spatial,2,7,0.10141872724600591,0.26055252445668325,0.06500697135925293
151510,Br5292,v441_combined,2,7,0.1507587522330644,0.30533356843262155,0.10684323310852051
151510,Br5292,banksy,2,7,0.21600818904227478,0.3596447930011571,22.873190879821777
151510,Br5292,spagcn,2,7,0.4299285250215718,0.5897414846468377,12.254738092422485
151510,Br5292,graphst,2,7,0.355618684855985,0.5443264524249493,109.15518379211426
151510,Br5292,neurostias,3,7,0.3288061158409501,0.49346545569905126,0.3738281726837158
151510,Br5292,neurostias_nosp,3,7,0.18138059787253208,0.3063062457086312,0.31058692932128906
151510,Br5292,neurostias_norefine,3,7,0.32419891199072665,0.4878357517637532,0.26342105865478516
151510,Br5292,neurostias_lodo,3,7,0.34547083862859534,0.5260586041783194,0.33464598655700684
151510,Br5292,kmeans_pca,3,7,0.17977953733189722,0.3062693581349099,0.14724087715148926
151510,Br5292,scanpy_leiden,3,7,0.1592555486718723,0.23884484703441178,0.49500608444213867
151510,Br5292,v441_spatial,3,7,0.10154653673368291,0.2606578994321753,0.07570385932922363
151510,Br5292,v441_combined,3,7,0.1460386009544679,0.3036185681171512,0.13484859466552734
151510,Br5292,banksy,3,7,0.2089351817585079,0.3378703327610319,16.71942901611328
151510,Br5292,spagcn,3,7,0.3682901769084084,0.5605617095903748,9.963664054870605
151510,Br5292,graphst,3,7,0.40250846912226645,0.5455440029092341,109.36542892456055
151510,Br5292,neurostias,4,7,0.32417993801757033,0.4886690368946979,0.3441958427429199
151510,Br5292,neurostias_nosp,4,7,0.18357059435473522,0.30656963488782035,0.3561279773712158
151510,Br5292,neurostias_norefine,4,7,0.32266523146264386,0.48576491179875664,0.29984378814697266
151510,Br5292,neurostias_lodo,4,7,0.4035416124510675,0.5213699714307617,0.3630640506744385
151510,Br5292,kmeans_pca,4,7,0.1793387319186198,0.3046633462427553,0.1531541347503662
151510,Br5292,scanpy_leiden,4,7,0.1569470053759994,0.22797945901173808,0.42255711555480957
151510,Br5292,v441_spatial,4,7,0.10045317567615913,0.2606323224002904,0.06670999526977539
151510,Br5292,v441_combined,4,7,0.1513685867689936,0.305826086384758,0.1393752098083496
151510,Br5292,banksy,4,7,0.1930482300463325,0.3695077580475286,22.069472074508667
151510,Br5292,spagcn,4,7,0.36729435378340597,0.5498299478707154,10.549874782562256
151510,Br5292,graphst,4,7,0.36952023847705157,0.5342057715887617,107.0709912776947
151669,Br5595,neurostias,0,5,0.22411572740667415,0.43466066450506746,0.41237497329711914
151669,Br5595,neurostias_nosp,0,5,0.18014491700599305,0.26701203407870916,0.26501989364624023
151669,Br5595,neurostias_norefine,0,5,0.22430957735434598,0.43457516553310815,0.1789240837097168
151669,Br5595,neurostias_lodo,0,5,0.3079172484030662,0.48344737241405533,0.2125699520111084
151669,Br5595,kmeans_pca,0,5,0.18195438483433587,0.2747142100243662,0.11856698989868164
151669,Br5595,scanpy_leiden,0,5,0.22506846249845974,0.27679018778913,0.27691197395324707
151669,Br5595,v441_spatial,0,5,0.20331566726992545,0.3809269985578511,0.06073498725891113
151669,Br5595,v441_combined,0,5,0.2050267358975725,0.30686058103637637,0.14902710914611816
151669,Br5595,banksy,0,5,0.27803892688253795,0.42980787196835485,16.256991147994995
151669,Br5595,spagcn,0,5,0.2300315672961192,0.3681995106818279,10.006860971450806
151669,Br5595,graphst,0,5,0.283795117359969,0.443785352018774,76.70408225059509
151669,Br5595,neurostias,1,5,0.22829420463629505,0.4350724166857048,0.4016273021697998
151669,Br5595,neurostias_nosp,1,5,0.17940322236898976,0.2685438648881222,0.27739500999450684
151669,Br5595,neurostias_norefine,1,5,0.22662446711862227,0.4341071754886523,0.19653701782226562
151669,Br5595,neurostias_lodo,1,5,0.23606260168504006,0.4068811950247686,0.21799492835998535
151669,Br5595,kmeans_pca,1,5,0.18500732014126062,0.2763334318619092,0.08252501487731934
151669,Br5595,scanpy_leiden,1,5,0.20218699604761986,0.2752437007203694,0.22490191459655762
151669,Br5595,v441_spatial,1,5,0.2005641161303368,0.376640629628981,0.04502391815185547
151669,Br5595,v441_combined,1,5,0.20330401271210716,0.3058653056125779,0.1064920425415039
151669,Br5595,banksy,1,5,0.27161492891021694,0.4134259852446626,14.871372938156128
151669,Br5595,spagcn,1,5,0.10782779282590833,0.31781699148489073,9.339112997055054
151669,Br5595,graphst,1,5,0.42940623994366967,0.5053770986357711,76.89198803901672
151669,Br5595,neurostias,2,5,0.3369900052895292,0.48470623495215276,0.34835100173950195
151669,Br5595,neurostias_nosp,2,5,0.19131907373991472,0.2756925590622138,0.2710437774658203
151669,Br5595,neurostias_norefine,2,5,0.32956406452253095,0.4777531507470526,0.23247599601745605
151669,Br5595,neurostias_lodo,2,5,0.2448040430790663,0.4112684243347414,0.26933979988098145
151669,Br5595,kmeans_pca,2,5,0.1805593911787014,0.26919737174062164,0.11414980888366699
151669,Br5595,scanpy_leiden,2,5,0.1731135724262299,0.27944118082182984,0.23904204368591309
151669,Br5595,v441_spatial,2,5,0.19831318418424904,0.377146730561897,0.07464122772216797
151669,Br5595,v441_combined,2,5,0.20176841312452382,0.3005948046562402,0.1400928497314453
151669,Br5595,banksy,2,5,0.29265672069583454,0.4117084893022288,15.154326915740967
151669,Br5595,spagcn,2,5,0.37862385266959214,0.5710493247793623,10.642542839050293
151669,Br5595,graphst,2,5,0.24252492621531432,0.45088636171704594,77.56941485404968
151669,Br5595,neurostias,3,5,0.3441921265725238,0.4910483233398468,0.46280598640441895
151669,Br5595,neurostias_nosp,3,5,0.17958114803068692,0.27235444655223384,0.3237581253051758
151669,Br5595,neurostias_norefine,3,5,0.33895235238048105,0.4821054249124533,0.5001709461212158
151669,Br5595,neurostias_lodo,3,5,0.3232182171776315,0.4918046169458623,0.24359607696533203
151669,Br5595,kmeans_pca,3,5,0.1810047663473943,0.27081624308440655,0.09232306480407715
151669,Br5595,scanpy_leiden,3,5,0.18256496951158596,0.27104266292117435,0.3128981590270996
151669,Br5595,v441_spatial,3,5,0.2032116563234684,0.37860315308431935,0.05997586250305176
151669,Br5595,v441_combined,3,5,0.20245924933025725,0.30395006895263627,0.13187479972839355
151669,Br5595,banksy,3,5,0.40448874662893863,0.4070705459432411,19.96973490715027
151669,Br5595,spagcn,3,5,0.31832434857977226,0.47015595586335207,11.251432180404663
151669,Br5595,graphst,3,5,0.4439826459068192,0.5486596733055816,84.36206793785095
151669,Br5595,neurostias,4,5,0.2299582002588369,0.44318452091175486,0.40811800956726074
151669,Br5595,neurostias_nosp,4,5,0.18160764390390102,0.2692259141154883,0.3052389621734619
151669,Br5595,neurostias_norefine,4,5,0.22859905215996246,0.44011972414240785,0.23081374168395996
151669,Br5595,neurostias_lodo,4,5,0.3261368480285477,0.49148712817673723,0.3016178607940674
151669,Br5595,kmeans_pca,4,5,0.18569302524092673,0.2753683040534274,0.12742090225219727
151669,Br5595,scanpy_leiden,4,5,0.20617979914759696,0.3070961668937377,0.3546769618988037
151669,Br5595,v441_spatial,4,5,0.19881119846640427,0.3780407951722233,0.06272292137145996
151669,Br5595,v441_combined,4,5,0.20299889097150028,0.30198007138173705,0.1418161392211914
151669,Br5595,banksy,4,5,0.27814405050370844,0.4223788305569838,17.501377820968628
151669,Br5595,spagcn,4,5,0.34211557636696577,0.46538155321469504,10.788197040557861
151669,Br5595,graphst,4,5,0.23307213751629055,0.4524921324352697,82.52607202529907
151670,Br5595,neurostias,0,5,0.2262357604627928,0.4077633859275927,0.4679090976715088
151670,Br5595,neurostias_nosp,0,5,0.15382080994285702,0.24928078953365293,0.3000509738922119
151670,Br5595,neurostias_norefine,0,5,0.22460462837482803,0.4047429571170062,0.21940898895263672
151670,Br5595,neurostias_lodo,0,5,0.278609987254944,0.47916402306957306,0.27478504180908203
151670,Br5595,kmeans_pca,0,5,0.16814258815450997,0.25675933713875976,0.15082812309265137
151670,Br5595,scanpy_leiden,0,5,0.12835547152726698,0.24023805072984733,0.1484060287475586
151670,Br5595,v441_spatial,0,5,0.20550031300544702,0.3770148017379007,0.18291211128234863
151670,Br5595,v441_combined,0,5,0.21539447562212782,0.3643428586789579,0.12443089485168457
151670,Br5595,banksy,0,5,0.19232928358952608,0.2894073903319123,16.267154932022095
151670,Br5595,spagcn,0,5,0.21630749950706843,0.3720741911914149,12.831804037094116
151670,Br5595,graphst,0,5,0.2624758335049779,0.45209995315003804,83.11335587501526
151670,Br5595,neurostias,1,5,0.3061265592077629,0.4841883649928183,0.6526219844818115
151670,Br5595,neurostias_nosp,1,5,0.1642968429238179,0.2547394394090333,0.24840593338012695
151670,Br5595,neurostias_norefine,1,5,0.30529630124848145,0.48208397662706554,0.20078420639038086
151670,Br5595,neurostias_lodo,1,5,0.29385225466429044,0.48607098871162446,0.21010422706604004
151670,Br5595,kmeans_pca,1,5,0.16528175765982742,0.25021708513889496,0.09383606910705566
151670,Br5595,scanpy_leiden,1,5,0.17441276855849344,0.23920822537525627,0.31304430961608887
151670,Br5595,v441_spatial,1,5,0.21432169875652826,0.3840685044112287,0.10976195335388184
151670,Br5595,v441_combined,1,5,0.21756086214670187,0.36561150534256925,0.08349108695983887
151670,Br5595,banksy,1,5,0.24243854664772893,0.4024932780331284,22.680706024169922
151670,Br5595,spagcn,1,5,0.14091099993209064,0.30362792615415096,10.705872058868408
151670,Br5595,graphst,1,5,0.23237819428461606,0.42659858642602905,78.40927624702454
151670,Br5595,neurostias,2,5,0.34614157006199103,0.48899560359408256,0.45294618606567383
151670,Br5595,neurostias_nosp,2,5,0.14951534907611388,0.25155852104884197,0.29584193229675293
151670,Br5595,neurostias_norefine,2,5,0.33585477710569045,0.47479823965483037,0.20452213287353516
151670,Br5595,neurostias_lodo,2,5,0.2258059742158728,0.38361713882009085,0.2654287815093994
151670,Br5595,kmeans_pca,2,5,0.16611230199334498,0.2597445633030055,0.1295759677886963
151670,Br5595,scanpy_leiden,2,5,0.233636207747887,0.21848997326783487,0.28351306915283203
151670,Br5595,v441_spatial,2,5,0.20550031300544702,0.3770148017379008,0.07995223999023438
151670,Br5595,v441_combined,2,5,0.21756086214670187,0.36561150534256925,0.09007406234741211
151670,Br5595,banksy,2,5,0.23160299495467426,0.4010528889427641,21.082945823669434
151670,Br5595,spagcn,2,5,0.3014303427629205,0.5026056230932763,9.838959217071533
151670,Br5595,graphst,2,5,0.24840386266191047,0.4171021305238963,86.88047099113464
151670,Br5595,neurostias,3,5,0.3437720493848768,0.48580640302246086,1.0006201267242432
151670,Br5595,neurostias_nosp,3,5,0.14581919465135074,0.24283841495560232,0.29726171493530273
151670,Br5595,neurostias_norefine,3,5,0.3338273824545769,0.473091340528542,0.224531888961792
151670,Br5595,neurostias_lodo,3,5,0.23477124108936745,0.3900244542741891,0.28215599060058594
151670,Br5595,kmeans_pca,3,5,0.16872146109138436,0.2562715891653162,0.17982912063598633
151670,Br5595,scanpy_leiden,3,5,0.30034124533059664,0.2299909419867552,0.4035329818725586
151670,Br5595,v441_spatial,3,5,0.2074567557677132,0.37912481529747183,0.07028508186340332
151670,Br5595,v441_combined,3,5,0.20007196804199776,0.3463169943134837,0.1603410243988037
151670,Br5595,banksy,3,5,0.23656904833655656,0.3980016424848664,23.807268857955933
151670,Br5595,spagcn,3,5,0.2030284933325797,0.38879261704913204,12.70691204071045
151670,Br5595,graphst,3,5,0.2444086836484146,0.4225244351844344,109.01980018615723
151670,Br5595,neurostias,4,5,0.305631498532975,0.48380897079341434,1.4829471111297607
151670,Br5595,neurostias_nosp,4,5,0.14305939941762177,0.24627421210623182,0.6612999439239502
151670,Br5595,neurostias_norefine,4,5,0.3039755275363049,0.4810713244376025,0.415208101272583
151670,Br5595,neurostias_lodo,4,5,0.2841790102466679,0.4846561512848105,0.2661139965057373
151670,Br5595,kmeans_pca,4,5,0.16887220121179428,0.25610240867946454,0.11494588851928711
151670,Br5595,scanpy_leiden,4,5,0.27025305809327055,0.23620883139546262,0.38488006591796875
151670,Br5595,v441_spatial,4,5,0.21525875323305999,0.38400548666296264,0.264193058013916
151670,Br5595,v441_combined,4,5,0.20984965301602646,0.35536781286782426,0.5651071071624756
151670,Br5595,banksy,4,5,0.23725756290739505,0.4072961965713591,27.604089975357056
151670,Br5595,spagcn,4,5,0.1197964357095712,0.2894319158637702,15.612781763076782
151670,Br5595,graphst,4,5,0.2689124048130567,0.4459752088015292,80.02495908737183
151671,Br5595,neurostias,0,5,0.35927004119276745,0.48048395391456733,0.5363428592681885
151671,Br5595,neurostias_nosp,0,5,0.24178176588858974,0.31949137289379087,0.286876916885376
151671,Br5595,neurostias_norefine,0,5,0.35359631665402275,0.4701437596211874,0.33464598655700684
151671,Br5595,neurostias_lodo,0,5,0.4509688247807301,0.5425142238091925,0.26642489433288574
151671,Br5595,kmeans_pca,0,5,0.24865804195670654,0.3216008654544593,0.1040639877319336
151671,Br5595,scanpy_leiden,0,5,0.18370562957094305,0.21996952092746222,0.518812894821167
151671,Br5595,v441_spatial,0,5,0.21342271041917246,0.35176071525692076,0.06788086891174316
151671,Br5595,v441_combined,0,5,0.32417478077757644,0.4084889977570211,0.10211610794067383
151671,Br5595,banksy,0,5,0.2199325872553561,0.3586275817189066,34.107805013656616
151671,Br5595,spagcn,0,5,0.437499598760844,0.5476663124402662,12.435630798339844
151671,Br5595,graphst,0,5,0.5539004047849269,0.6481030678645102,141.59079098701477
151671,Br5595,neurostias,1,5,0.3556599604912298,0.47427179857127805,1.0131869316101074
151671,Br5595,neurostias_nosp,1,5,0.24566324665894423,0.31943406671614094,0.8903441429138184
151671,Br5595,neurostias_norefine,1,5,0.3500766605067788,0.4664745228049577,0.8925800323486328
151671,Br5595,neurostias_lodo,1,5,0.44044173546970755,0.5173346094192398,0.6453900337219238
151671,Br5595,kmeans_pca,1,5,0.2505478533711281,0.3205194782711866,0.2957041263580322
151671,Br5595,scanpy_leiden,1,5,0.19284071828077093,0.2234044384594125,0.16704487800598145
151671,Br5595,v441_spatial,1,5,0.2118060968523829,0.34949685936070374,0.10373687744140625
151671,Br5595,v441_combined,1,5,0.31333758677219126,0.3832507976770694,0.18021726608276367
151671,Br5595,banksy,1,5,0.21721308715169338,0.30921443422742206,23.427889108657837
151671,Br5595,spagcn,1,5,0.38107761263200873,0.5436363095907946,17.53343892097473
151671,Br5595,graphst,1,5,0.5432853575502196,0.6447460950888139,142.2026219367981
151671,Br5595,neurostias,2,5,0.3603562263265635,0.4812034487186739,0.7118492126464844
151671,Br5595,neurostias_nosp,2,5,0.24851288265431629,0.3181955582082911,0.27461886405944824
151671,Br5595,neurostias_norefine,2,5,0.35405892177873355,0.46999668169153574,0.22916221618652344
151671,Br5595,neurostias_lodo,2,5,0.3942127151239019,0.5017792695177482,0.28893494606018066
151671,Br5595,kmeans_pca,2,5,0.24791839115800848,0.32093757317354077,0.11095213890075684
151671,Br5595,scanpy_leiden,2,5,0.1675069877447974,0.1995887676814906,0.4609100818634033
151671,Br5595,v441_spatial,2,5,0.21433298736337356,0.35259624589529853,0.07168698310852051
151671,Br5595,v441_combined,2,5,0.3241046974507862,0.41001099208358155,0.10181903839111328
151671,Br5595,banksy,2,5,0.32303244552858285,0.4419582980777382,30.532439947128296
151671,Br5595,spagcn,2,5,0.42414473665066,0.526375447495321,10.91015100479126
151671,Br5595,graphst,2,5,0.5394394157186392,0.6422279534135088,137.18438696861267
151671,Br5595,neurostias,3,5,0.3556085572347902,0.47955563416037994,0.6399950981140137
151671,Br5595,neurostias_nosp,3,5,0.24490170753155008,0.319338221558953,1.3592958450317383
151671,Br5595,neurostias_norefine,3,5,0.3500029609528436,0.4697404832404777,0.3053429126739502
151671,Br5595,neurostias_lodo,3,5,0.39819530855752583,0.49764203223674713,0.3125040531158447
151671,Br5595,kmeans_pca,3,5,0.2476686761910945,0.3219350895431823,0.10415887832641602
151671,Br5595,scanpy_leiden,3,5,0.1360092025890505,0.22001885691728396,0.28836989402770996
151671,Br5595,v441_spatial,3,5,0.21125033543042382,0.3490870939677423,0.25107502937316895
151671,Br5595,v441_combined,3,5,0.32350205714170543,0.40588015480230855,0.30559802055358887
151671,Br5595,banksy,3,5,0.29159284771010474,0.3518391000990976,34.577367067337036
151671,Br5595,spagcn,3,5,0.2989684886806669,0.4008284760195306,14.781311988830566
151671,Br5595,graphst,3,5,0.5280352911717369,0.6288573635551622,126.64895224571228
151671,Br5595,neurostias,4,5,0.3578160600258512,0.47950927010917777,0.8943397998809814
151671,Br5595,neurostias_nosp,4,5,0.2495270476748269,0.32134496707623506,0.7842180728912354
151671,Br5595,neurostias_norefine,4,5,0.353038856390254,0.47195865589014135,0.5775837898254395
151671,Br5595,neurostias_lodo,4,5,0.3899600573829897,0.4993869982453311,0.4068727493286133
151671,Br5595,kmeans_pca,4,5,0.24854684457183043,0.3204176305425493,0.4381141662597656
151671,Br5595,scanpy_leiden,4,5,0.2056849390453841,0.21300082251092523,0.5375480651855469
151671,Br5595,v441_spatial,4,5,0.21264453986930396,0.3510446541751128,0.04708075523376465
151671,Br5595,v441_combined,4,5,0.3232808918048239,0.40510361912802295,0.07913088798522949
151671,Br5595,banksy,4,5,0.3250136163205877,0.3809574044801433,23.396689891815186
151671,Br5595,spagcn,4,5,0.4754308819464529,0.5881982358657798,12.241084814071655
151671,Br5595,graphst,4,5,0.4778795744744741,0.604346891278307,138.35640811920166
151672,Br5595,neurostias,0,5,0.4088681727352823,0.5123340384042815,0.7193851470947266
151672,Br5595,neurostias_nosp,0,5,0.23141866155042864,0.2702623107225322,1.651926040649414
151672,Br5595,neurostias_norefine,0,5,0.3973067301733713,0.4943287136811416,0.7791950702667236
151672,Br5595,neurostias_lodo,0,5,0.47276523271086246,0.5573069298417926,0.519305944442749
151672,Br5595,kmeans_pca,0,5,0.2284393962949241,0.26807014682234975,0.4530060291290283
151672,Br5595,scanpy_leiden,0,5,0.15801257383953585,0.15895029774583697,0.6206188201904297
151672,Br5595,v441_spatial,0,5,0.2583388113452405,0.37949428359207343,0.19562888145446777
151672,Br5595,v441_combined,0,5,0.32962695463963343,0.38667269663767634,0.3034539222717285
151672,Br5595,banksy,0,5,0.26173979615810006,0.3407547925044102,24.99877905845642
151672,Br5595,spagcn,0,5,0.4588445522400011,0.6182347022050112,14.553676128387451
151672,Br5595,graphst,0,5,0.4565747943307586,0.5466885787989206,125.00312876701355
151672,Br5595,neurostias,1,5,0.4069927321447559,0.5068707616860972,0.2950327396392822
151672,Br5595,neurostias_nosp,1,5,0.22157975038687105,0.2599111417022388,0.6781837940216064
151672,Br5595,neurostias_norefine,1,5,0.3968094565494013,0.4895358498993434,0.5629959106445312
151672,Br5595,neurostias_lodo,1,5,0.4052055161233059,0.5204498484694258,0.41857266426086426
151672,Br5595,kmeans_pca,1,5,0.22845867128769853,0.27042767052494077,0.8895490169525146
151672,Br5595,scanpy_leiden,1,5,0.15024352019452333,0.15867706212863225,0.6019678115844727
151672,Br5595,v441_spatial,1,5,0.2589609398196109,0.37967463862896167,0.43083810806274414
151672,Br5595,v441_combined,1,5,0.3401517673859634,0.3991416365090678,0.23146796226501465
151672,Br5595,banksy,1,5,0.29155736004957605,0.3632752380992291,29.985437870025635
151672,Br5595,spagcn,1,5,0.4359015583256304,0.5920219595195139,16.66382098197937
151672,Br5595,graphst,1,5,0.5191485801680766,0.627403658990756,136.0534439086914
151672,Br5595,neurostias,2,5,0.4055932915110492,0.5061424485717341,0.6334347724914551
151672,Br5595,neurostias_nosp,2,5,0.22446387813444885,0.26512178556205473,0.7443180084228516
151672,Br5595,neurostias_norefine,2,5,0.39550277911731413,0.48992290046294545,0.45090794563293457
151672,Br5595,neurostias_lodo,2,5,0.44744664548435237,0.5445945062486441,0.6813740730285645
151672,Br5595,kmeans_pca,2,5,0.22619433349448492,0.266501003613951,0.5503900051116943
151672,Br5595,scanpy_leiden,2,5,0.15994395753289892,0.16850529917055276,0.4718048572540283
151672,Br5595,v441_spatial,2,5,0.2589609398196109,0.37967463862896167,0.045828819274902344
151672,Br5595,v441_combined,2,5,0.33653046267550135,0.39942518174554387,0.08483099937438965
151672,Br5595,banksy,2,5,0.3032541801325498,0.38373263131294655,41.12260699272156
151672,Br5595,spagcn,2,5,0.46342363615405646,0.6253251000557501,14.511116027832031
151672,Br5595,graphst,2,5,0.5490497129527023,0.6393009752805386,130.64710402488708
151672,Br5595,neurostias,3,5,0.40748997580338675,0.5075958162198202,0.796875
151672,Br5595,neurostias_nosp,3,5,0.228110058133886,0.2673004653458178,0.38608527183532715
151672,Br5595,neurostias_norefine,3,5,0.3953713383100875,0.48724034865703864,1.6645278930664062
151672,Br5595,neurostias_lodo,3,5,0.4251079786315391,0.5570389880551746,0.5871961116790771
151672,Br5595,kmeans_pca,3,5,0.22746336263376257,0.26582984374305807,0.5298099517822266
151672,Br5595,scanpy_leiden,3,5,0.16818298833275633,0.16931935764899966,0.5918631553649902
151672,Br5595,v441_spatial,3,5,0.2579708667352631,0.3791865261440122,0.2568080425262451
151672,Br5595,v441_combined,3,5,0.330065435289554,0.3878019717751474,0.4320368766784668
151672,Br5595,banksy,3,5,0.29165459653441694,0.37825966405594186,33.16870713233948
151672,Br5595,spagcn,3,5,0.2846983707363713,0.4295219658592871,15.832159996032715
151672,Br5595,graphst,3,5,0.53106016023856,0.6235466248149676,134.32712125778198
151672,Br5595,neurostias,4,5,0.4039075002811053,0.50467879025306,1.6191327571868896
151672,Br5595,neurostias_nosp,4,5,0.23334031460118412,0.27035691449497573,0.6499409675598145
151672,Br5595,neurostias_norefine,4,5,0.3960750605833721,0.48984845169378716,0.38841819763183594
151672,Br5595,neurostias_lodo,4,5,0.40618355844213067,0.51209207081631,0.3283078670501709
151672,Br5595,kmeans_pca,4,5,0.22666013405529636,0.2659964933657866,0.47643303871154785
151672,Br5595,scanpy_leiden,4,5,0.15224418872502274,0.17320670764499912,0.738274097442627
151672,Br5595,v441_spatial,4,5,0.2587475340215616,0.3794264964294064,0.9980261325836182
151672,Br5595,v441_combined,4,5,0.3174480470579322,0.37840349652262845,0.8108270168304443
151672,Br5595,banksy,4,5,0.2727470182602375,0.39002637005993174,26.69777512550354
151672,Br5595,spagcn,4,5,0.43176381333848823,0.5508984806067427,13.876934051513672
151672,Br5595,graphst,4,5,0.5535156678359514,0.6490801265074894,126.2467451095581
151673,Br8100,neurostias,0,7,0.292512188597867,0.47652149531399624,1.0129761695861816
151673,Br8100,neurostias_nosp,0,7,0.20048704590370525,0.35462592847352487,0.7791900634765625
151673,Br8100,neurostias_norefine,0,7,0.29136578476018155,0.4725466475444934,0.6245172023773193
151673,Br8100,neurostias_lodo,0,7,0.34575071110046046,0.5146527273352054,0.6241278648376465
151673,Br8100,kmeans_pca,0,7,0.20676053724929527,0.36060185294703034,1.4308269023895264
151673,Br8100,scanpy_leiden,0,7,0.2443814476641298,0.33823478566371235,0.39427614212036133
151673,Br8100,v441_spatial,0,7,0.2287915829720269,0.3589735939695802,0.06444811820983887
151673,Br8100,v441_combined,0,7,0.24926239938392206,0.35651358761416846,0.07074093818664551
151673,Br8100,banksy,0,7,0.2951182274524221,0.45162596217151313,31.90110421180725
151673,Br8100,spagcn,0,7,0.34861344316364207,0.502943804681065,15.122704029083252
151673,Br8100,graphst,0,7,0.5130291394038128,0.6428815208941323,115.1505618095398
151673,Br8100,neurostias,1,7,0.2914638933630061,0.474862930250241,2.300034999847412
151673,Br8100,neurostias_nosp,1,7,0.1841126144939334,0.3339541533870567,3.305953025817871
151673,Br8100,neurostias_norefine,1,7,0.2898955090325918,0.4713231299997869,1.186570167541504
151673,Br8100,neurostias_lodo,1,7,0.3269017819983577,0.4930996053328692,0.6410229206085205
151673,Br8100,kmeans_pca,1,7,0.20556818896412016,0.36124991905653314,2.691904067993164
151673,Br8100,scanpy_leiden,1,7,0.26010178127476646,0.36979266065632316,0.567720890045166
151673,Br8100,v441_spatial,1,7,0.22790147394713628,0.35940028133676566,2.2256219387054443
151673,Br8100,v441_combined,1,7,0.2575409379965532,0.3805318884433674,2.32807993888855
151673,Br8100,banksy,1,7,0.29577474060012926,0.43606265241290104,25.637556076049805
151673,Br8100,spagcn,1,7,0.3613803309146468,0.5099203436400184,10.944313049316406
151673,Br8100,graphst,1,7,0.5073125546279595,0.6471896489861962,131.67033505439758
151673,Br8100,neurostias,2,7,0.29531496609898955,0.47995680282645387,0.8724198341369629
151673,Br8100,neurostias_nosp,2,7,0.19311763337094429,0.34659197078914084,0.2611410617828369
151673,Br8100,neurostias_norefine,2,7,0.292118870328837,0.4744058493179255,0.21602988243103027
151673,Br8100,neurostias_lodo,2,7,0.323615477303133,0.49797586702795227,0.43949294090270996
151673,Br8100,kmeans_pca,2,7,0.20459002016698968,0.36047609070272646,0.12343406677246094
151673,Br8100,scanpy_leiden,2,7,0.2398890285269403,0.3551838376733664,0.49070215225219727
151673,Br8100,v441_spatial,2,7,0.2288648326808064,0.36099038864817673,0.06391191482543945
151673,Br8100,v441_combined,2,7,0.2646462871243781,0.37689729009915346,0.11009693145751953
151673,Br8100,banksy,2,7,0.2894232416847462,0.44192356006958383,23.67436695098877
151673,Br8100,spagcn,2,7,0.3661558039171803,0.5509083182951352,13.525732040405273
151673,Br8100,graphst,2,7,0.5090367420563563,0.657326610953473,138.02297592163086
151673,Br8100,neurostias,3,7,0.2940160897301366,0.478651258217584,0.7332668304443359
151673,Br8100,neurostias_nosp,3,7,0.18967555155880625,0.339421537749835,0.8198480606079102
151673,Br8100,neurostias_norefine,3,7,0.2922815250842711,0.473594532378846,0.4386260509490967
151673,Br8100,neurostias_lodo,3,7,0.36708327225110726,0.5375403465213542,0.4173769950866699
151673,Br8100,kmeans_pca,3,7,0.2075355442426092,0.3641260272322349,1.2281379699707031
151673,Br8100,scanpy_leiden,3,7,0.2258971854974607,0.3316967861152474,0.4993605613708496
151673,Br8100,v441_spatial,3,7,0.22810830214708017,0.35967884227790137,0.7733361721038818
151673,Br8100,v441_combined,3,7,0.2598705034894936,0.3853846920476377,0.13019394874572754
151673,Br8100,banksy,3,7,0.25560627818626747,0.39823870883152007,19.656163692474365
151673,Br8100,spagcn,3,7,0.3194195201943216,0.485159261386565,17.74212121963501
151673,Br8100,graphst,3,7,0.5180649410334757,0.6455382932440703,135.09515190124512
151673,Br8100,neurostias,4,7,0.294896235920994,0.479885135274685,1.4736077785491943
151673,Br8100,neurostias_nosp,4,7,0.19972738582666996,0.35288612728098584,2.0648720264434814
151673,Br8100,neurostias_norefine,4,7,0.2915791688822733,0.4738830433236812,0.318911075592041
151673,Br8100,neurostias_lodo,4,7,0.3345939301569088,0.5133468681679898,0.4328122138977051
151673,Br8100,kmeans_pca,4,7,0.2074856573447777,0.36390124919749395,0.5235269069671631
151673,Br8100,scanpy_leiden,4,7,0.24081383254984787,0.3412143865161178,0.4903538227081299
151673,Br8100,v441_spatial,4,7,0.2288648326808064,0.36099038864817673,0.17847704887390137
151673,Br8100,v441_combined,4,7,0.22850133369133638,0.3462154766717778,0.26426005363464355
151673,Br8100,banksy,4,7,0.2708153815086015,0.41022698009578207,23.553953170776367
151673,Br8100,spagcn,4,7,0.24460935581941592,0.41980568558627795,13.939927101135254
151673,Br8100,graphst,4,7,0.5269942349960822,0.6636421936544171,120.13909602165222
151674,Br8100,neurostias,0,7,0.2860341309856806,0.4489989073101779,3.2019917964935303
151674,Br8100,neurostias_nosp,0,7,0.21391753768950122,0.3475306490485089,2.3774142265319824
151674,Br8100,neurostias_norefine,0,7,0.28443952015660073,0.44249117268570504,0.3990190029144287
151674,Br8100,neurostias_lodo,0,7,0.3091774877598367,0.47779082910566273,0.5879442691802979
151674,Br8100,kmeans_pca,0,7,0.2111506759406312,0.3479014584195375,1.716090202331543
151674,Br8100,scanpy_leiden,0,7,0.223544302594984,0.29135967797479106,0.7922952175140381
151674,Br8100,v441_spatial,0,7,0.2415500842239787,0.3711757022647702,1.396942138671875
151674,Br8100,v441_combined,0,7,0.27570238277210796,0.36444575710367677,0.1225728988647461
151674,Br8100,banksy,0,7,0.36785351011600814,0.45600274583398714,23.747058868408203
151674,Br8100,spagcn,0,7,0.3247569593016097,0.47227730763489845,15.484068870544434
151674,Br8100,graphst,0,7,0.43319721684181955,0.5656722980927616,129.40191006660461
151674,Br8100,neurostias,1,7,0.285155991300767,0.44831432932572535,0.4292948246002197
151674,Br8100,neurostias_nosp,1,7,0.21273544380440604,0.34649000289251064,0.2691218852996826
151674,Br8100,neurostias_norefine,1,7,0.2843646783252843,0.4431318175108996,0.35892510414123535
151674,Br8100,neurostias_lodo,1,7,0.2956916742759202,0.4634912844899899,0.41982388496398926
151674,Br8100,kmeans_pca,1,7,0.2107487096078434,0.3471315375814245,0.26795005798339844
151674,Br8100,scanpy_leiden,1,7,0.2601226120070876,0.3267198882643254,0.3237309455871582
151674,Br8100,v441_spatial,1,7,0.24205578607982728,0.3719549259712801,0.07159090042114258
151674,Br8100,v441_combined,1,7,0.2785539973215599,0.3636548763944057,0.08252191543579102
151674,Br8100,banksy,1,7,0.3631420406782805,0.4695780216283588,36.97565007209778
151674,Br8100,spagcn,1,7,0.34291167083517393,0.49617986157200383,20.970380067825317
151674,Br8100,graphst,1,7,0.41979190949650486,0.5545066596076109,125.82706713676453
151674,Br8100,neurostias,2,7,0.28509312247265867,0.44852437769803727,0.2923400402069092
151674,Br8100,neurostias_nosp,2,7,0.2128757475805259,0.3470356464434945,0.27600717544555664
151674,Br8100,neurostias_norefine,2,7,0.28468381200069437,0.44271286634104784,0.24611926078796387
151674,Br8100,neurostias_lodo,2,7,0.2955142425504479,0.46707062875928773,0.33713197708129883
151674,Br8100,kmeans_pca,2,7,0.2122391789574235,0.3475871328407112,0.18022918701171875
151674,Br8100,scanpy_leiden,2,7,0.22953665143182125,0.2932101906184784,0.3382861614227295
151674,Br8100,v441_spatial,2,7,0.241219665408639,0.37092094205706444,0.12134909629821777
151674,Br8100,v441_combined,2,7,0.27921533885133226,0.3642625537535983,0.13781023025512695
151674,Br8100,banksy,2,7,0.30485926192461227,0.41538687143709,28.60740303993225
151674,Br8100,spagcn,2,7,0.3541875001668918,0.5417646826726655,17.061607360839844
151674,Br8100,graphst,2,7,0.4406700680815721,0.5447544855722691,126.82171702384949
151674,Br8100,neurostias,3,7,0.2862222921886653,0.44945913743387006,1.1228928565979004
151674,Br8100,neurostias_nosp,3,7,0.20991329846350112,0.34368905778978387,1.8630950450897217
151674,Br8100,neurostias_norefine,3,7,0.2852971321262344,0.442924361811082,1.778916835784912
151674,Br8100,neurostias_lodo,3,7,0.3137063278731803,0.4948073589532978,0.8794448375701904
151674,Br8100,kmeans_pca,3,7,0.2140577843000103,0.3499292396318846,0.694983720779419
151674,Br8100,scanpy_leiden,3,7,0.2461709969822151,0.31626710648954387,0.2680089473724365
151674,Br8100,v441_spatial,3,7,0.24145171476106458,0.3710842677286069,0.30914831161499023
151674,Br8100,v441_combined,3,7,0.2785539973215599,0.36365487639440564,0.10416102409362793
151674,Br8100,banksy,3,7,0.3695261560280032,0.4685966133256394,21.70110511779785
151674,Br8100,spagcn,3,7,0.2313150342605511,0.3698425147847181,12.503471851348877
151674,Br8100,graphst,3,7,0.4829803933626796,0.5778144577184086,116.1729531288147
151674,Br8100,neurostias,4,7,0.28718676145912586,0.45071783697270473,0.9210891723632812
151674,Br8100,neurostias_nosp,4,7,0.21324270503777495,0.34921298676337664,1.6191508769989014
151674,Br8100,neurostias_norefine,4,7,0.2868537396026599,0.44522035364590085,2.3840818405151367
151674,Br8100,neurostias_lodo,4,7,0.30231178664928354,0.4936118150589702,0.6593599319458008
151674,Br8100,kmeans_pca,4,7,0.21471760654219726,0.34937865736740675,1.2564160823822021
151674,Br8100,scanpy_leiden,4,7,0.2433105738120744,0.3122261514108643,0.9608199596405029
151674,Br8100,v441_spatial,4,7,0.23819112332600442,0.36856157797968503,1.5834691524505615
151674,Br8100,v441_combined,4,7,0.279309151312688,0.36434221524340377,0.08672380447387695
151674,Br8100,banksy,4,7,0.32591713109432785,0.4233714902584305,22.112349033355713
151674,Br8100,spagcn,4,7,0.23479712600799257,0.395330110862913,16.990883827209473
151674,Br8100,graphst,4,7,0.3190773074624866,0.4912774764414261,120.49430990219116
151675,Br8100,neurostias,0,7,0.2738141111876136,0.4545707823319517,0.6655840873718262
151675,Br8100,neurostias_nosp,0,7,0.17127903813506157,0.29279094174347364,0.6773700714111328
151675,Br8100,neurostias_norefine,0,7,0.27166523390168107,0.4521528618889485,0.42169976234436035
151675,Br8100,neurostias_lodo,0,7,0.3091339040393954,0.47920624298480374,0.4272041320800781
151675,Br8100,kmeans_pca,0,7,0.14825272492583833,0.29494289698101905,0.22027587890625
151675,Br8100,scanpy_leiden,0,7,0.24833944931895408,0.3014337579769515,0.877920389175415
151675,Br8100,v441_spatial,0,7,0.23741731541409278,0.3722597537754595,2.2221498489379883
151675,Br8100,v441_combined,0,7,0.23268238440122793,0.350284403027386,0.10042786598205566
151675,Br8100,banksy,0,7,0.29275726400672314,0.4297289187803925,21.756283283233643
151675,Br8100,spagcn,0,7,0.4956464762190351,0.6679539156934612,19.996739149093628
151675,Br8100,graphst,0,7,0.47240891089711823,0.5880518731491032,117.53781294822693
151675,Br8100,neurostias,1,7,0.27450193404302786,0.45715321854962243,2.4052679538726807
151675,Br8100,neurostias_nosp,1,7,0.17215849971970967,0.29807234541854505,0.8688180446624756
151675,Br8100,neurostias_norefine,1,7,0.2726753260914796,0.45452450940842026,0.22832107543945312
151675,Br8100,neurostias_lodo,1,7,0.29563017466899966,0.4763380049570839,0.8244161605834961
151675,Br8100,kmeans_pca,1,7,0.17513886155910366,0.3007167331399906,1.1446962356567383
151675,Br8100,scanpy_leiden,1,7,0.24433033299448256,0.314035357552605,0.5580008029937744
151675,Br8100,v441_spatial,1,7,0.23708641105224149,0.37266369119812176,0.40000200271606445
151675,Br8100,v441_combined,1,7,0.22402801799947653,0.3465819370664484,0.4680640697479248
151675,Br8100,banksy,1,7,0.32283924680485937,0.43693836746127074,24.513340950012207
151675,Br8100,spagcn,1,7,0.4238785271984593,0.573291545083661,15.119671106338501
151675,Br8100,graphst,1,7,0.5502250348822071,0.6288843609132835,113.06228303909302
151675,Br8100,neurostias,2,7,0.2735259392312089,0.45478067535202865,1.7660999298095703
151675,Br8100,neurostias_nosp,2,7,0.15825924398783836,0.3131461941227195,0.724370002746582
151675,Br8100,neurostias_norefine,2,7,0.27202282512676307,0.4518702760593981,0.23793601989746094
151675,Br8100,neurostias_lodo,2,7,0.2706450702683397,0.4576422164282819,0.45882177352905273
151675,Br8100,kmeans_pca,2,7,0.17565282816058297,0.3010391651740074,0.611271858215332
151675,Br8100,scanpy_leiden,2,7,0.24856706300951018,0.30829231604204194,0.25295090675354004
151675,Br8100,v441_spatial,2,7,0.23749034942198793,0.3733038363508501,0.37401890754699707
151675,Br8100,v441_combined,2,7,0.22648401856809297,0.35047269867310443,0.47702717781066895
151675,Br8100,banksy,2,7,0.316394243339361,0.406614390651299,20.135870933532715
151675,Br8100,spagcn,2,7,0.3292678989918614,0.5176380896585121,15.228072881698608
151675,Br8100,graphst,2,7,0.5176476198188236,0.6178419857616837,123.40865516662598
151675,Br8100,neurostias,3,7,0.27625189546800816,0.4583040329911323,0.8902840614318848
151675,Br8100,neurostias_nosp,3,7,0.17996617442744922,0.3102247935476029,0.9714691638946533
151675,Br8100,neurostias_norefine,3,7,0.27355267397849026,0.4544986513344884,0.6161911487579346
151675,Br8100,neurostias_lodo,3,7,0.26615607633466565,0.4563310338573402,0.5264818668365479
151675,Br8100,kmeans_pca,3,7,0.17474786650741284,0.29812715342429386,0.38709020614624023
151675,Br8100,scanpy_leiden,3,7,0.24946482016207056,0.2977941280797234,0.42148923873901367
151675,Br8100,v441_spatial,3,7,0.23769919996335445,0.37513902458835835,0.5012390613555908
151675,Br8100,v441_combined,3,7,0.23454695888935442,0.3503593675421852,0.6365220546722412
151675,Br8100,banksy,3,7,0.2919511823792171,0.40611113219962913,21.04890489578247
151675,Br8100,spagcn,3,7,0.25653833892657013,0.42100153561804604,15.118063926696777
151675,Br8100,graphst,3,7,0.4728826028747344,0.5830167845261254,138.3174171447754
151675,Br8100,neurostias,4,7,0.27783385601602273,0.45991366607862444,0.9423089027404785
151675,Br8100,neurostias_nosp,4,7,0.17228948463035557,0.2954774165651821,0.7895889282226562
151675,Br8100,neurostias_norefine,4,7,0.27611843278016757,0.4582631092633224,0.9688701629638672
151675,Br8100,neurostias_lodo,4,7,0.25906053093121467,0.4491223398011344,1.335010051727295
151675,Br8100,kmeans_pca,4,7,0.17530026635514998,0.29950668865236296,0.5411691665649414
151675,Br8100,scanpy_leiden,4,7,0.24577133918912283,0.30900477804533555,0.36669015884399414
151675,Br8100,v441_spatial,4,7,0.2368540487681082,0.3727305348393803,0.5552058219909668
151675,Br8100,v441_combined,4,7,0.25556666397974664,0.3650109645646263,0.11631584167480469
151675,Br8100,banksy,4,7,0.35080132679309484,0.4594098607135102,25.530889987945557
151675,Br8100,spagcn,4,7,0.34745871943522516,0.5313974149989833,17.287299871444702
151675,Br8100,graphst,4,7,0.5007624697285408,0.6008123203355047,122.53323793411255
151676,Br8100,neurostias,0,7,0.2796177806914663,0.4474463165743856,1.4201269149780273
151676,Br8100,neurostias_nosp,0,7,0.1877952007773169,0.33210348294285214,1.2769279479980469
151676,Br8100,neurostias_norefine,0,7,0.27622570120441725,0.44162342491943396,0.8922960758209229
151676,Br8100,neurostias_lodo,0,7,0.2505555331511288,0.43535613942333307,0.5335018634796143
151676,Br8100,kmeans_pca,0,7,0.18035185389056213,0.32160892047910933,0.8846728801727295
151676,Br8100,scanpy_leiden,0,7,0.21974365045119307,0.2909879027090555,0.13711309432983398
151676,Br8100,v441_spatial,0,7,0.2291722426974053,0.36069096366987113,0.5394320487976074
151676,Br8100,v441_combined,0,7,0.2037525243977083,0.33168420800188736,2.1857717037200928
151676,Br8100,banksy,0,7,0.2689444005163442,0.4003198312273682,15.119324922561646
151676,Br8100,spagcn,0,7,0.4299841475244317,0.5725592117192385,14.068688154220581
151676,Br8100,graphst,0,7,0.40775209056488276,0.5410090978742603,104.66234064102173
151676,Br8100,neurostias,1,7,0.27908553635459576,0.44752831763501333,0.8961362838745117
151676,Br8100,neurostias_nosp,1,7,0.1545715232613873,0.30181006580677266,0.3043839931488037
151676,Br8100,neurostias_norefine,1,7,0.27704648706039003,0.4434312980372857,0.9283337593078613
151676,Br8100,neurostias_lodo,1,7,0.2733610984733847,0.4636882266253211,0.6832501888275146
151676,Br8100,kmeans_pca,1,7,0.17995690813374507,0.32241274950036036,0.7976419925689697
151676,Br8100,scanpy_leiden,1,7,0.220664005393107,0.306977566060787,0.41318202018737793
151676,Br8100,v441_spatial,1,7,0.22898976113759276,0.36043118856654155,0.3468639850616455
151676,Br8100,v441_combined,1,7,0.18491286789963998,0.3207408299203735,0.12046289443969727
151676,Br8100,banksy,1,7,0.26656598270780324,0.39838034826642765,30.247828245162964
151676,Br8100,spagcn,1,7,0.30202850213071436,0.5039662758213492,9.84925889968872
151676,Br8100,graphst,1,7,0.38938275393016014,0.5430883701075419,120.42308020591736
151676,Br8100,neurostias,2,7,0.26000903523719054,0.4413005749103523,0.6224901676177979
151676,Br8100,neurostias_nosp,2,7,0.1751033185292868,0.31546853617334564,0.45998096466064453
151676,Br8100,neurostias_norefine,2,7,0.26012211915435157,0.43852893251576297,0.5589020252227783
151676,Br8100,neurostias_lodo,2,7,0.29376164459532933,0.47135103340729334,0.9484801292419434
151676,Br8100,kmeans_pca,2,7,0.17903109015768462,0.32293168042601966,1.152298927307129
151676,Br8100,scanpy_leiden,2,7,0.2167869022911087,0.308075263078845,0.46836400032043457
151676,Br8100,v441_spatial,2,7,0.22898976113759276,0.36043118856654155,0.35601282119750977
151676,Br8100,v441_combined,2,7,0.17064778096762176,0.3008427416440052,0.1276712417602539
151676,Br8100,banksy,2,7,0.26777307857115173,0.4050121655152014,22.212286233901978
151676,Br8100,spagcn,2,7,0.4558162319814754,0.6267763809976454,10.046932935714722
151676,Br8100,graphst,2,7,0.41326288526116034,0.5478845281335813,105.78048491477966
151676,Br8100,neurostias,3,7,0.2777109989877253,0.44785438790650844,0.4590740203857422
151676,Br8100,neurostias_nosp,3,7,0.20884036396025876,0.34554268322879755,0.5171990394592285
151676,Br8100,neurostias_norefine,3,7,0.2756101460769223,0.4446225119246639,0.24756598472595215
151676,Br8100,neurostias_lodo,3,7,0.29150287718647033,0.4722814539403321,0.37168121337890625
151676,Br8100,kmeans_pca,3,7,0.18445428795373212,0.32530731552322445,0.3387138843536377
151676,Br8100,scanpy_leiden,3,7,0.21830496549262898,0.30749553947598923,0.27346324920654297
151676,Br8100,v441_spatial,3,7,0.22829424010748572,0.360752379168754,0.07824206352233887
151676,Br8100,v441_combined,3,7,0.20252356094710933,0.3287605726922004,0.12965917587280273
151676,Br8100,banksy,3,7,0.24820222170209133,0.35843089984517845,32.902355909347534
151676,Br8100,spagcn,3,7,0.30800280923709894,0.4678799978502497,14.119415998458862
151676,Br8100,graphst,3,7,0.3867023204236574,0.5244306110731166,100.21268796920776
151676,Br8100,neurostias,4,7,0.2806085285289348,0.4503432667646923,0.3121929168701172
151676,Br8100,neurostias_nosp,4,7,0.18803656651549158,0.3274220265058149,0.2413158416748047
151676,Br8100,neurostias_norefine,4,7,0.27728615239078097,0.445474666492924,0.1967639923095703
151676,Br8100,neurostias_lodo,4,7,0.272916292784134,0.46121609887560794,0.2878856658935547
151676,Br8100,kmeans_pca,4,7,0.19711779213957598,0.3383876397611779,0.09975075721740723
151676,Br8100,scanpy_leiden,4,7,0.22651551189332275,0.3086566234633761,0.1463308334350586
151676,Br8100,v441_spatial,4,7,0.2281512299701504,0.36025930863997996,0.07900071144104004
151676,Br8100,v441_combined,4,7,0.20461991189376333,0.31917017982478835,0.12705373764038086
151676,Br8100,banksy,4,7,0.26323172304002695,0.38614842464446736,14.083566665649414
151676,Br8100,spagcn,4,7,0.3464590247149416,0.5209656775382934,9.496768951416016
151676,Br8100,graphst,4,7,0.372641824362135,0.5099636338810762,73.96805477142334
