method,section,donor,ari,nmi,seconds
banksy,151507,Br5292,0.4015880444719005,0.5109331335584907,18.357514429092408
banksy,151508,Br5292,0.35517281270835144,0.47523510960351895,22.707163715362547
banksy,151509,Br5292,0.24168304859586015,0.40152408769176506,18.546294832229613
banksy,151510,Br5292,0.24958402302767052,0.3825976142269611,21.13129777908325
banksy,151669,Br5595,0.3049886747242473,0.41687834460309425,16.750760746002197
banksy,151670,Br5595,0.22803948728717618,0.3796502792728061,22.28843312263489
banksy,151671,Br5595,0.27535691679326496,0.3685193637206615,29.208438205718995
banksy,151672,Br5595,0.28419059022697607,0.3712097392064919,31.194661235809328
banksy,151673,Br8100,0.28134757388643333,0.42761557271626005,24.884628820419312
banksy,151674,Br8100,0.3462596199682464,0.4465871484967012,26.62871322631836
banksy,151675,Br8100,0.3149486526646511,0.42776053396122027,22.597058010101318
banksy,151676,Br8100,0.26294348130748346,0.3896583338997286,22.913072395324708
graphst,151507,Br5292,0.4621849708356147,0.5849267111114447,90.36547241210937
graphst,151508,Br5292,0.39009088459825025,0.5119073531421419,96.64107508659363
graphst,151509,Br5292,0.3923306603028002,0.55736537158669,117.00320796966552
graphst,151510,Br5292,0.3775462736584723,0.5423220658469001,108.07981095314025
graphst,151669,Br5595,0.32655621338841256,0.48024012362248847,79.6107250213623
graphst,151670,Br5595,0.25131579578259516,0.43286006281718536,87.4895724773407
graphst,151671,Br5595,0.5285080087399993,0.6336562742400604,137.1966320514679
graphst,151672,Br5595,0.5218697831052098,0.6172039928785344,130.45550861358643
graphst,151673,Br8100,0.5148875224235373,0.6513156535464578,128.0156241416931
graphst,151674,Br8100,0.41914337904901255,0.5468050754864953,123.7435914516449
graphst,151675,Br8100,0.5027853276402847,0.6037214649371401,122.97188124656677
graphst,151676,Br8100,0.3939483749083991,0.5332752482139153,101.00932970046998
kmeans_pca,151507,Br5292,0.20285791216634913,0.3196279489807365,0.1294201374053955
kmeans_pca,151508,Br5292,0.16196567998357136,0.2659735988864324,0.13018651008605958
kmeans_pca,151509,Br5292,0.25158497746127945,0.37359978081274364,0.2097315788269043
kmeans_pca,151510,Br5292,0.18017634492103554,0.30631292397442306,0.15403366088867188
kmeans_pca,151669,Br5595,0.1828437775485238,0.2732859121529462,0.10699715614318847
kmeans_pca,151670,Br5595,0.1674260620221722,0.25581899668508823,0.13380303382873535
kmeans_pca,151671,Br5595,0.24866796144975362,0.3210821273969836,0.21059865951538087
kmeans_pca,151672,Br5595,0.22744317955323332,0.26736503161401726,0.5798376083374024
kmeans_pca,151673,Br8100,0.2063879895935584,0.3620710278272038,1.1995659828186036
kmeans_pca,151674,Br8100,0.21258279106962114,0.34838560516819295,0.8231338500976563
kmeans_pca,151675,Br8100,0.16981850950161753,0.2988665274743348,0.5809006690979004
kmeans_pca,151676,Br8100,0.18418238645505997,0.32612966113797837,0.6546156883239747
neurostias,151507,Br5292,0.3057079227434688,0.5071652852738289,0.2655184268951416
neurostias,151508,Br5292,0.3394316086630634,0.47808918125571614,0.4044961929321289
neurostias,151509,Br5292,0.31481513769602887,0.4974942480722742,0.442248010635376
neurostias,151510,Br5292,0.3274614466771258,0.49096699108989766,0.4143425941467285
neurostias,151669,Br5595,0.27271005283277183,0.4577344320789053,0.40665545463562014
neurostias,151670,Br5595,0.3055814875300797,0.4701125456660738,0.8114089012145996
neurostias,151671,Br5595,0.35774216905424044,0.47900482109481535,0.7591427803039551
neurostias,151672,Br5595,0.4065703344951159,0.5075243710269985,0.8127720832824707
neurostias,151673,Br8100,0.2936406747421986,0.477975524376592,1.2784611225128173
neurostias,151674,Br8100,0.2859384596813795,0.44920291774810306,1.1935217380523682
neurostias,151675,Br8100,0.27518554718917626,0.4569444750606719,1.333908987045288
neurostias,151676,Br8100,0.2754063759599825,0.4468945727581904,0.7420040607452393
neurostias_lodo,151507,Br5292,0.4091032391865085,0.5701935371676257,0.3332615852355957
neurostias_lodo,151508,Br5292,0.33907364750472946,0.5020674841580494,0.33943800926208495
neurostias_lodo,151509,Br5292,0.3498034345979649,0.5358469737713432,0.38051400184631345
neurostias_lodo,151510,Br5292,0.35499992984931017,0.5272659001373896,0.36163015365600587
neurostias_lodo,151669,Br5595,0.28762779167467034,0.456977747379233,0.2490237236022949
neurostias_lodo,151670,Br5595,0.2634436934942285,0.44470655123205755,0.25971760749816897
neurostias_lodo,151671,Br5595,0.41475572826297097,0.5117314266456517,0.38402533531188965
neurostias_lodo,151672,Br5595,0.4313417862784381,0.5382964686862695,0.5069513320922852
neurostias_lodo,151673,Br8100,0.33958903456199346,0.5113230828770742,0.5109665870666504
neurostias_lodo,151674,Br8100,0.3032803038217337,0.4793543832734417,0.5767409801483154
neurostias_lodo,151675,Br8100,0.280125151248523,0.46372796760572876,0.7143867969512939
neurostias_lodo,151676,Br8100,0.27641948923808946,0.46077859045437747,0.5649598121643067
neurostias_norefine,151507,Br5292,0.3049586498262935,0.5045762408916368,0.1970825672149658
neurostias_norefine,151508,Br5292,0.3379513243240239,0.47408515632537485,0.2189164638519287
neurostias_norefine,151509,Br5292,0.3124303747664138,0.49390780993463546,0.29491434097290037
neurostias_norefine,151510,Br5292,0.32477961236622016,0.48761794118736007,0.2589877128601074
neurostias_norefine,151669,Br5595,0.26960990270718854,0.45373212816473485,0.26778435707092285
neurostias_norefine,151670,Br5595,0.30071172334397633,0.4631575676730093,0.25289106369018555
neurostias_norefine,151671,Br5595,0.3521547432565265,0.46966282064966,0.46786298751831057
neurostias_norefine,151672,Br5595,0.39621307294670927,0.4901752528788513,0.7692090034484863
neurostias_norefine,151673,Br8100,0.291448171617631,0.47315064051294664,0.5569308757781982
neurostias_norefine,151674,Br8100,0.28512777644229476,0.4432961143989271,1.0334124088287353
neurostias_norefine,151675,Br8100,0.2732068983757163,0.4542618815909155,0.49460363388061523
neurostias_norefine,151676,Br8100,0.27325812117737247,0.4427361667780141,0.564772367477417
neurostias_nosp,151507,Br5292,0.19492257429909396,0.3097508910605323,0.2973273754119873
neurostias_nosp,151508,Br5292,0.16761984887037448,0.27045340225485415,0.27267231941223147
neurostias_nosp,151509,Br5292,0.23947473618935203,0.36494194106596567,0.46930704116821287
neurostias_nosp,151510,Br5292,0.18357400796022727,0.3075513866026031,0.3465357780456543
neurostias_nosp,151669,Br5595,0.1824112010098971,0.2705657637393535,0.28849115371704104
neurostias_nosp,151670,Br5595,0.15130231920235226,0.24893827541067245,0.36057209968566895
neurostias_nosp,151671,Br5595,0.24607733008164545,0.3195608372906822,0.7190707683563232
neurostias_nosp,151672,Br5595,0.22778253256136374,0.2665905235655238,0.8220908164978027
neurostias_nosp,151673,Br8100,0.19342404623081183,0.34549594353610863,1.4462008476257324
neurostias_nosp,151674,Br8100,0.21253694651514182,0.3467916685875349,1.2809578418731689
neurostias_nosp,151675,Br8100,0.17079048818008288,0.3019423382795047,0.8063232421875
neurostias_nosp,151676,Br8100,0.18286939460874826,0.32446935893151657,0.5599615573883057
scanpy_leiden,151507,Br5292,0.2577100484681455,0.3132943772984488,1.3281135559082031
scanpy_leiden,151508,Br5292,0.16556423132794426,0.22017439626025204,0.15956034660339355
scanpy_leiden,151509,Br5292,0.18229819422616828,0.2801518083898598,0.26302037239074705
scanpy_leiden,151510,Br5292,0.1474299635907957,0.2189779179331522,0.29604463577270507
scanpy_leiden,151669,Br5595,0.1978227599262985,0.28192277982924824,0.28168621063232424
scanpy_leiden,151670,Br5595,0.2213997502515029,0.23282720455103126,0.30667529106140134
scanpy_leiden,151671,Br5595,0.1771494954461892,0.21519648129931487,0.39453716278076173
scanpy_leiden,151672,Br5595,0.15772544572494743,0.16573174486780415,0.6049057483673096
scanpy_leiden,151673,Br8100,0.24221665510262902,0.3472244913249534,0.4884827136993408
scanpy_leiden,151674,Br8100,0.24053702736563648,0.30795660295160066,0.536628246307373
scanpy_leiden,151675,Br8100,0.24729460093482802,0.30611206753933146,0.49541029930114744
scanpy_leiden,151676,Br8100,0.2204030071042721,0.30443857895761056,0.2876906394958496
spagcn,151507,Br5292,0.3917018965132614,0.5502490768901851,9.587403059005737
spagcn,151508,Br5292,0.335589054817164,0.5124995131710819,11.393476819992065
spagcn,151509,Br5292,0.3787462639212093,0.5656280096795978,12.812798309326173
spagcn,151510,Br5292,0.3624683471929999,0.5416898124506563,11.38144679069519
spagcn,151669,Br5595,0.27538462754767157,0.43852066720482563,10.405629205703736
spagcn,151670,Br5595,0.1962947542488461,0.3713064546703489,12.339265823364258
spagcn,151671,Br5595,0.4034242637341265,0.5213409562823385,13.580323505401612
spagcn,151672,Br5595,0.4149263861589095,0.563200441649261,15.087541437149047
spagcn,151673,Br8100,0.3280356908018413,0.4937474827178123,14.25495948791504
spagcn,151674,Br8100,0.2975936581144438,0.4550788955054398,16.602082395553587
spagcn,151675,Br8100,0.37055799215423024,0.5422565002105327,16.549969387054443
spagcn,151676,Br8100,0.3684581431177324,0.5384295087853552,11.516212987899781
v441_combined,151507,Br5292,0.19255614964853185,0.3470723205706772,0.09534826278686523
v441_combined,151508,Br5292,0.20214272855578547,0.3043580556156363,0.12564125061035156
v441_combined,151509,Br5292,0.20824802605777576,0.35407505948665313,0.11443243026733399
v441_combined,151510,Br5292,0.15021238852754817,0.30526267359744846,0.11666717529296874
v441_combined,151669,Br5595,0.2031114604071922,0.30385016632791356,0.13386058807373047
v441_combined,151670,Br5595,0.21208756419471114,0.3594501353090809,0.20468883514404296
v441_combined,151671,Br5595,0.3216800027894166,0.4025469122896007,0.15377626419067383
v441_combined,151672,Br5595,0.3307645334097169,0.3902889966380128,0.3725233554840088
v441_combined,151673,Br8100,0.2519642923371367,0.369108586975221,0.5806743621826171
v441_combined,151674,Br8100,0.2782669735158496,0.36407205577789803,0.1067579746246338
v441_combined,151675,Br8100,0.2346616087675797,0.3525418741747501,0.35967140197753905
v441_combined,151676,Br8100,0.19329132922116854,0.320239706416651,0.5381237506866455
v441_spatial,151507,Br5292,0.23348833245567308,0.37927437118174356,0.10440044403076172
v441_spatial,151508,Br5292,0.21199935709445072,0.36659391241531525,0.13710179328918456
v441_spatial,151509,Br5292,0.18065644894870753,0.3445167595348872,0.09761691093444824
v441_spatial,151510,Br5292,0.09974943417054052,0.25998031344529426,0.06970596313476562
v441_spatial,151669,Br5595,0.2008431644748768,0.37827166140105434,0.060619783401489255
v441_spatial,151670,Br5595,0.2096075667536391,0.38024568196949293,0.14142088890075682
v441_spatial,151671,Br5595,0.21269133398693132,0.35079711373115563,0.1082921028137207
v441_spatial,151672,Br5595,0.2585958183482574,0.37949131668468306,0.3854259967803955
v441_spatial,151673,Br8100,0.22850620488557122,0.36000669897612014,0.6611590385437012
v441_spatial,151674,Br8100,0.24089367475990278,0.37073948320028133,0.6964999198913574
v441_spatial,151675,Br8100,0.23730946492395696,0.373219368150434,0.8105231285095215
v441_spatial,151676,Br8100,0.2287194470100454,0.36051300572233763,0.2799103260040283
