bio_sample,age,maturation,stemness_v441,genes_detected,n_cells
homosapiens_telencephalon_2022_10x3v2_paulsenbruna_001_d10_1038_s41586_021_04358_6GMmap_1,32,1.8329629282116084,0.24525403661136466,947.0,600
homosapiens_telencephalon_2022_10x3v2_paulsenbruna_001_d10_1038_s41586_021_04358_6GMmap_2,32,1.9590185183755264,0.24525403661136466,1011.5,600
homosapiens_telencephalon_2022_10x3v2_paulsenbruna_001_d10_1038_s41586_021_04358_6GMmap_3,32,1.8971055658687606,0.24525403661136466,1164.0,600
homosapiens_telencephalon_2022_10x3v2_paulsenbruna_001_d10_1038_s41586_021_04358_6GMmap_4,98,1.3894820852430607,0.34499018013404437,2025.5,600
homosapiens_telencephalon_2022_10x3v2_paulsenbruna_001_d10_1038_s41586_021_04358_6GMmap_5,98,1.2264417972168289,0.3303172947317971,1988.5,600
homosapiens_telencephalon_2022_10x3v2_paulsenbruna_001_d10_1038_s41586_021_04358_6GMmap_6,98,1.0374933765766297,0.3289526710096796,1627.0,600
homosapiens_telencephalon_2022_10x3v3_paulsenbruna_002_d10_1038_s41586_021_04358_6Mito210map_7,178,-6.2917338533699745,0.5296903181759217,3529.0,600
homosapiens_telencephalon_2022_10x3v3_paulsenbruna_002_d10_1038_s41586_021_04358_6Mito210map_8,178,-6.249757772741238,0.5175712279699967,3495.0,600
homosapiens_telencephalon_2022_10x3v3_paulsenbruna_002_d10_1038_s41586_021_04358_6Mito210map_9,178,-6.505532137342126,0.5315429311393362,3846.5,600
homosapiens_telencephalon_2022_10x3v3_paulsenbruna_003_d10_1038_s41586_021_04358_6CHD8_12,108,1.150142127516212,0.3622374962617404,2229.5,600
homosapiens_telencephalon_2022_10x3v3_paulsenbruna_003_d10_1038_s41586_021_04358_6CHD8_13,108,0.8400193674018002,0.3396404881879768,1870.5,600
homosapiens_telencephalon_2022_10x3v3_paulsenbruna_003_d10_1038_s41586_021_04358_6CHD8_14,108,0.962603861905482,0.3617701663042746,1990.0,600
homosapiens_telencephalon_2022_10x3v3_paulsenbruna_004_d10_1038_s41586_021_04358_6CHD8_18,108,0.7437973751730322,0.3357481665534286,1919.0,600
homosapiens_telencephalon_2022_10x3v3_paulsenbruna_004_d10_1038_s41586_021_04358_6CHD8_19,108,0.2218990294138742,0.3429671938612815,1907.0,600
homosapiens_telencephalon_2022_10x3v3_paulsenbruna_004_d10_1038_s41586_021_04358_6CHD8_20,108,0.7586459779619281,0.3309403879416617,1798.0,600
homosapiens_telencephalon_2022_10x3v3_paulsenbruna_005_d10_1038_s41586_021_04358_6CHD8_24,105,0.24789512564293134,0.33818883636476016,1532.0,600
homosapiens_telencephalon_2022_10x3v3_paulsenbruna_005_d10_1038_s41586_021_04358_6CHD8_25,105,0.38277573466990034,0.3205287630587651,1470.5,600
homosapiens_telencephalon_2022_10x3v3_paulsenbruna_005_d10_1038_s41586_021_04358_6CHD8_26,105,0.4413012078052036,0.33263956195915473,1644.5,600
homosapiens_telencephalon_2022_10x3v3_paulsenbruna_007_d10_1038_s41586_021_04358_6CHD8_7,107,1.1354640762645767,0.3381525135941962,1887.5,600
homosapiens_telencephalon_2022_10x3v3_paulsenbruna_007_d10_1038_s41586_021_04358_6CHD8_8,107,0.998066984961483,0.3367346172061655,1892.5,600
homosapiens_telencephalon_2022_10x3v3_paulsenbruna_007_d10_1038_s41586_021_04358_6CHD8_9,107,0.8587774665690306,0.3391474812221619,1871.0,600
homosapiens_telencephalon_2022_10x3v3_paulsenbruna_008_d10_1038_s41586_021_04358_6CHD8_30,190,-1.9745685161981714,0.46392242366926373,1677.0,600
homosapiens_telencephalon_2022_10x3v3_paulsenbruna_008_d10_1038_s41586_021_04358_6CHD8_31,190,-2.9027534271737716,0.4607110799777486,1709.5,600
homosapiens_telencephalon_2022_10x3v3_paulsenbruna_008_d10_1038_s41586_021_04358_6CHD8_32,190,-2.891122684561838,0.4744972196178133,1870.0,600
homosapiens_telencephalon_2022_10x3v3_paulsenbruna_009_d10_1038_s41586_021_04358_6SUV_7,36,-2.1213088807444658,0.48082248347556966,2149.5,600
homosapiens_telencephalon_2022_10x3v3_paulsenbruna_009_d10_1038_s41586_021_04358_6SUV_8,36,-2.7287217483016226,0.5076571298422796,2744.5,600
homosapiens_telencephalon_2022_10x3v3_paulsenbruna_009_d10_1038_s41586_021_04358_6SUV_9,36,-2.309046127289677,0.4881785461921998,2077.5,600
homosapiens_telencephalon_2022_10x3v3_paulsenbruna_010_d10_1038_s41586_021_04358_6SUV_1,28,-2.037804562309777,0.46052073353007394,2786.0,600
homosapiens_telencephalon_2022_10x3v3_paulsenbruna_010_d10_1038_s41586_021_04358_6SUV_2,28,-1.7737195393537744,0.44635581050744993,2672.5,600
homosapiens_telencephalon_2022_10x3v3_paulsenbruna_010_d10_1038_s41586_021_04358_6SUV_3,28,-2.0462034544963643,0.501455615204309,2831.5,600
homosapiens_telencephalon_2022_10x3v3_paulsenbruna_011_d10_1038_s41586_021_04358_6SUV_18,35,-1.7440571003217893,0.4710452499054856,2828.0,600
homosapiens_telencephalon_2022_10x3v3_paulsenbruna_011_d10_1038_s41586_021_04358_6SUV_19,35,-2.047832692910573,0.48452503425720767,2847.5,600
homosapiens_telencephalon_2022_10x3v3_paulsenbruna_011_d10_1038_s41586_021_04358_6SUV_20,35,-1.9356410534263946,0.46368709312028383,2652.5,600
homosapiens_telencephalon_2022_10x3v3_paulsenbruna_012_d10_1038_s41586_021_04358_6SUV_24,92,0.9897530319838423,0.3567276400474322,2491.0,600
homosapiens_telencephalon_2022_10x3v3_paulsenbruna_012_d10_1038_s41586_021_04358_6SUV_25,92,1.4404567264582409,0.3691936138086142,2464.0,600
homosapiens_telencephalon_2022_10x3v3_paulsenbruna_012_d10_1038_s41586_021_04358_6SUV_26,92,1.122620915330982,0.36452190945373214,2579.0,600
homosapiens_telencephalon_2022_10x3v3_paulsenbruna_013_d10_1038_s41586_021_04358_6SUV_30,90,2.2644308437672938,0.37978927369691123,2935.0,600
homosapiens_telencephalon_2022_10x3v3_paulsenbruna_013_d10_1038_s41586_021_04358_6SUV_31,90,2.0993598000324893,0.36334375468059044,2421.0,600
homosapiens_telencephalon_2022_10x3v3_paulsenbruna_013_d10_1038_s41586_021_04358_6SUV_32,90,1.5785065972489742,0.3873891382556259,3005.5,600
homosapiens_telencephalon_2022_10x3v3_paulsenbruna_014_d10_1038_s41586_021_04358_6SUV_12,38,-1.4275452196922684,0.4264000204246605,1872.5,600
homosapiens_telencephalon_2022_10x3v3_paulsenbruna_014_d10_1038_s41586_021_04358_6SUV_13,38,-1.8617117131439913,0.48794093153701185,2341.5,600
homosapiens_telencephalon_2022_10x3v3_paulsenbruna_014_d10_1038_s41586_021_04358_6SUV_14,38,-1.6501486868235815,0.4873771921974289,1820.5,600
homosapiens_telencephalon_2022_10x3v3_paulsenbruna_015_d10_1038_s41586_021_04358_6ARID1B_1,35,-2.302356922214628,0.49207543786644925,2327.0,600
homosapiens_telencephalon_2022_10x3v3_paulsenbruna_015_d10_1038_s41586_021_04358_6ARID1B_2,35,-2.965394098997198,0.5038897287171809,3134.0,600
homosapiens_telencephalon_2022_10x3v3_paulsenbruna_015_d10_1038_s41586_021_04358_6ARID1B_3,35,-2.5854019249486244,0.4918471405373054,3064.5,600
homosapiens_telencephalon_2022_10x3v3_paulsenbruna_016_d10_1038_s41586_021_04358_6ARID1B_7,35,-1.409743901329145,0.4090559723990506,1167.0,600
homosapiens_telencephalon_2022_10x3v3_paulsenbruna_016_d10_1038_s41586_021_04358_6ARID1B_8,35,-0.5709084622004321,0.40450395338218903,1332.0,600
homosapiens_telencephalon_2022_10x3v3_paulsenbruna_016_d10_1038_s41586_021_04358_6ARID1B_9,35,-0.8108924452245924,0.42583896719397824,1239.0,600
homosapiens_telencephalon_2022_10x3v3_paulsenbruna_017_d10_1038_s41586_021_04358_6ARID1B_19,90,1.2957510655873994,0.38029788933090997,2586.5,600
homosapiens_telencephalon_2022_10x3v3_paulsenbruna_017_d10_1038_s41586_021_04358_6ARID1B_20,90,0.8935527577491935,0.36721609678131506,2334.5,600
homosapiens_telencephalon_2022_10x3v3_paulsenbruna_017_d10_1038_s41586_021_04358_6ARID1B_21,90,1.4484861468327916,0.3917177168667846,2568.5,600
homosapiens_telencephalon_2022_10x3v3_paulsenbruna_018_d10_1038_s41586_021_04358_6ARID1B_13,35,-1.9953784959951384,0.43582590546867217,2152.0,600
homosapiens_telencephalon_2022_10x3v3_paulsenbruna_018_d10_1038_s41586_021_04358_6ARID1B_14,35,-1.9103016439053015,0.4302983556540334,2132.5,600
homosapiens_telencephalon_2022_10x3v3_paulsenbruna_018_d10_1038_s41586_021_04358_6ARID1B_15,35,-1.818815810497254,0.43288321652207096,2114.5,600
