dt_ms,seed,simulator,rate_E
0.1,0,neurostias,4.368333333333334
0.1,0,brian2,3.337222222222222
0.1,1,neurostias,4.51
0.1,1,brian2,3.677777777777778
0.1,2,neurostias,4.417222222222223
0.1,2,brian2,3.567222222222222
0.05,0,neurostias,4.141111111111111
0.05,0,brian2,3.936666666666667
0.05,1,neurostias,4.590555555555555
0.05,1,brian2,4.215
0.05,2,neurostias,4.666111111111111
0.05,2,brian2,3.7188888888888885
0.025,0,neurostias,4.532222222222223
0.025,0,brian2,4.180555555555555
0.025,1,neurostias,4.332222222222222
0.025,1,brian2,4.213888888888889
0.025,2,neurostias,4.557222222222222
0.025,2,brian2,4.692222222222223
