g,eta,seed,simulator,rate_E,cv_E,synchrony,seconds
5.0,2.0,0,neurostias,75.35222222222222,0.16002121827515758,0.01095791815989068,1.3482141494750977
5.0,2.0,0,brian2,74.26722222222222,0.15918722319573586,0.01280546729742977,1.7198200225830078
5.0,2.0,1,neurostias,75.53555555555556,0.1585654313842401,0.014663929404692294,1.3398699760437012
5.0,2.0,1,brian2,74.78166666666665,0.15873037052455977,0.014678461876914932,1.7350032329559326
5.0,2.0,2,neurostias,75.39388888888888,0.15845569082182656,0.012630117672610977,1.3271129131317139
5.0,2.0,2,brian2,74.53222222222222,0.159167994310394,0.012504292507266842,1.7118518352508545
5.0,2.0,3,neurostias,75.37777777777778,0.1582206244454994,0.010486099386684345,1.3582589626312256
5.0,2.0,3,brian2,74.65888888888888,0.15786702973098957,0.011928468531387341,1.719634771347046
5.0,2.0,4,neurostias,75.40666666666667,0.15814678285706169,0.013115704104324185,1.3361647129058838
5.0,2.0,4,brian2,74.80777777777779,0.15441382179798221,0.012366870959998196,1.7531630992889404
4.5,0.9,0,neurostias,4.368333333333334,0.48326272382684465,0.0071549324960211375,0.7517669200897217
4.5,0.9,0,brian2,3.337222222222222,0.4681509419649371,0.005873275573569332,1.0376570224761963
4.5,0.9,1,neurostias,4.51,0.4384553168043805,0.006530723478611512,0.7264881134033203
4.5,0.9,1,brian2,3.677777777777778,0.4936988222489801,0.005764560441008753,1.0568530559539795
4.5,0.9,2,neurostias,4.417222222222223,0.45665855519355514,0.007423799749420202,0.7207520008087158
4.5,0.9,2,brian2,3.567222222222222,0.4444676254631125,0.005987402771713644,1.0513122081756592
4.5,0.9,3,neurostias,4.648888888888889,0.482036759001302,0.007793101652322234,0.7240629196166992
4.5,0.9,3,brian2,3.5877777777777773,0.4894097726450482,0.0064219471949914855,1.0617079734802246
4.5,0.9,4,neurostias,4.2155555555555555,0.4470311095063325,0.006431388730445758,0.736889123916626
4.5,0.9,4,brian2,4.128888888888889,0.4629697171860771,0.0058196492861529135,1.0675756931304932
6.0,4.0,0,neurostias,139.02611111111113,0.14675625452613061,0.0191707151038486,1.921996831893921
6.0,4.0,0,brian2,138.11166666666665,0.14747129216034144,0.01999342314647997,2.287843942642212
6.0,4.0,1,neurostias,138.94444444444443,0.15121082348081688,0.02172309710249341,1.9252939224243164
6.0,4.0,1,brian2,138.33333333333331,0.1448512017674209,0.01986086954408228,2.458118200302124
6.0,4.0,2,neurostias,138.86166666666668,0.14611681980941127,0.019009543418345688,1.7667272090911865
6.0,4.0,2,brian2,138.6172222222222,0.15110350371179393,0.024622826224381587,1.9592399597167969
6.0,4.0,3,neurostias,138.87555555555556,0.14962017447059825,0.02301658381394307,1.7393462657928467
6.0,4.0,3,brian2,138.8072222222222,0.1499955927899096,0.024700400645092564,2.0470306873321533
6.0,4.0,4,neurostias,138.97444444444443,0.15009486287594506,0.019260361976743003,1.7941439151763916
6.0,4.0,4,brian2,138.36555555555557,0.14919802519119232,0.024870241111716093,1.9662649631500244
