neuron,cls,ours_total_length,ours_n_branch_points,ours_n_tips,ours_n_stems,ours_max_radial_distance,neurom_total_length,neurom_n_branch_points,neurom_n_tips,neurom_n_stems,neurom_max_radial_distance,ours_sholl_max,ours_sholl_radius_of_max,ours_path_length_max,ours_axon_length,ours_dendrite_length,ours_apical_length
Chat-IRES-Cre-neo_Ai14-313182-05-02-01_610885933_m,principal,3953.760065769017,48,51,3,480.29214120158156,3946.53662109375,48,51,3,477.1848449707031,16,140.0,518.0461494948597,1569.6179478109996,2384.1421179580175,0.0
Chat-IRES-Cre-neo_Ai14-316041-04-02-01_610885974_m,interneuron,5289.426548743575,62,65,3,342.43665086487977,5278.403564453125,62,65,3,342.4327392578125,19,60.0,621.7850087042323,1965.1380000425174,3324.2885487010576,0.0
Chrna2-Cre_OE25_Ai14_IVSCC_-294916-03-01-01_647838092_m,principal,38994.618525745,464,472,8,769.6218833946965,38943.42189788818,464,472,8,769.6218872070312,93,120.0,1577.8051423303373,32448.800865277015,6545.817660467987,0.0
Chrna2-Cre_OE25_Ai14_IVSCC_-312984-03-01-01_646503876_m,principal,13209.813079592683,158,164,6,472.67251243446674,13177.329261779785,158,164,6,472.6745300292969,48,60.0,622.9436765048789,11381.626308855415,1828.1867707372678,0.0
Ctgf-2A-dgCre_Ai14_IVSCC_-230669-06-02-01_673116846_m,principal,4737.751066951962,24,31,7,444.28372636313287,4720.282415390015,24,31,7,444.2807312011719,20,80.0,579.3210212277231,21.65937848815805,4716.091688463804,2696.467212328267
Ctgf-2A-dgCre_Ai14_IVSCC_-252900-03-02-01_545583709_m,principal,3440.7111173044086,22,28,6,297.9756743613665,3420.1358766555786,22,28,6,297.96673583984375,21,60.0,389.95681279751733,8.193798996721897,3432.5173183076863,1822.9426524927253
Esr2-IR-Cre-neo_Ai14-277803-04-02-01_599474866_m,principal,2872.308709890882,20,26,6,167.21652131293723,2853.4815673828125,20,26,6,167.21652221679688,25,60.0,210.0396081737734,49.905844048661,2822.4028658422208,847.1692362581271
Esr2-IRES2-Cre_Ai14-291923-03-01-02_601947954_m,principal,3200.343963023738,27,34,7,185.0751295795545,3173.252857208252,27,34,7,185.079833984375,27,60.0,219.3535935195189,26.371785770587042,3173.972177253151,1387.2127000740215
H17-03-010-11-13-01_656411100_m,interneuron,1674.3345194207848,15,18,3,465.72525426001494,1666.7556762695312,15,18,3,465.72509765625,9,40.0,503.23744358783364,554.8614421230136,1119.4730772977714,0.0
H17-06-005-12-15-01_605485782_m,interneuron,34251.31233653189,193,200,7,716.7949889612789,34218.86521911621,193,200,7,716.7949829101562,96,120.0,1478.0709021982998,31826.167620468786,2425.1447160631037,0.0
H17-06-012-14-08-05_649667451_m,interneuron,31167.831284825974,154,159,5,716.4368503535007,31143.16143798828,154,159,5,716.43359375,74,200.0,1304.66963560765,26373.472393664804,4794.35889116117,0.0
Htr3a-Cre_NO152_Ai14-276428-03-01-02_570682715_m,interneuron,14125.658675360599,247,253,6,391.99122390969706,14114.28811264038,247,253,6,391.9884338378906,80,60.0,806.6788067051903,13419.898126751119,705.7605486094809,0.0
Htr3a-Cre_NO152_Ai14-276428-05-01-01_571972167_m,interneuron,35038.752006090304,517,524,7,484.048173578255,35005.36051940918,517,524,7,484.0514221191406,114,80.0,1095.8925299192924,32494.493749661735,2544.258256428571,0.0
Htr3a-Cre_NO152_Pvalb-T2A-Dre_Ai66-304920-03-02-01_601947850_m,interneuron,18930.031140715495,225,232,7,410.331821402576,18896.709014892578,225,232,7,410.33624267578125,86,120.0,1038.8035252995371,16801.744207040952,2128.2869336745434,0.0
Ndnf-IRES2-dgCre_Ai14-262467-04-01-01_643517708_m,interneuron,15898.259669419756,204,211,7,326.00117315739834,15841.931106567383,204,211,7,325.0297546386719,76,80.0,730.6907419931972,13175.367608408866,2722.8920610108903,0.0
Ndnf-IRES2-dgCre_Ai14-278511-05-01-01_614431110_m,interneuron,14732.115615875424,139,145,6,419.27743258823,14700.318817138672,139,145,6,419.27734375,78,80.0,1066.953645482135,12270.781912384662,2461.3337034907636,0.0
Ndnf-IRES2-dgCre_Ai14-292673-04-02-01_658102910_m,interneuron,18382.236898068055,217,224,7,317.7305662209903,18351.342586517334,217,224,7,317.73138427734375,81,80.0,592.9883212165628,16868.920351406003,1513.3165466620521,0.0
Nos1-CreERT2_Ai14_BT_-286854-04-01-01_596793070_m,interneuron,19462.186123940854,148,156,8,492.87329588850724,19417.823587417603,148,156,8,492.873291015625,63,120.0,1276.1740104057358,16384.623577103557,3077.5625468372973,0.0
Nos1-CreERT2_Sst-IRES-FlpO_Ai65-243223-04-01-01_537045067_m,interneuron,2660.203223815725,22,25,3,423.74826507675004,2651.408136367798,22,25,3,423.3478088378906,9,80.0,519.1464553937578,24.568107768751887,2635.635116046973,0.0
Nos1-CreERT2_Sst-IRES-FlpO_Ai65-244006-04-02-01_561095910_m,interneuron,7433.9328969519975,87,92,5,337.33502695556405,7411.261924743652,87,92,5,337.33319091796875,40,80.0,702.2406906788846,5540.613057123312,1893.3198398286859,0.0
Nos1-CreERT2_Sst-IRES-FlpO_Ai65-271577-05-02-01_601947916_m,interneuron,14507.352865242035,156,160,4,807.0944875291865,14482.438105583191,156,160,4,807.094482421875,78,100.0,1431.1386976261592,12296.676222553488,2210.676642688549,0.0
Nos1-CreERT2_Sst-IRES-FlpO_Ai65-302592-03-01-01_639341665_m,interneuron,27854.00256564044,282,288,6,446.73137079855445,27792.04030609131,282,288,6,446.7359924316406,78,300.0,1053.1643576422518,25103.054410790333,2750.948154850107,0.0
Nos1-CreERT2_Sst-IRES-FlpO_Ai65-315002-04-01-01_643422416_m,principal,18502.32408718223,239,245,6,400.1487465930638,18478.232971191406,239,245,6,400.14874267578125,70,80.0,902.3301753805657,15023.994054030265,3478.330033151966,0.0
Nos1-CreERT2_Sst-IRES-FlpO_Ai65-323427-03-02-01_627859869_m,principal,16780.48147768236,162,166,4,455.7357305500634,16743.420532226562,162,166,4,455.7357177734375,85,80.0,876.274020974634,14281.415911242982,2499.0655664393757,0.0
Nos1-CreERT2_Sst-IRES-FlpO_Ai65-346512-05-02-01_656081412_m,principal,8250.374569179172,101,108,7,296.43685617682564,8217.923873901367,101,108,7,296.4368591308594,47,80.0,680.6877590888131,3399.0685324175524,4851.306036761618,0.0
Oxtr-2A-Cre_Ai14-293837-04-02-01_584236936_m,interneuron,17972.860623681703,296,303,7,457.7250652957515,17949.348236083984,296,303,7,447.0480651855469,115,80.0,738.4218518065329,15341.727077823083,2631.133545858622,0.0
Oxtr-2A-Cre_Ai14-293839-02-02-02_623439672_m,interneuron,23750.18675274712,267,271,4,365.4312268782976,23714.65655517578,267,271,4,364.2900085449219,108,220.0,1379.9382490663054,21240.28260099065,2509.904151756471,0.0
Oxtr-2A-Cre_Ai14-293841-03-01-01_596792784_m,principal,38134.8101993021,462,469,7,560.1523170432207,38080.45287704468,462,469,7,560.1478271484375,114,160.0,956.2757754076415,35419.587706886436,2715.2224924156644,0.0
Oxtr-T2A-Cre_Ai14-309025-06-01-01_652118194_m,principal,3131.500684386571,21,27,6,423.63656322371423,3115.294822692871,21,27,6,423.63653564453125,18,40.0,518.2618224899564,47.80322988391339,3083.6974545026574,2231.1406599115267
Pvalb-IRES-Cre_Ai14-299810-02-01-01_659054679_m,principal,18321.965445249316,195,201,6,472.2072260024076,18299.64799118042,195,201,6,463.8983459472656,61,80.0,769.210117341289,16583.657722451906,1738.307722797409,0.0
Pvalb-IRES-Cre_Ai14-301945-04-01-01_657409634_m,interneuron,16915.291348161973,287,295,8,262.5031476213402,16870.63088607788,287,295,8,262.5039367675781,99,100.0,718.5772828711346,15060.31738627376,1854.973961888211,0.0
Pvalb-IRES-Cre_Ai14-301947-03-02-01_591276438_m,interneuron,13633.085648081973,228,236,8,584.926175854697,13612.247314453125,228,236,8,574.5278930664062,80,80.0,689.962833149931,11913.52769420762,1719.5579538743532,0.0
Pvalb-IRES-Cre_Ai14-321032-03-02-01_657879305_m,interneuron,16615.184710475187,299,304,5,222.63305619586484,16587.439111709595,299,304,5,222.63345336914062,121,120.0,458.4998819801323,14934.157437497393,1681.0272729777948,0.0
Rorb-IRES2-Cre-D_Ai14-234246-02-02-01_552581071_m,principal,3325.070418454822,21,26,5,573.4539220179576,3309.553939819336,21,26,5,572.6591186523438,17,40.0,642.3894255993063,67.66592690368529,3257.4044915511367,1447.4315031185854
Sim1-Cre_KJ18_Ai14-281330-05-02-01_652751604_m,principal,6480.47282840126,61,68,7,594.7816016825,6436.695433139801,61,68,7,594.7816162109375,38,40.0,742.6616991092751,176.15972521662835,6304.3131031846315,4566.272052019309
Sim1-Cre_KJ18_Ai14-318531-03-02-01_653148741_m,principal,6634.523480542608,57,68,11,666.189499992307,6598.025672912598,57,68,11,666.1895141601562,32,40.0,804.110018202337,89.79538841315865,6544.728092129448,4648.732573543521
Sst-IRES-Cre_Ai14-262058-06-01-01_559392082_m,principal,21572.43934080422,278,282,4,699.4257779779067,21557.932495117188,278,282,4,699.42578125,66,60.0,966.4005865379074,19482.93006038565,2089.5092804185697,0.0
Tlx3-Cre_PL56_Ai14-281778-04-02-01_652076625_m,principal,4012.0224388091538,34,42,8,478.12180466906125,3987.559341430664,34,42,8,478.1217956542969,23,60.0,543.0476005302778,17.075325450201664,3994.947113358952,1757.2223568892214
Tlx3-Cre_PL56_Ai14-318845-02-02-01_652303152_m,principal,6805.300015416207,51,59,8,377.854606576539,6779.054969787598,51,59,8,377.8544616699219,33,40.0,471.9418238096886,57.82831569390761,6747.4716997223,3413.546718885686
Vip-IRES-Cre_Ai14-299124-05-01-01_591276089_m,interneuron,10993.549587303896,109,112,3,485.4105951437173,10984.89599609375,109,112,3,485.407470703125,41,140.0,1179.1067440648471,7697.579051897188,3295.970535406709,0.0
Vip-IRES-Cre_Ai14-313529-03-01-01_596799462_m,interneuron,12827.49153696308,115,118,3,430.83286655035965,12818.861694335938,115,118,3,430.8328552246094,47,120.0,888.9113351122257,8691.088898698046,4136.402638265034,0.0
Vipr2-IRES2-Cre_Ai14-304184-04-01-01_601947998_m,interneuron,28102.384337601266,303,308,5,605.7203872249968,28084.38051700592,303,308,5,605.7203369140625,81,100.0,1006.6073380686935,24208.06023758288,3894.324100018388,0.0
Vipr2-IRES2-Cre_Ai14-310513-05-02-01_637021223_m,interneuron,15328.169205524408,269,276,7,288.1280815694452,15298.366539001465,269,276,7,288.1269226074219,94,120.0,766.7828663091407,13131.545498887142,2196.623706637264,0.0
Vipr2-IRES2-Cre_Pvalb-T2A-FlpO_Ai65-344474-05-01-01_645075400_m,interneuron,16686.37831384972,241,249,8,380.8264441973535,16643.767318725586,241,249,8,380.8264465332031,98,120.0,990.4051785110729,13518.851549642215,3167.526764207505,0.0
Vipr2-IRES2-Cre_Slc32a1-T2A-FlpO_Ai65-315069-05-01-01_638206442_m,interneuron,12399.965976874533,238,246,8,235.84823543023498,12389.208084106445,238,246,8,235.85189819335938,77,80.0,558.8308535296734,10737.127770047853,1662.8382068266792,0.0
Vipr2-IRES2-Cre_Slc32a1-T2A-FlpO_Ai65-315072-05-01-01_638976782_m,interneuron,16447.660948115496,281,288,7,589.5245073786161,16415.609901428223,281,288,7,588.4074096679688,79,100.0,778.3683539403283,14279.795673351407,2167.865274764088,0.0
Vipr2-IRES2-Cre_Slc32a1-T2A-FlpO_Ai65-343382-04-02-01_640109715_m,interneuron,12822.199734930224,271,277,6,370.5913744274143,12803.00989317894,271,277,6,370.59136962890625,70,60.0,756.7718924744527,11626.401175127461,1195.798559802763,0.0
Chat-IRES-Cre-neo_Ai14-280700-06-01-01_614430437_m,interneuron,13736.559650430505,206,209,3,470.67705935173854,13711.530151367188,206,209,3,470.67706298828125,52,100.0,779.3305892449604,10866.532245824455,2870.0274046060504,0.0
Chat-IRES-Cre-neo_Ai14-307622-05-02-01_610885676_m,interneuron,8830.333637652286,130,134,4,484.6595313321622,8800.714904785156,130,134,4,484.65960693359375,28,140.0,605.9097536469304,5576.2656413912655,3254.0679962610193,0.0
Chat-IRES-Cre-neo_Ai14-308245-04-02-01_605859502_m,interneuron,9620.202094506687,147,151,4,574.0403045567058,9592.85205078125,147,151,4,574.0375366210938,27,80.0,807.5684112549972,6590.433397132061,3029.768697374626,0.0
Chrna2-Cre_OE25_Ai14_IVSCC_-294916-03-01-02_623794609_m,principal,16956.551152637454,157,162,5,586.8207652729712,16928.074737548828,157,162,5,586.5332641601562,47,100.0,1076.8783079305329,14089.2328574222,2867.3182952152565,0.0
Chrna2-Cre_OE25_Pvalb-T2A-Dre_Ai66-312583-02-02-01_651087073_m,interneuron,21968.46170961031,223,229,6,377.86683499466966,21928.14077758789,223,229,6,377.8623352050781,89,120.0,1132.7352302730997,19357.567360127312,2610.894349483,0.0
H16-03-010-13-05-03_712796148_m,principal,34153.52029925429,168,176,8,798.0745134662831,34077.47314453125,168,176,8,798.07470703125,105,120.0,2079.9303250533676,12670.940956104,21482.57934315029,9772.117734634632
H16-06-006-01-04-01_716317425_m,principal,32611.2140116061,144,150,6,923.3666862628302,32556.009704589844,144,150,6,923.36669921875,95,120.0,1148.1960838382363,17884.753280854427,14726.460730751673,6641.908074274585
H16-06-007-01-07-02_572837189_m,principal,22624.68685180914,119,128,9,954.6863662480993,22539.908096313477,119,128,9,954.6863403320312,77,100.0,1298.7191395990062,8171.132381794923,14453.554470014216,6949.637947316832
H16-06-007-01-07-03_709264598_m,principal,13288.97213057365,75,83,8,462.6608986552078,13240.709335327148,75,83,8,462.66400146484375,49,80.0,673.9661064497212,5659.630438703973,7629.3416918696785,4008.580314832051
H16-06-009-01-02-05-01_671465753_m,principal,12202.89366946237,51,59,8,920.2224127954671,12136.426315307617,51,59,8,920.2257080078125,35,120.0,1061.0087879981672,2998.758590592223,9204.135078870146,5740.177196696273
H17-03-005-11-09-02_673700971_m,principal,12692.721981491812,80,89,9,392.27574363506653,12631.393783569336,80,89,9,392.2767639160156,55,100.0,677.6203131274208,6854.074373903944,5838.647607587867,2736.978640416203
H17-03-009-11-11-01_650039094_m,principal,9696.664132701599,156,162,6,222.869432279181,9665.293960571289,156,162,6,222.86773681640625,74,40.0,641.1082475005295,6702.283661975989,2994.380470725609,0.0
H17-03-013-11-08-03_689594739_m,principal,10286.449930778817,67,73,6,1312.4408052429133,10254.615962982178,67,73,6,1312.4454345703125,26,60.0,1384.3602094939617,7036.879851385775,3249.570079393042,2631.9611078826983
H17-06-003-11-03-03_694168884_m,interneuron,36196.80491180348,203,209,6,725.9479999283695,36142.025650024414,203,209,6,725.947998046875,71,200.0,988.678566969788,28700.349540416188,7496.455371387297,0.0
H17-06-003-11-03-04_699538239_m,principal,7204.4209402687065,39,47,8,519.5258950769977,7145.23713684082,39,47,8,519.52734375,30,60.0,624.8174624181582,1350.8732697925018,5853.547670476205,3178.4132248957976
H17-06-005-13-09-02_705676705_m,principal,9663.343431704448,54,59,5,651.6780997633043,9634.375457763672,54,59,5,651.6747436523438,29,80.0,1088.3349899180962,6193.14369801296,3470.199733691489,1678.6051311830643
Ndnf-IRES2-dgCre_Ai14-255259-03-02-01_560631771_m,interneuron,20420.53853372251,256,261,5,408.65094181274617,20384.857696533203,256,261,5,408.6528015136719,119,60.0,908.0470059224238,18922.12576681182,1498.4127669106842,0.0
Ndnf-IRES2-dgCre_Ai14-255261-05-02-01_556384323_m,interneuron,15607.420733223124,275,284,9,333.5320941078984,15556.633235931396,275,284,9,333.4605407714844,97,40.0,1016.4419134372846,13415.239933174853,2192.18080004827,0.0
Nkx2-1-CreERT2_Ai14-_IVSCC_-294491-03-01-01_591276550_m,interneuron,18535.281429108927,218,225,7,422.6634110547593,18494.55383491516,218,225,7,422.6658935546875,94,80.0,572.9900736191589,17367.95321374057,1167.3282153683572,0.0
Rorb-IRES2-Cre-D_Ai14-176684-04-02-01_554475122_m,principal,2499.032536286687,26,32,6,174.4673502725112,2462.823024749756,26,32,6,174.4706573486328,21,40.0,207.91853647386188,55.53971646323862,2443.492819823448,713.4270145003088
Rorb-IRES2-Cre-D_Ai14-187416-03-01-01_720117681_m,principal,5484.600982294442,55,64,9,587.2924833599619,5424.01086807251,55,64,9,587.2930297851562,32,60.0,702.4830658097424,57.49903387005714,5427.101948424384,3640.855543941766
Sim1-Cre_KJ18_Ai14-318533-06-02-01_708729829_m,principal,3398.121227637571,20,27,7,764.1592564526208,3348.0764513015747,20,27,7,764.162841796875,13,40.0,834.8332159427772,172.637756912883,3225.4834707246882,2484.967348520353
Sst-IRES-Cre_Ai14-262058-05-02-01_570687314_m,interneuron,16322.178483557258,212,218,6,507.6610166242825,16282.251724243164,212,218,6,507.6610412597656,75,80.0,627.5575078386546,13177.459632010396,3144.718851546862,0.0
Tlx3-Cre_PL56_Ai14-333680-03-01-01_675964893_m,principal,3589.985432225011,26,35,9,556.3581164941237,3527.2652740478516,26,35,9,556.3619384765625,25,80.0,666.6233540668156,75.649574788389,3514.335857436623,1766.2524065579819
Vip-IRES-Cre_Ai14-299124-04-02-01_591276216_m,interneuron,12958.504808871568,171,177,6,547.0062090852148,12927.62022781372,171,177,6,547.007080078125,46,120.0,1369.4865406492067,10495.67366615267,2462.8311427188974,0.0
Vip-IRES-Cre_Ai14_IVSCC_-253382-05-01-01_556384349_m,interneuron,6255.559207837401,103,106,3,460.89537869238825,6236.2099609375,103,106,3,460.8953857421875,21,120.0,571.4732822184178,2650.2879218005137,3605.271286036887,0.0
Vip-IRES-Cre_Ai14_IVSCC_-264875-06-01-01_653337413_m,interneuron,6849.7267207618925,84,88,4,386.54878269113715,6822.651794433594,84,88,4,386.5487976074219,27,140.0,624.8692207679841,5044.98874714406,1804.7379736178318,0.0
689306818_transformed,principal,27746.070730860305,128,133,5,2022.836897060935,27711.45489501953,128,133,5,2022.8358154296875,63,140.0,2306.749337249845,20374.041750082513,7372.02898077779,4024.2018719517446
767433014_transformed,principal,16862.427181707506,84,90,6,658.1443786046409,16819.503242492676,84,90,6,658.148193359375,66,160.0,788.3045011708049,89.52201612438111,16772.905165583124,7578.184506734982
689312221_transformed,principal,17041.535476551788,75,81,6,1743.7442900264934,16997.618377685547,75,81,6,1743.7442626953125,50,60.0,2493.4046628649526,12965.52814368837,4076.0073328634144,2441.6036824968787
783624438_transformed,principal,7868.92596713887,36,43,7,314.682007129596,7787.278350830078,36,43,7,314.6792297363281,38,120.0,415.15399410779634,209.22441091957054,7659.701556219299,3733.1958785156594
758311336_transformed,principal,7207.541931992248,29,36,7,1074.1237301167869,7147.419158935547,29,36,7,1074.123779296875,25,80.0,1261.9081545909637,130.75524556723047,7076.786686425017,4606.8612266456
785378321_transformed,principal,10257.584128559407,43,49,6,435.38273539241055,10201.501495361328,43,49,6,434.4674987792969,35,140.0,569.7067556973152,56.33548378120029,10201.248644778207,5941.582326486227
768867010_transformed,principal,14025.692511442156,67,74,7,713.305034680115,13937.158699035645,67,74,7,713.3050537109375,48,140.0,845.5638843611341,24.997098591551328,14000.695412850604,6921.665261016644
787239157_transformed,principal,8664.370281115273,37,44,7,709.3752798844283,8617.179416656494,37,44,7,709.3785400390625,32,120.0,776.3591790844343,64.63237544896432,8599.737905666309,4187.630445687264
770402036_transformed,principal,4639.557073348498,28,36,8,673.5284003663097,4555.805290222168,28,36,8,673.5283813476562,19,60.0,782.1331352589333,90.74706391449287,4548.810009434005,2743.9781174804803
677088033_transformed,principal,5531.130351530484,24,31,7,589.4285536008584,5410.592227935791,24,31,7,589.4285888671875,21,120.0,687.4299725120984,17.73526905622189,5513.395082474262,3159.4535691453716
786497332_transformed,principal,6957.55229136169,28,34,6,464.9598563078083,6909.366149902344,28,34,6,464.95709228515625,25,180.0,621.9242584620536,0.0,6957.55229136169,3827.2407830792554
758285403_transformed,principal,2518.868776822074,16,23,7,191.86182183482407,2466.160442352295,16,23,7,191.85958862304688,16,80.0,237.68491097019924,47.20354538275383,2471.66523143932,1402.11296985839
768904007_transformed,principal,5622.735721173669,16,21,5,1007.3586801134936,5572.151045799255,16,21,5,1007.3587036132812,13,100.0,1301.9588965447085,201.7446305507671,5420.991090622901,4293.205609616744
770650205_transformed,principal,16558.583081624613,72,77,5,1209.0182095724522,16522.025817871094,72,77,5,1209.0216064453125,39,140.0,1366.874138920469,10733.598726946124,5824.98435467849,2038.1973751794603
689370040_transformed,principal,16381.075836571232,71,77,6,922.1357747099936,16311.340515136719,71,77,6,922.1358032226562,52,100.0,1186.2072061272468,9364.618083080648,7016.457753490584,4109.820100632952
569860121_transformed,principal,9886.586341908496,47,54,7,427.965096006672,9779.036331176758,47,54,7,427.965087890625,37,60.0,579.3401703901143,120.36814676479975,9766.218195143698,4516.625838690784
720871158_transformed,principal,4911.207793555025,25,30,5,522.7649795080004,4880.960918426514,25,30,5,522.7649536132812,20,80.0,599.728212313023,49.5210591202101,4861.686734434815,2578.987651352922
737158657_transformed,principal,15060.405310950859,60,68,8,912.7746343125692,15002.12533569336,60,68,8,912.7713012695312,53,100.0,1090.2182512222553,30.628321659673862,15029.776989291186,7514.221038921423
786508373_transformed,principal,3945.1441324738144,16,23,7,356.8539037975563,3866.304340362549,16,23,7,356.8514099121094,15,100.0,442.87963016053175,60.92241239256248,3884.2217200812515,2558.537422351931
595583062_transformed,principal,5937.996967246308,47,52,5,757.302287758623,5904.147766113281,47,52,5,757.3055419921875,28,100.0,850.1984075594253,1554.703395981665,4383.293571264643,2149.5415643053902
737293981_transformed,principal,5335.310736598503,13,18,5,1283.8152378793106,5304.009958267212,13,18,5,1283.80859375,10,140.0,1486.2913112511994,22.686755664938744,5312.623980933565,3823.8333171051745
767415421_transformed,principal,16859.932376512796,70,79,9,712.9652410882314,16773.685264587402,70,79,9,712.9652709960938,59,120.0,849.6175780660537,88.55691950741078,16771.375457005386,7891.942715511017
793647709_transformed,principal,3667.297221755327,10,14,4,1251.4556111185086,3642.861488342285,10,14,4,1251.45556640625,12,40.0,1441.1517883572458,128.20428189744376,3539.092939857883,1998.140941590504
770275864_transformed,principal,5242.086747858333,20,25,5,345.76991609707426,5186.6624755859375,20,25,5,345.7693786621094,19,60.0,461.1337865806641,34.445305711030436,5207.641442147302,3675.145022267913
770255641_transformed,principal,13238.463383298535,58,66,8,720.2129288620137,13147.789455413818,58,66,8,720.2129516601562,46,100.0,913.4730515745844,26.45419712106564,13212.009186177469,6948.954773759964
653854241_transformed,principal,21712.194911399743,103,113,10,1055.611243819323,21620.49407196045,103,113,10,1055.6087646484375,57,80.0,1613.4729522548598,13319.970366928857,8392.224544470888,5410.0617235286145
758286194_transformed,principal,8278.298967347322,38,44,6,510.28587252637124,8223.228210449219,38,44,6,510.2858581542969,31,80.0,677.1273816126475,118.6314207013687,8159.667546645955,4824.920284784283
720850977_transformed,principal,5475.901724490894,28,34,6,328.56545923149014,5414.8671798706055,28,34,6,328.5654602050781,24,40.0,461.43449279645506,49.2790348557957,5426.622689635098,3084.3958264025214
H16-06-013-05-08-01_575586329_m_DendriteAxon,principal,6316.986407967223,30,34,4,480.61308606820097,6275.55224609375,30,34,4,480.61309814453125,16,180.0,556.490648567705,1765.3547521105697,4551.631655856654,0.0
707403326_transformed,interneuron,36972.00061684815,441,448,7,419.03728699113265,36924.01759338379,441,448,7,419.0404357910156,120,120.0,844.6071684386798,34981.923498819764,1990.0771180283919,0.0
740675145_transformed,interneuron,16190.246863708076,177,182,5,531.1170314744409,16161.36018371582,177,182,5,531.1124267578125,60,140.0,660.4598883478949,14435.85348968027,1754.3933740278073,0.0
H18-06-368-99-01-04_812748938_m_dendriteOnly,principal,5375.075659017416,18,21,3,475.2063183502509,5363.67724609375,18,21,3,475.2063293457031,16,340.0,549.3521911072005,68.58962772517017,5306.4860312922465,0.0
770238836_transformed,interneuron,13376.15931591305,115,121,6,499.91318386295836,13334.021697998047,115,121,6,499.9132080078125,59,100.0,821.5348595279637,10688.290347896484,2687.868968016566,0.0
698570301_transformed,interneuron,25233.785850187734,300,306,6,424.1388580930123,25205.002433776855,300,306,6,424.1407775878906,58,100.0,731.4942050383669,23075.62615400209,2158.1596961856458,0.0
H18-06-366-99-02-02_792338560_m_dendriteOnly,principal,7014.770283081263,24,29,5,1118.0157888420001,6966.638671875,24,29,5,1118.015869140625,19,220.0,1719.7031463492688,3319.482722284606,3695.287560796657,0.0
925242241_transformed,principal,4045.5505187729095,32,42,10,222.88825316736637,3968.4924240112305,32,42,10,222.88824462890625,39,40.0,274.99994653104505,120.3417225448092,3925.2087962281003,1398.4592956835386
H16-06-013-05-05-01_574877028_m_dendriteaxon,principal,8118.175416842298,21,24,3,662.561223284309,8085.6387939453125,21,24,3,662.5612182617188,21,80.0,736.2064911530479,3446.7765222095686,4671.398894632728,0.0
643702874_transformed,interneuron,6350.0366340311175,79,84,5,509.4297519776402,6316.656219482422,79,84,5,509.42974853515625,39,60.0,575.5704822148971,3860.1236155526567,2489.9130184784613,0.0
795572082_transformed,interneuron,14829.195411278666,148,153,5,356.3008607904281,14794.464721679688,148,153,5,352.7096862792969,48,100.0,557.275001390229,11395.77984602102,3433.415565257646,0.0
H18-06-366-99-04-01_803313649_m_dendriteOnly_noAxon,principal,4070.883899206826,13,18,5,674.3538025728368,4021.9588174819946,13,18,5,674.357177734375,9,80.0,771.5511086509383,0.0,4070.883899206826,0.0
796636728_transformed,interneuron,6662.099598452273,103,107,4,241.46355294329618,6637.107971191406,103,107,4,241.25103759765625,37,60.0,408.829804160778,5301.947890710553,1360.1517077417197,0.0
645355846_transformed,interneuron,15131.524977929319,252,257,5,374.47597693310047,15096.9079246521,252,257,5,374.4759826660156,70,60.0,532.3224347036116,13269.03552619336,1862.4894517359571,0.0
639797308_transformed,interneuron,21411.24405745927,233,239,6,329.47344843283236,21373.18003845215,233,239,6,329.47808837890625,91,80.0,624.7761746387072,18927.789668718106,2483.454388741162,0.0
679457550_transformed,interneuron,10575.54806614936,127,131,4,350.4932114891813,10553.738708496094,127,131,4,350.49322509765625,47,100.0,513.0131561358623,9333.872771818558,1241.6752943308015,0.0
804977071_transformed,interneuron,10494.335114935284,128,131,3,570.3071587701179,10469.95777130127,128,131,3,562.310302734375,29,60.0,755.8277018677979,8819.408380648456,1674.926734286828,0.0
639013022_transformed,interneuron,7520.461301162895,94,97,3,323.04669693405003,7503.801406860352,94,97,3,323.04669189453125,35,80.0,634.357730761064,6202.584501097599,1317.8768000652963,0.0
764879591_transformed,interneuron,10307.556759384153,162,166,4,257.58475284845565,10285.301544189453,162,166,4,257.5847473144531,48,100.0,745.8635283087198,8792.973919601834,1514.5828397823182,0.0
892547707_transformed,interneuron,28478.51373275059,352,358,6,322.73361566124123,28441.601654052734,352,358,6,322.73193359375,122,120.0,770.1796021038614,25757.471917017992,2721.0418157325976,0.0
739558698_transformed,interneuron,8262.705552643198,63,67,4,591.0166714136657,8234.263153076172,63,67,4,591.0151977539062,23,120.0,925.9900973948804,5727.2300854811,2535.4754671620967,0.0
639962984_transformed,interneuron,20702.767415552436,210,215,5,341.9429275478585,20672.45001220703,210,215,5,341.94293212890625,73,100.0,829.6511306225856,19370.65994561089,1332.1074699415485,0.0
823253200_transformed,interneuron,18308.120127934268,176,184,8,373.26293090647096,18246.23614501953,176,184,8,373.2617492675781,90,100.0,633.503081342285,14953.374036360548,3354.746091573718,0.0
H17-06-015-21-09-01_669292996_m_dendriteaxon,principal,4986.475187360848,15,19,4,582.9688281546449,4965.804267883301,15,19,4,582.9688110351562,15,240.0,648.005035146962,102.34985865646516,4884.125328704384,0.0
962821095_transformed,principal,4640.286747442648,39,46,7,209.05182730605347,4599.365181922913,39,46,7,209.05181884765625,31,60.0,308.94630137123727,19.598377660345623,4620.688369782303,2069.0831684910863
760437219_transformed,interneuron,8489.027482857982,92,95,3,370.94398256340537,8474.032775878906,92,95,3,370.9439697265625,46,80.0,686.2981409885466,6496.121963455336,1992.9055194026466,0.0
689211404_transformed,interneuron,9055.46673686196,71,77,6,388.058187017245,9016.942260742188,71,77,6,388.05633544921875,37,140.0,561.925709837548,5971.253593823688,3084.213143038273,0.0
993243528_transformed,interneuron,8817.934304147948,74,80,6,392.16499601570763,8782.14442062378,74,80,6,392.16497802734375,41,80.0,614.3592788455358,5505.714707408028,3312.219596739922,0.0
922613228_transformed,principal,15849.085371377267,117,127,10,399.0824850829713,15779.259061813354,117,127,10,399.08245849609375,76,60.0,902.4873111301335,9963.029990260122,5886.055381117144,2819.235892225627
740110275_transformed,interneuron,17559.58140299831,112,116,4,638.259982295616,17538.57437133789,112,116,4,638.260009765625,48,180.0,999.6863404240711,16016.746239011321,1542.8351639869852,0.0
606308411_transformed,interneuron,18516.6681554071,272,280,8,294.5196288874478,18475.07194519043,272,280,8,294.5196533203125,81,100.0,983.2022469281592,16246.343288510314,2270.3248668967876,0.0
692846027_transformed,interneuron,20643.699361020444,246,251,5,445.5003419751774,20611.842712402344,246,251,5,445.5003356933594,70,140.0,794.4337827371752,17758.703804980214,2884.9955560402313,0.0
H17-06-014-11-05-02_657989328_m_dendriteaxon,principal,3736.302854769375,13,17,4,588.3205607489849,3719.6402320861816,13,17,4,582.5253295898438,14,180.0,706.5484292833144,16.99283839308986,3719.3100163762847,0.0
H18-06-366-99-04-07_812122713_m_dendriteOnly,principal,1884.5009305167487,7,11,4,379.4951722281121,1854.3289489746094,7,11,4,379.49188232421875,8,100.0,431.1466023978465,60.06308148200529,1824.437849034743,0.0
714755043_transformed,interneuron,9277.09305842681,84,88,4,286.4998520069426,9241.326080322266,84,88,4,286.4998779296875,38,100.0,818.8156808861843,6720.850463985471,2556.2425944413385,0.0
898559010_transformed,principal,10875.61365888235,97,105,8,472.604019978671,10808.258880615234,97,105,8,472.6040344238281,63,80.0,591.5667568168473,5672.860374496151,5202.753284386196,2243.7896376051203
797722932_transformed,interneuron,11566.783659986693,127,131,4,541.7093919252278,11541.773086547852,127,131,4,541.105712890625,34,140.0,771.5080070803778,9623.022079992992,1943.7615799937003,0.0
740890186_transformed,interneuron,34229.431451558215,348,352,4,536.6103171762541,34211.262939453125,348,352,4,536.6102905273438,92,120.0,890.789146780926,32272.847190881537,1956.5842606766773,0.0
935046071_transformed,principal,4322.061213521885,39,49,10,266.5639653066408,4252.50807762146,39,49,10,266.56396484375,39,40.0,370.2317939845893,35.58492123870552,4286.476292283181,1688.930984922118
714936352_transformed,interneuron,16013.864562168046,140,148,8,356.19092871660837,15974.787612915039,140,148,8,356.1909484863281,52,160.0,1003.0102610700119,13863.369303225061,2150.495258942985,0.0
926866005_transformed,principal,16062.348194494076,112,121,9,533.2729877943483,16014.862899780273,112,121,9,528.1704711914062,63,60.0,1173.4097391131122,9843.785150170223,6218.5630443238515,2155.435934788357
701140434_transformed,interneuron,30214.556026758935,301,306,5,457.6934443003915,30182.425720214844,301,306,5,452.1835021972656,80,180.0,1077.4736206495356,25793.08449552188,4421.471531237053,0.0
H17-06-014-11-07-04_661301900_m_dendriteArtificialAxon,principal,4434.3582363518635,13,18,5,474.44968690051843,4415.101558685303,13,18,5,474.44970703125,13,220.0,523.2189245253651,12.541452964567842,4421.816783387296,0.0
743504177_transformed,interneuron,7920.4356461792995,105,107,2,369.92615769156475,7911.7369384765625,105,107,2,364.4249267578125,37,120.0,621.5761820854922,6994.007786683922,926.4278594953771,0.0
H17-06-015-21-09-07_669884986_m_dendriteaxon,principal,2710.360594111325,8,13,5,507.71217535135,2676.589027404785,8,13,5,507.7121887207031,9,100.0,565.1277852976849,66.48819394516468,2643.8724001661603,0.0
731683221_transformed,interneuron,24004.531074883256,300,304,4,545.3957249761152,23981.892150878906,300,304,4,545.3997802734375,79,100.0,1038.8345693419399,22317.95339568758,1686.5776791956755,0.0
685624703_transformed,interneuron,17746.70750945389,155,160,5,531.5086510114393,17710.941345214844,155,160,5,531.5086669921875,61,120.0,683.0709617580414,15090.50366219155,2656.2038472623403,0.0
740732467_transformed,interneuron,31945.856920094397,382,391,9,582.8131682623515,31901.417442321777,382,391,9,582.8131713867188,76,160.0,994.2306701515228,29551.15075097729,2394.7061691171066,0.0
738041476_transformed,interneuron,9674.215559795532,124,126,2,348.0795749856952,9667.553466796875,124,126,2,348.0836486816406,43,60.0,840.8738939753547,8492.503993170685,1181.711566624847,0.0
738043822_transformed,interneuron,6136.150059097459,66,69,3,345.79933850589003,6123.306945800781,66,69,3,345.79644775390625,31,40.0,471.52600738407824,4977.622582410577,1158.5274766868827,0.0
643536919_transformed,interneuron,10206.451072135285,73,77,4,485.8129766118279,10185.158569335938,73,77,4,485.8097229003906,42,100.0,548.6193382212634,5729.61702552598,4476.834046609305,0.0
H16-06-013-05-09-01_575972036_m_dendriteaxon,principal,6079.829490427606,14,20,6,616.5529823948629,6014.923732757568,14,20,6,616.552978515625,15,240.0,668.9091882025432,40.610262036598854,6039.219228391008,0.0
746732672_transformed,interneuron,11465.93697582826,162,167,5,472.95188933148603,11431.731750488281,162,167,5,472.95367431640625,44,60.0,807.1436606691856,9187.829846946499,2278.10712888176,0.0
H18-06-366-99-08-03_792976426_m_dendriteOnly,principal,4473.095089478789,27,30,3,595.9439239652596,4443.435081481934,27,30,3,595.9472045898438,13,40.0,706.3928757500165,119.0955850550278,4353.999504423761,3681.3628250276956
741785767_transformed,interneuron,22333.874457522823,209,214,5,490.6818445795605,22311.247619628906,209,214,5,490.6818542480469,71,80.0,842.6141674872366,19648.474406144924,2685.4000513779,0.0
Pvalb-IRES-Cre_Ai14_IVSCC_-176847-04-02-01_470522102_m,interneuron,2425.9745778256965,16,21,5,375.17853523356047,2409.600631713867,16,21,5,375.17852783203125,17,40.0,410.8205870952407,79.70780505462524,2346.2667727710714,0.0
H17-06-012-21-03-10_637436627_m_dendriteaxon,principal,15568.314366415856,98,105,7,942.1505608977792,15500.14769744873,98,105,7,942.1505737304688,62,100.0,1029.174817417042,936.7773729986473,14631.536993417209,10077.473202142988
657661669_transformed,interneuron,26366.6130724033,175,180,5,630.2957581167749,26338.456336975098,175,180,5,630.2957763671875,73,120.0,1077.3242698143001,24015.470442359925,2351.1426300433723,0.0
919883526_transformed,principal,5088.877014957978,33,42,9,259.21635660840025,5023.224739074707,33,42,9,259.22119140625,37,60.0,335.47892664547544,102.61580421400608,4986.261210743973,1924.464938430942
cell4_PV_sorted_Scaled,interneuron,12060.841522674154,61,65,4,472.7543567458921,12026.618896484375,61,65,4,472.758544921875,35,100.0,852.0267467324901,8578.824511511259,3482.017011162894,0.0
H17-06-014-11-02-02_663013039_m_dendriteaxon,principal,3615.241229684663,12,18,6,469.7939541969437,3593.75256896019,12,18,6,469.7939453125,13,140.0,535.6304196797345,25.732395292966203,3589.508834391697,0.0
842841654_transformed,interneuron,19276.55524357804,262,270,8,299.18188397695474,19235.06575012207,262,270,8,299.181884765625,107,80.0,898.5418697147146,16175.524920813074,3101.0303227649674,0.0
759939473_transformed,interneuron,9183.606936045813,104,113,9,385.2762276312643,9114.75202178955,104,113,9,385.2789001464844,41,80.0,453.01371846146725,5234.011545458081,3949.5953905877323,0.0
642124659_transformed,interneuron,11381.211028534071,102,109,7,216.28866249117686,11353.208876609802,102,109,7,216.28414916992188,75,60.0,615.0404627307983,8095.519761139432,3285.691267394638,0.0
H16-06-008-21-02-01_685741524_m_dendriteaxon,principal,6618.7217202207385,22,27,5,692.0024556314811,6585.988098144531,22,27,5,692.0025024414062,13,460.0,734.4350764605508,500.5279416414913,6118.193778579247,0.0
708221965_transformed,interneuron,18675.181726144343,168,174,6,505.03017187094866,18640.88540649414,168,174,6,505.0301513671875,71,80.0,929.1915971652322,15466.07822880026,3209.1034973440846,0.0
828803869_transformed,interneuron,15995.94713268357,207,213,6,242.89420973383088,15963.89118385315,207,213,6,242.85641479492188,67,60.0,699.7762228156806,14987.083817868679,1008.8633148148914,0.0
H17-06-012-21-05-02_637418678_m_dendriteaxon,interneuron,4391.125968291232,13,17,4,619.8793852122452,4354.616271972656,13,17,4,619.8760986328125,11,180.0,666.3059776494745,27.964917834594413,4363.161050456638,0.0
857296784_transformed,interneuron,13250.01860544463,145,151,6,340.4437804950735,13200.066917419434,145,151,6,340.4408874511719,55,120.0,900.8568326571013,10564.666628942825,2685.351976501805,0.0
696115308_transformed,interneuron,13671.966875418897,174,177,3,309.5921072960356,13647.4541015625,174,177,3,309.59210205078125,76,80.0,533.179846667411,8930.530477093205,4741.43639832569,0.0
H17-06-012-21-12-01_637385534_m_DendriteAxon,interneuron,13421.248935817894,41,46,5,1060.3407463745898,13375.215797424316,41,46,5,1059.9114990234375,28,140.0,1826.31398935801,7653.678366459062,5767.570569358831,0.0
813500978_transformed,interneuron,7039.612366167601,111,114,3,302.7711792023071,7005.126693725586,111,114,3,302.7737731933594,28,80.0,891.430588234325,5856.607302562869,1183.0050636047308,0.0
692777680_transformed,interneuron,9076.48114856123,162,164,2,335.12017595682494,9062.609375,162,164,2,335.1239013671875,37,60.0,891.80342727269,8208.23658147984,868.2445670813934,0.0
744975652_transformed,interneuron,9091.469111761962,115,118,3,396.82462717595206,9076.684631347656,115,118,3,396.8299255371094,36,100.0,858.712422301097,7420.132059863254,1671.3370518987101,0.0
743675437_transformed,principal,4760.723216851327,38,47,9,322.1465037836046,4701.164566040039,38,47,9,322.146484375,32,60.0,383.61846328409064,107.03337969276677,4653.689837158561,1586.125472367966
808475329_transformed,interneuron,30312.25886608148,343,348,5,506.5464451009843,30287.322326660156,343,348,5,506.545166015625,112,140.0,670.9438629229503,26687.018154917965,3625.2407111635184,0.0
745692039_transformed,interneuron,23931.81306601828,262,270,8,505.47854820951596,23881.221279144287,262,270,8,504.5522766113281,55,60.0,1087.3055479873653,21774.076701071426,2157.736364946858,0.0
H18-06-368-99-02-03_813165001_m_dendriteaxon,principal,3087.1399335423557,13,16,3,462.13843867395406,3074.7263412475586,13,16,3,462.138427734375,11,180.0,546.0896973224117,98.97253115895266,2988.167402383403,0.0
816012073_transformed,interneuron,12406.500717217124,123,131,8,397.07556143496026,12357.663845062256,123,131,8,397.0782470703125,51,80.0,617.0372913263764,10485.223365995524,1921.277351221602,0.0
H18-06-368-99-01-03_814124801_m_dendriteOnly,principal,4063.6903834803643,15,19,4,506.9792604348931,4047.2930908203125,15,19,4,506.97882080078125,10,160.0,612.4413805287646,56.842984970340694,4006.847398510023,0.0
804968066_transformed,interneuron,40746.89006006439,466,473,7,645.4986930273368,40711.09439086914,466,473,7,645.4987182617188,148,100.0,856.504785339615,37663.35962435803,3083.5304357063624,0.0
692083084_transformed,interneuron,18196.580583483938,248,254,6,275.575798284247,18164.580017089844,248,254,6,275.5757751464844,77,60.0,430.20532359509673,14695.735667136967,3500.844916346971,0.0
H17-06-015-21-12-02_666323589_m_dendriteaxon,principal,9867.465734128058,34,37,3,2328.908108620862,9847.657806396484,34,37,3,2328.908203125,16,200.0,2966.0884572505997,5852.0643767399415,4015.4013573881166,0.0
639708328_transformed,interneuron,9098.868582583269,61,65,4,453.6811383804954,9070.555908203125,61,65,4,453.6844482421875,36,120.0,1146.7729014316185,5531.930132097406,3566.9384504858626,0.0
710743304_transformed,interneuron,29882.518121042667,336,343,7,496.90296761261374,29834.505889892578,336,343,7,496.904052734375,100,260.0,656.5573949843711,25875.616651326833,4006.9014697158386,0.0
H18-06-366-99-03-03_791542189_m_dendriteNoAxon,principal,3611.273243650553,18,21,3,725.9314883268561,3582.1308212280273,18,21,3,725.92822265625,6,60.0,854.3800002715274,0.0,3611.273243650553,0.0
870661094_transformed,interneuron,12785.371419965253,150,156,6,279.5029922717982,12739.285153388977,150,156,6,279.50347900390625,82,60.0,652.1950756240743,10450.403156942913,2334.9682630223397,0.0
759751429_transformed,interneuron,13361.037044409477,175,178,3,473.9920544575499,13342.701232910156,175,178,3,473.97869873046875,34,140.0,598.13009681252,11082.283120987859,2278.7539234216174,0.0
751991773_transformed,interneuron,18517.633753729086,161,166,5,452.64543762198684,18487.81573486328,161,166,5,452.64544677734375,51,120.0,710.4501747720759,14358.178890494637,4159.45486323445,0.0
H16-06-013-05-01-01_576675715_m_dendriteaxon,principal,10211.64823237723,37,42,5,627.9935814958621,10157.676478385925,37,42,5,627.9935302734375,21,360.0,1364.3298924253304,5798.184608604934,4413.463623772297,0.0
760268259_transformed,interneuron,25892.889118364536,394,399,5,435.4482839557414,25868.648849487305,394,399,5,435.44830322265625,116,100.0,912.4144980543559,23707.264356857482,2185.6247615070483,0.0
Scnn1a-Tg3-Cre_Ai14_IVSCC_-177300-01-02-01_473845048_m,principal,4758.395152922045,55,64,9,371.6898950738371,4714.279144287109,55,64,9,371.6899108886719,38,40.0,501.57239671267035,131.51656288446512,4626.87859003758,1488.708875394141
662580082_transformed,interneuron,15686.775747754493,134,141,7,343.76592050405463,15643.417373657227,134,141,7,343.76593017578125,57,140.0,715.2009024325328,13288.146275999721,2398.6294717547717,0.0
693265371_transformed,interneuron,6818.316073885426,88,92,4,249.23547279630964,6799.909210205078,88,92,4,249.2354736328125,32,80.0,504.4496484574954,3802.5937630887424,3015.722310796683,0.0
912868696_transformed,principal,9254.62077570274,87,95,8,550.6943317304074,9204.620071411133,87,95,8,550.6943359375,46,80.0,739.9555960035486,4214.000127108071,5040.620648594671,2334.4814694935385
751199266_transformed,interneuron,22402.461801530884,234,241,7,621.7976680560969,22360.879985809326,234,241,7,621.7976684570312,49,540.0,1069.43465720262,20354.142766147743,2048.3190353831415,0.0
904862358_transformed,principal,11567.978542685483,104,112,8,562.1777296766961,11510.791442871094,104,112,8,562.17626953125,65,80.0,870.6018853366533,7019.284637100312,4548.693905585172,1915.9663597605766
H17-06-014-11-12-01_663006852_m_dendriteaxon,principal,4466.25013286956,18,23,5,532.8527820139443,4443.370410442352,18,23,5,532.8528442382812,12,140.0,612.2352892569679,274.62612955001714,4191.624003319543,0.0
954066469_transformed,principal,6159.439768449278,50,58,8,356.75048121123035,6121.418487548828,50,58,8,356.7537841796875,47,60.0,436.0754178321477,436.0754178321479,5723.36435061713,2282.7638284211534
661319074_transformed,interneuron,16707.902549524926,149,157,8,564.918893224702,16657.224933624268,149,157,8,564.9229736328125,36,300.0,931.2109921871099,13436.299764206044,3271.6027853188834,0.0
935032340_transformed,interneuron,13881.794113553502,77,82,5,512.6939672076423,13845.26106262207,77,82,5,512.6927490234375,31,100.0,1093.6431594830858,12035.650954196997,1846.1431593565053,0.0
646852171_transformed,interneuron,14842.415631527114,226,231,5,245.63955494902598,14812.621002197266,226,231,5,245.64254760742188,93,100.0,598.9387527501972,13509.135042808311,1333.280588718804,0.0
H18-06-366-99-06-03_792425670_m_dendriteOnly,interneuron,4703.408875952444,12,15,3,782.8635363842155,4669.2523193359375,12,15,3,782.7202758789062,10,60.0,920.685078306806,54.806070792538605,4648.602805159905,0.0
760280955_transformed,interneuron,14042.084661240442,129,136,7,495.72490464862557,14008.749572753906,129,136,7,494.2144775390625,52,100.0,806.3065540753876,11985.24292755558,2056.8417336848606,0.0
Oxtr-2A-Cre_Ai14-293837-04-02-01_760010721_m,interneuron,17843.168890718032,288,295,7,459.95161549884784,17810.34844970703,288,295,7,449.174560546875,113,80.0,624.2566695257399,15206.465914851324,2636.7029758667104,0.0
H16-06-007-01-05-02_846083117_m,principal,37486.09431285269,150,156,6,1378.0999033129315,37439.18347167969,150,156,6,1378.0965576171875,91,140.0,1500.5481726927128,21747.01491388795,15739.079398964746,8169.62179390725
963019667_transformed,principal,18197.03037971764,111,122,11,613.1653787519318,18135.69155883789,111,122,11,613.1654052734375,68,80.0,971.8925457075206,11805.862136973581,6391.1682427440555,2557.133395485357
H17-06-014-11-07-03_661310115_m_dendriteaxon,principal,3302.749931549328,13,16,3,459.4973151172921,3288.042546272278,13,16,3,459.497314453125,11,100.0,564.0465562935315,14.095020963640398,3288.654910585687,0.0
714601733_transformed,interneuron,16750.260133069012,197,203,6,263.3394227987903,16709.561729431152,197,203,6,263.33941650390625,75,120.0,473.36192038894,15188.912760347404,1561.3473727216092,0.0
760294832_transformed,interneuron,13174.362282833903,104,109,5,646.3735912681527,13142.343566894531,104,109,5,646.3713989257812,41,60.0,884.1029516282523,10821.533710562057,2352.828572271848,0.0
H17-06-014-11-07-01_661307789_m_dendriteaxon,principal,3365.6490412186095,11,14,3,474.12137828244414,3353.0999298095703,11,14,3,471.7053527832031,11,240.0,594.5480744330032,74.53051682154725,3291.118524397062,0.0
648139266_transformed,interneuron,5870.52826080484,70,72,2,534.3221752837889,5860.053466796875,70,72,2,534.3221435546875,25,40.0,602.6423040517982,4253.668570487873,1616.8596903169675,0.0
912289883_transformed,principal,4702.492904352486,42,51,9,198.89579181068663,4623.587501525879,42,51,9,198.89578247070312,41,60.0,284.55607429530187,31.33906146921252,4671.153842883274,1829.2653887972278
750472605_transformed,interneuron,16255.144501844905,169,174,5,614.6644835192611,16230.241039276123,169,174,5,614.6644897460938,38,100.0,995.3787978721577,14818.738155587085,1436.406346257821,0.0
H18-06-368-99-04-04_815787270_m_dendriteaxon,principal,4012.6894819916733,29,32,3,459.44662730772603,3996.4439392089844,29,32,3,459.4434509277344,13,100.0,529.3466143163563,85.04541987176995,3927.6440621199035,3023.473679866758
652516963_transformed,interneuron,5842.6292571859785,43,47,4,437.30568324685646,5814.878242492676,43,47,4,437.3056640625,21,100.0,853.4442130923853,4721.18747906517,1121.4417781208085,0.0
759970262_transformed,interneuron,27718.15347665109,250,256,6,464.6358476269346,27683.22833251953,250,256,6,464.6358337402344,75,180.0,1033.2813153565776,24196.470014786464,3521.6834618646176,0.0
669088423_transformed,interneuron,14351.223261852832,147,153,6,430.80584965852074,14259.979614257812,147,153,6,439.3426208496094,59,100.0,589.8458012919581,11653.975160322603,2697.24810153023,0.0
656901554_transformed,interneuron,12155.267920803732,142,146,4,282.67242331009226,12135.293334960938,142,146,4,274.4100646972656,64,80.0,762.1326661942438,10545.59736340023,1609.6705574035004,0.0
669825289_transformed,interneuron,17896.820438620016,176,181,5,354.9269830542614,17873.16912841797,176,181,5,354.6785583496094,86,100.0,742.3191195758671,15794.891031184055,2101.929407435962,0.0
601803754_transformed,interneuron,35070.57968843968,373,381,8,328.2435901887499,35026.12547302246,373,381,8,328.24359130859375,156,140.0,855.8003295023979,31746.916201572167,3323.6634868675114,0.0
898697809_transformed,interneuron,11207.199998735632,131,134,3,433.5085768471023,11187.511352539062,131,134,3,432.2344055175781,41,80.0,555.6173066300325,8043.259027366196,3163.9409713694363,0.0
H18-06-368-99-02-01_813185418_m_dendriteOnly,principal,2545.1380961668838,9,12,3,427.4411545464474,2525.508403778076,9,12,3,427.378662109375,11,160.0,510.13975038259946,57.168723930343695,2487.96937223654,0.0
601811091_transformed,interneuron,17227.231069449837,108,112,4,819.7613089254158,17198.0694732666,108,112,4,805.8331909179688,34,140.0,1297.688692495153,15695.434533206939,1531.7965362428995,0.0
742033571_transformed,interneuron,8320.04343904913,87,89,2,534.1372248984545,8308.380310058594,87,89,2,534.1327514648438,39,60.0,676.0211586948061,7732.903348371291,587.140090677839,0.0
640012241_transformed,principal,4581.832903960079,33,43,10,272.0273170310495,4512.31388092041,33,43,10,272.02679443359375,30,40.0,352.61277516285526,238.72559865533577,4343.107305304744,2033.0776179662494
752027250_transformed,interneuron,22419.63193440164,253,260,7,468.2998259187756,22369.460052490234,253,260,7,468.2970275878906,75,80.0,659.963523094727,19140.781463946605,3278.8504704550373,0.0
746200101_transformed,interneuron,14602.166612033774,156,161,5,457.30807804416105,14577.878791809082,156,161,5,449.4051513671875,69,80.0,788.3791982197087,13387.566091381312,1214.6005206524621,0.0
872248529_transformed,interneuron,16575.218866058385,143,148,5,493.78248670621946,16540.188594818115,143,148,5,493.785400390625,85,80.0,680.1497230000588,15272.260816212296,1302.9580498460866,0.0
829170676_transformed,interneuron,23211.033735564117,335,341,6,273.8622040572797,23171.643341064453,335,341,6,273.8650817871094,109,80.0,735.8535919137693,17972.033830562243,5238.999905001871,0.0
645057881_transformed,interneuron,12086.452141161473,65,69,4,635.6472476145871,12059.050537109375,65,69,4,635.647216796875,32,120.0,917.9773532186464,9367.633196571825,2718.818944589648,0.0
H18-06-366-99-03-02_791188232_m_dendriteOnly,principal,3415.4476199570054,18,24,6,527.7920171810105,3359.173988342285,18,24,6,527.7919921875,10,60.0,625.8362985796722,86.42648482881906,3329.0211351281864,0.0
861736319_transformed,interneuron,5955.767352772355,63,66,3,244.05749670927955,5938.006927490234,63,66,3,244.0574951171875,33,100.0,503.0930770675156,5191.749791527875,764.0175612444791,0.0
666141992_transformed,interneuron,32189.434421721042,369,375,6,499.92947583745365,32167.514923095703,369,375,6,499.8230285644531,114,120.0,1218.5313145677349,29068.764889053095,3120.669532667942,0.0
755592855_transformed,interneuron,11230.723284859043,165,167,2,369.5167767503933,11217.29150390625,165,167,2,369.51678466796875,46,120.0,571.93443050472,10088.718825854565,1142.0044590044774,0.0
693009119_transformed,interneuron,18963.70779047395,117,122,5,795.9462285090481,18938.981201171875,117,122,5,795.943603515625,55,160.0,1124.277242604638,16509.739056484297,2453.968733989651,0.0
H18-06-368-99-03-04_823494590_m_dendriteOnly,principal,1545.0811214602008,7,10,3,383.14148926995625,1528.7875242233276,7,10,3,383.1415100097656,6,20.0,431.23353688392046,16.699079701606152,1528.3820417585948,0.0
760981484_transformed,interneuron,32276.450184445755,346,349,3,573.2521506283251,32255.86489868164,346,349,3,573.252197265625,78,280.0,889.8986770525763,30041.79255260745,2234.6576318383045,0.0
740164794_transformed,interneuron,28253.701543493644,341,347,6,381.94232077631824,28230.946166992188,341,347,6,381.85845947265625,86,180.0,570.6537785425077,24012.026819464936,4241.6747240287095,0.0
H18-06-368-99-04-02_815793212_m_dendriteonly,principal,3406.181538871192,8,10,2,647.4542618594769,3397.4715576171875,8,10,2,647.4542846679688,7,220.0,737.1741894250449,30.400601651290085,3375.7809372199017,0.0
652533530_transformed,interneuron,22647.062321539324,176,180,4,488.54567012716427,22616.702026367188,176,180,4,488.5456848144531,66,220.0,1092.895604620023,19552.607583769328,3094.4547377699996,0.0
820897104_transformed,interneuron,15396.110796895955,145,153,8,440.2408928075628,15337.995685577393,145,153,8,440.2408752441406,64,140.0,575.4075803827543,12196.241565791886,3199.8692311040672,0.0
912340608_transformed,principal,5377.323942881947,42,52,10,249.4915543660747,5294.004539489746,42,52,10,249.49154663085938,37,60.0,346.16989878396157,115.42424430920993,5261.899698572737,2148.1939268962224
657675492_transformed,interneuron,20788.87024631184,312,315,3,324.0565645068774,20771.41273498535,312,315,3,324.05657958984375,94,120.0,789.8974665514025,19681.380470099954,1107.4897762118858,0.0
692565557_transformed,interneuron,16758.157865475827,142,148,6,584.2890501664775,16714.98439025879,142,148,6,582.3278198242188,52,80.0,916.0754666799136,14058.896678235596,2699.2611872402344,0.0
740155221_transformed,interneuron,22409.507983768697,281,286,5,484.9448997566631,22384.955993652344,281,286,5,484.9449157714844,59,360.0,1634.1589290902764,20165.275225145124,2244.2327586235742,0.0
711571947_transformed,interneuron,12238.605947440643,114,119,5,351.5668353243804,12217.07925415039,114,119,5,351.56683349609375,49,100.0,484.65135581605415,9981.058918871395,2257.547028569249,0.0
657661984_transformed,interneuron,13809.875137502153,265,270,5,358.9721974532909,13790.182708740234,265,270,5,358.9754333496094,74,80.0,618.3909302053216,12589.918280981135,1219.9568565210166,0.0
829195312_transformed,interneuron,11989.078873058392,162,165,3,481.2535444140761,11973.273084640503,162,165,3,481.2502136230469,46,60.0,576.7446963223084,11667.82951088022,321.2493621781726,0.0
744454952_transformed,interneuron,22901.07743704855,274,280,6,365.82883880306645,22869.032745361328,274,280,6,365.8288269042969,100,120.0,800.9912190739592,19862.999999392126,3038.077437656421,0.0
855275163_transformed,interneuron,10572.224588444105,127,129,2,257.83907869056617,10561.466003417969,127,129,2,257.8390808105469,49,120.0,599.5427973004847,9779.377341213512,792.8472472305928,0.0
663193112_transformed,interneuron,11762.114428040664,120,127,7,402.87429930990197,11725.650268554688,120,127,7,402.8743896484375,38,140.0,653.1771843682511,9277.96141942213,2484.1530086185358,0.0
888108541_transformed,interneuron,21608.836114241167,230,236,6,375.3716340138426,21570.594024658203,230,236,6,375.1669921875,86,80.0,581.8763428018644,17780.949669031317,3827.8864452098537,0.0
644920227_transformed,interneuron,9826.728293999546,107,111,4,308.3678436542954,9810.739135742188,107,111,4,308.3678283691406,44,60.0,620.7999333971768,6397.240003694923,3429.4882903046214,0.0
Chat-IRES-Cre-neo_Ai14-280700_759943445_m,interneuron,13725.852377383057,205,208,3,470.67750541108296,13700.803955078125,205,208,3,470.6775207519531,52,100.0,779.3463943900285,10855.783545028129,2870.068832354929,0.0
Pvalb-IRES-Cre_Ai14-209764_759891333_m,interneuron,27021.15314294783,417,425,8,445.12256952439515,26956.917205810547,417,425,8,445.12255859375,89,260.0,1276.1819118914882,23629.71063322575,3391.44250972208,0.0
Ndnf-IRES2-dgCre_Ai14-278510_759947382_m,interneuron,11902.269875692537,251,256,5,285.3404624304096,11880.993476867676,251,256,5,285.3404846191406,80,60.0,685.9286819045384,11129.570453993005,772.6994216995331,0.0
H18-06-366-99-08-02_792985714_m_dendriteOnly,interneuron,3758.9574768220327,14,19,5,439.6615500586787,3711.0139808654785,14,19,5,439.66156005859375,16,80.0,589.3932088055536,67.33828077040039,3691.6191960516326,0.0
691685873_transformed,interneuron,23791.42523811129,272,279,7,296.77451002402483,23755.947967529297,272,279,7,296.7745056152344,97,100.0,504.4813652116675,20553.189171126323,3238.236066984966,0.0
841718359_transformed,interneuron,15633.999120926313,185,189,4,458.02545224037493,15611.66796875,185,189,4,458.02545166015625,67,80.0,788.0672006971324,13704.637041439291,1929.3620794870217,0.0
H16-03-007-01-01-04-03_842845581_m,principal,19461.41014007343,97,103,6,734.8871190870065,19428.596557617188,97,103,6,734.8870849609375,59,100.0,960.6892963089238,12431.969640286894,7029.440499786534,3008.031856793039
685707621_transformed,interneuron,15124.57770368726,109,115,6,347.03539214322217,15088.620697021484,109,115,6,347.035400390625,58,140.0,1219.8338542942922,11368.072668570392,3756.505035116871,0.0
H18-06-368-99-01-01_813226371_m_dendriteOnly,principal,4189.342957409006,13,17,4,516.3219956577484,4166.694118499756,13,17,4,516.322021484375,12,380.0,612.1978294305421,66.04022982735637,4123.302727581649,0.0
697810838_transformed,interneuron,15075.063596262582,203,207,4,449.6821719837245,15054.48666381836,203,207,4,449.6821594238281,49,60.0,957.5724613963762,13267.903921761386,1807.159674501198,0.0
668464797_transformed,interneuron,9960.740020062312,104,107,3,308.7179783304569,9942.971801757812,104,107,3,308.7182312011719,51,100.0,486.0128432316428,8425.203844552663,1535.5361755096492,0.0
604646725_transformed,interneuron,9239.771008754507,54,57,3,576.9731436942664,9221.649475097656,54,57,3,576.97021484375,25,240.0,1000.6568411572947,6133.173838668877,3106.5971700856308,0.0
638212024_transformed,interneuron,4935.993827764425,47,52,5,251.7532975840524,4914.436279296875,47,52,5,251.75189208984375,29,60.0,382.50412405874516,2314.08032813111,2621.913499633314,0.0
692044280_transformed,interneuron,8834.342050497802,53,56,3,403.7889454900914,8812.799255371094,53,56,3,403.7889404296875,29,80.0,642.5811401112264,7903.590722206151,930.7513282916505,0.0
679932490_transformed,interneuron,28867.58625302431,333,340,7,381.0416524038634,28820.74836730957,333,340,7,381.0455627441406,84,260.0,920.2298651779603,27213.32228345682,1654.2639695674957,0.0
Sst-IRES-Cre_Ai14-212983_759889852_m,interneuron,17021.01033905435,241,248,7,354.57853587040483,16971.558067321777,241,248,7,354.5785217285156,60,120.0,808.7974245877812,14832.78839037789,2188.2219486764634,0.0
601790961_transformed,interneuron,19241.85972518666,163,169,6,582.5152710349222,19208.119018554688,163,169,6,582.5130615234375,58,120.0,1058.59613962886,17012.609058266316,2229.250666920342,0.0
669165397_transformed,interneuron,13346.821892290347,117,126,9,455.3481951088517,13273.989582061768,117,126,9,455.3517761230469,54,120.0,520.2945713683305,7379.540591582523,5967.281300707822,0.0
H17-06-015-21-10-01_664501117_m_dendriteaxon,principal,5512.2688019692105,25,29,4,496.9147486239466,5485.250915527344,25,29,4,496.91473388671875,15,160.0,658.1885983501077,187.1690170992108,5325.09978487,0.0
810317285_transformed,interneuron,14321.786409179877,160,167,7,571.8004919550174,14281.731353759766,160,167,7,571.8004760742188,51,100.0,1620.257485318165,10748.808171372713,3572.9782378071654,0.0
H17-06-015-21-09-04_669321959_m_dendriteaxon,principal,3477.3545712533637,9,15,6,608.2133504782676,3441.5433025360107,9,15,6,608.2133178710938,11,160.0,704.2358649601388,14.949768065357157,3462.4048031880066,0.0
821907565_transformed,interneuron,18901.9625477369,207,215,8,495.4443360257537,18851.66428375244,207,215,8,495.4443359375,59,100.0,666.1507338471035,16876.221519188228,2025.7410285486758,0.0
861765455_transformed,interneuron,16640.84241173782,116,120,4,383.9472603105796,16610.058403015137,116,120,4,383.947265625,43,100.0,1214.7074940489103,13897.808270974616,2743.0341407632027,0.0
711770582_transformed,interneuron,43194.35617442388,498,502,4,415.82314452447474,43166.955139160156,498,502,4,415.82269287109375,146,260.0,1157.6306105790652,41427.12925547963,1767.226918944249,0.0
760832993_transformed,interneuron,25927.082015476204,211,218,7,619.8534224314648,25883.753845214844,211,218,7,619.8533935546875,64,80.0,851.8344182528954,22846.00786076492,3081.0741547112866,0.0
831988252_transformed,interneuron,17813.85013385494,220,223,3,418.388835043299,17790.464721679688,220,223,3,418.39288330078125,72,100.0,544.943950754631,15330.572124144697,2483.278009710244,0.0
689098357_transformed,interneuron,9327.025259945014,137,143,6,279.1201231250326,9276.307968139648,137,143,6,279.1233215332031,53,80.0,415.31812063669764,6779.521492123247,2547.5037678217673,0.0
figS13_1_manual,interneuron,15883.098105408822,132,139,7,313.05947418626033,15840.660591125488,132,139,7,301.1837463378906,89,80.0,738.3111305866169,13616.70838017918,2266.3897252296447,0.0
figS13_5_auto,principal,12106.49887867696,51,52,0,2127.6294712660847,12106.498046875,51,52,1,2127.62939453125,10,460.0,3965.466211558342,12106.49887867696,0.0,0.0
figS14_3_auto,principal,63375.34942315214,63,69,6,4540.909056092182,63311.00192260742,63,69,6,4536.04541015625,33,520.0,5458.615727150011,43100.546034186875,20274.803388965258,12765.463740640324
figS14_2_auto,principal,57425.70665061977,86,95,9,3694.672342955462,57322.67562866211,86,95,9,3694.67236328125,46,460.0,4576.171635533172,17209.54604119235,40216.16060942743,19005.45900827665
Gad2-IRES-Cre-Ai14-475124390,interneuron,2100.889253429238,16,23,7,256.40416318772986,2062.660821914673,16,23,7,256.4041748046875,18,40.0,320.50171587696985,14.75515766116258,2086.134095768076,0.0
Htr3a-Cre-NO152-Ai14-475124358,interneuron,2103.581523871464,18,22,4,265.22835312236134,2067.0501203536987,18,22,4,264.75775146484375,13,40.0,315.3948070047303,24.13849470670927,2079.443029164755,0.0
Htr3a-Cre-NO152-Ai14-475509083,interneuron,2858.6419745344538,84,92,8,107.88702424295519,2816.916389465332,84,92,8,107.88702392578125,37,40.0,166.2929624347236,444.56993993238234,2414.0720346020717,0.0
Htr3a-Cre-NO152-Ai14-475125267,interneuron,1864.2061889442389,20,25,5,132.64255614243868,1830.7183084487915,20,25,5,132.64254760742188,24,40.0,189.2994283703556,17.902352870198918,1846.3038360740402,0.0
Nr5a1-Cre-Ai14-403165543,principal,1910.8396606606304,15,23,8,267.8632466390266,1863.8796424865723,15,23,8,267.86322021484375,18,40.0,285.1094686589142,27.94887651246186,1882.8907841481687,901.0197539438478
Nr5a1-Cre-Ai14-348484627,principal,1687.5414225346371,26,33,7,119.99171721414773,1643.068468093872,26,33,7,119.9917221069336,21,40.0,140.801322378078,50.8394706961452,1636.7019518384918,312.46429218072984
Ntsr1-Cre-Ai14-475510743,principal,3145.1230300248876,23,29,6,436.14673047037735,3101.4693565368652,23,29,6,436.146728515625,22,40.0,663.4435508923094,53.77452111868343,3091.348508906204,1578.4000317844493
Pvalb-IRES-Cre-Ai14-475124495,interneuron,2961.0032104717775,19,27,8,219.2212886560062,2892.886806488037,19,27,8,219.22128295898438,21,40.0,246.24598766812164,71.10032037669768,2889.90289009508,0.0
Pvalb-IRES-Cre-Ai14-475465561,interneuron,3174.7181331796937,35,44,9,192.7170210438092,3112.442258834839,35,44,9,192.70469665527344,22,40.0,238.37184864612433,16.947130845208903,3157.7710023344844,0.0
Pvalb-IRES-Cre-Ai14-475504544,interneuron,1550.1303080830467,6,14,8,199.40695424182175,1491.5407905578613,6,14,8,199.25840759277344,11,20.0,308.5031000163306,31.136580987374515,1518.993727095672,0.0
Rbp4-Cre-KL100-Ai14-469953750,principal,5066.751446379109,30,43,13,444.8474711628695,4938.800424575806,30,43,13,444.84747314453125,23,60.0,682.9769391896832,70.44226849267754,4996.309177886432,2908.953757428929
Rbp4-Cre-KL100-Ai14-475244723,principal,4344.0756603755035,21,29,8,482.6231662487825,4281.813144683838,21,29,8,482.6231689453125,14,60.0,576.7769003634027,83.8348324133171,4260.240827962186,2589.1114807976724
Rbp4-Cre-KL100-Ai14-475459100,principal,2762.3024157305836,17,25,8,448.11850820960296,2693.139965057373,17,25,8,448.1184997558594,20,40.0,514.7467812979229,60.73308348037031,2701.5693322502134,1264.1758881685505
Rorb-IRES2-Cre-D-Ai14-397999191,principal,2354.341865379034,22,30,8,420.5918424078147,2310.314461708069,22,30,8,420.59185791015625,12,60.0,512.3234853694047,7.8580757371251035,2346.483789641909,1089.7066115969824
Rorb-IRES2-Cre-D-Ai14-325404214,principal,2637.5660471545375,29,34,5,422.16511994716006,2624.8535690307617,29,34,5,422.16510009765625,24,40.0,449.8234110504767,21.272372411248103,2616.2936747432896,1387.672277618764
Scnn1a-Tg3-Cre-Ai14-475124422,interneuron,4948.114643782021,35,40,5,304.7451735466864,4909.496002197266,35,40,5,304.7451477050781,24,40.0,398.16289610971097,81.87371920948942,4866.240924572532,0.0
Scnn1a-Tg3-Cre-Ai14-328874467,principal,2159.5070398073317,19,25,6,411.16853053218944,2112.94535446167,19,25,6,411.16851806640625,18,40.0,482.35588928263303,67.49073108903197,2092.0163087183,819.1175222333725
Scnn1a-Tg3-Cre-Ai14-328933585,principal,4275.190897505308,43,50,7,547.6615833706068,4221.1569900512695,43,50,7,547.66162109375,28,40.0,688.9455755192503,19.652756858302507,4255.538140647006,2057.2612587596745
Sst-IRES-Cre-Ai14-397911799,interneuron,2908.3244755558926,20,25,5,247.6807017108923,2869.688507080078,20,25,5,247.68069458007812,15,60.0,277.3106779624858,25.656954252340434,2882.667521303552,0.0
Sst-IRES-Cre-Ai14-469822422,interneuron,1737.8660214276497,13,19,6,193.78310375262342,1695.1588201522827,13,19,6,193.6802520751953,10,80.0,239.6467480822509,88.26448979521025,1649.6015316324392,0.0
Cux2-CreERT2_Ai14-211771-03-01-01_496123846_m,principal,3557.509727061871,35,45,10,494.5690619002455,3496.501808166504,35,45,10,494.31048583984375,23,40.0,540.0409642422842,12.818565402133306,3544.691161659738,1863.8748605442001
Cux2-CreERT2_Ai14-205530-06-02-01_496085272_m,principal,3403.4388673606927,29,36,7,438.6684536691058,3377.3351306915283,29,36,7,438.66851806640625,26,40.0,489.2253107336123,23.3270831485157,3380.1117842121766,1501.9293708530167
Htr3a-Cre_NO152_Ai14-182004-05-02-01_491120373_m,principal,10636.932593520389,116,121,5,406.1056398005053,10611.133819580078,116,121,5,406.2665100097656,50,60.0,495.2406352826783,9284.525555547116,1352.407037973273,0.0
Htr3a-Cre_NO152_Ai14-185347-03-02-01_492100857_m,principal,8868.865661828948,112,120,8,273.9268767390305,8820.117946624756,112,120,8,273.9268798828125,55,60.0,1006.8677761070127,7531.928760413541,1336.9369014154058,0.0
Htr3a-Cre_NO152_Ai14-185347-04-02-01_491771339_m,principal,999.3302752051657,10,14,4,335.2149160530367,977.1699166297913,10,14,4,335.21160888671875,7,40.0,367.22957236602304,12.345173357331115,986.9851018478346,0.0
Htr3a-Cre_NO152_Ai14-185553-05-01-01_491119938_m,principal,2954.1921106739132,16,20,4,279.582088501948,2932.946668624878,16,20,4,279.5827941894531,15,100.0,333.30472321626115,16.28668908194301,2937.9054215919705,0.0
Htr3a-Cre_NO152_Ai14-210477-04-02-01_500961547_m,principal,1963.9149569392744,12,18,6,251.53996441917536,1913.5586242675781,12,18,6,251.5399627685547,12,60.0,277.29592413396784,66.76472365588491,1897.1502332833898,0.0
Htr3a-Cre_NO152_Ai14-200434-06-02-01_496115453_m,principal,2441.2022994757535,15,24,9,253.45028179989157,2372.5893993377686,15,24,9,253.45054626464844,18,40.0,278.5620587091256,18.692523726908377,2422.5097757488456,0.0
Htr3a-Cre_NO152_Ai14-200442-05-02-01_495337161_m,principal,2308.068142607902,26,34,8,185.81231767565896,2259.067892074585,26,34,8,185.81231689453125,23,60.0,221.6677160977816,21.540648147125374,2286.527494460777,0.0
Nr5a1-Cre_Ai14-199361-04-02-01_496001083_m,principal,2091.241540841846,20,26,6,396.71730486301925,2066.590950012207,20,26,6,396.7206115722656,22,20.0,436.2320877408549,103.57155378010695,1987.6699870617394,791.1054816577303
Ntsr1-Cre_Ai14-181184-03-01-01_491771326_m,principal,2793.6305716040188,27,35,8,465.2538503751354,2746.944528579712,27,35,8,465.2503662109375,16,40.0,570.5787928861346,58.178607299295095,2735.451964304724,1651.2040950228718
Ntsr1-Cre_Ai14-181184-05-02-01_491392868_m,principal,3731.0527400802994,31,38,7,851.284866141894,3699.272472381592,31,38,7,851.2882690429688,16,40.0,938.9805802088669,45.13599702988155,3685.9167430504185,2540.5645918467885
Pvalb-IRES-Cre_Ai14-187029-03-02-01_491119916_m,principal,1898.7685910191676,18,25,7,191.64171852124937,1864.8858375549316,18,25,7,191.64132690429688,15,20.0,214.08144061381816,60.9494499750221,1837.8191410441455,0.0
Pvalb-IRES-Cre_Ai14-195045-05-02-01_491119688_m,principal,1069.0586389782789,11,16,5,169.6707971337437,1040.932433128357,11,16,5,169.67080688476562,12,40.0,191.0060838549143,19.83184427811195,1049.226794700167,0.0
Pvalb-IRES-Cre_Ai14-195049-06-01-01_491119604_m,principal,1596.6045550635072,12,18,6,239.32010439297963,1557.2553730010986,12,18,6,239.31666564941406,11,20.0,279.4270139587369,21.575415233444907,1575.0291398300621,0.0
Rbp4-Cre_KL100_Ai14-196623-04-01-01_491119548_m,principal,5673.005433318753,52,61,9,514.8077964638841,5617.792541503906,52,61,9,514.8078002929688,36,40.0,571.0361792963761,120.86864593377233,5552.1367873849795,1940.937305013504
Rbp4-Cre_KL100_Ai14-196624-06-02-01_491253814_m,principal,2991.240750899387,23,29,6,442.7774981987128,2948.4597582817078,23,29,6,442.7742004394531,23,40.0,464.54000328390987,64.07212026678798,2927.1686306325987,1380.0270078784902
Rbp4-Cre_KL100_Ai14-205727-03-02-01_500961607_m,principal,4802.08468077406,52,61,9,652.8663754722112,4731.6561641693115,52,61,9,652.8692626953125,26,40.0,754.5718302292073,20.97014617569306,4781.114534598367,3283.7026502813965
Rorb-IRES2-Cre-D_Ai14_IVSCC_-187416-06-02-01_485996843_m,principal,4238.417471667428,31,38,7,650.6304697069689,4194.822708129883,31,38,7,650.6271362304688,19,20.0,962.9829040385385,42.55650219893333,4195.860969468493,2912.9608654906274
Rorb-IRES2-Cre-D_Ai14-181715-04-01-01_491392833_m,principal,2068.224405368429,11,19,8,577.2461422805507,2023.5837707519531,11,19,8,577.2459106445312,15,40.0,619.2433780688151,95.34707781176958,1972.8773275566593,0.0
Rorb-IRES2-Cre-D_Ai14-187416-05-01-01_491796267_m,principal,5616.713279774931,42,54,12,521.5958061458018,5550.676414489746,42,54,12,521.592529296875,32,40.0,576.3245374873536,218.55537694297067,5398.157902831959,2161.5620817494264
Rorb-IRES2-Cre-D_Ai14-192794-05-01-01_492413653_m,principal,3251.808659493201,29,35,6,374.6493756834515,3216.3273696899414,29,35,6,374.6493835449219,21,60.0,424.8479641849514,26.16014770742727,3225.6485117857737,1688.5732099802594
Rorb-IRES2-Cre-D_Ai14-192794-05-02-01_491770902_m,principal,3997.957274160639,38,43,5,544.1713507710599,3959.6322984695435,38,43,5,544.1713256835938,21,60.0,660.5499152587644,13.057049809607225,3984.9002243510313,2183.237710190418
Rorb-IRES2-Cre-D_Ai14-194017-03-01-01_491770945_m,principal,3268.7192855365824,28,36,8,471.0690850607796,3217.6458015441895,28,36,8,471.0531311035156,22,40.0,509.08786089398745,44.28222310611823,3224.4370624304643,1646.112053775368
Rorb-IRES2-Cre-D_Ai14-194322-05-02-01_492413664_m,principal,2888.196428339582,18,27,9,571.0931636976774,2840.334981918335,18,27,9,570.3202514648438,16,60.0,674.4084488115137,83.88308234503447,2804.3133459945475,1762.4843059725417
Rorb-IRES2-Cre-D_Ai14-197332-04-02-01_492100936_m,principal,4056.171480000795,38,48,10,515.6261938545101,3998.7756214141846,38,48,10,515.6228637695312,26,40.0,599.8581220695387,49.06291054419767,4007.1085694565973,1775.9212070376004
Rorb-IRES2-Cre-D_Ai14-197332-06-02-01_491771446_m,principal,4821.4823337543185,45,57,12,497.59456920267934,4754.274602890015,45,57,12,497.5945739746094,31,40.0,528.4796921625178,95.80361534744472,4725.678718406874,2085.872387155718
Rorb-IRES2-Cre-D_Ai14-201965-04-01-01_496085113_m,principal,2199.6126282952246,14,21,7,261.865542300709,2162.353091239929,14,21,7,261.8652648925781,14,40.0,296.69606260104865,7.052133038854514,2192.5604952563704,0.0
Rorb-IRES2-Cre-D_Ai14-201967-03-01-01_496123870_m,principal,2520.6318336902204,17,25,8,458.8741680460995,2477.23726272583,17,25,8,458.8741760253906,17,40.0,499.8560000244524,46.762408215038406,2473.8694254751817,1104.860486207155
Scnn1a-Tg2-Cre_Ai14-173240-03-02-01_491770179_m,principal,3324.6809842928315,32,42,10,494.36810763280886,3273.815158843994,32,42,10,494.3714294433594,31,40.0,538.5419133649873,122.32853793471924,3202.3524463581116,976.0104472586147
Scnn1a-Tg3-Cre_Ai14-172530-06-01-01_492413272_m,interneuron,3616.082787666526,35,42,7,507.60806967580805,3572.2692108154297,35,42,7,507.6080627441406,32,40.0,590.2860014496927,105.9426869079959,3510.1401007585305,1762.475922562864
Scnn1a-Tg3-Cre_Ai14-187849-06-02-01_491392799_m,interneuron,2592.1773867311463,25,33,8,386.6652584600794,2555.96577835083,25,33,8,386.6652526855469,26,40.0,400.4600812320803,42.221532614110195,2549.955854117036,1138.7137887057058
Scnn1a-Tg3-Cre_Ai14_IVSCC_-187852-04-02-01_484775243_m,interneuron,3773.2259100641995,31,40,9,476.9201423485674,3722.09029006958,31,40,9,476.920654296875,27,40.0,555.4693649972464,69.05079350273826,3704.1751165614614,1757.9554374431673
Scnn1a-Tg3-Cre_Ai14-187852-05-02-01_491392856_m,interneuron,2641.087719604277,23,32,9,308.3657129124443,2589.528030395508,23,32,9,308.36572265625,22,40.0,356.7224925781538,97.9054332503493,2543.1822863539282,728.7753538314222
Sst-IRES-Cre_Ai14-182533-04-02-01_491119394_m,interneuron,17055.397439912384,156,166,10,772.9929046246156,16997.564418792725,156,166,10,772.992919921875,49,100.0,883.2134265701407,15352.585080040968,1702.8123598714135,0.0
Sst-IRES-Cre_Ai14-202480-03-02-01_491392879_m,principal,3432.3591254391476,30,41,11,389.0888421399125,3380.430000305176,30,41,11,389.09210205078125,23,40.0,478.4506075400005,26.350483246661376,3406.008642192486,1909.1843365271247
Sst-IRES-Cre_Ai14-202726-05-02-01_496123885_m,principal,1206.2307517760978,7,14,7,219.47997362452506,1170.3935203552246,7,14,7,219.48248291015625,11,20.0,260.4713870254142,70.03724139930569,1136.193510376792,0.0
Sst-IRES-Cre_Ai14-202729-03-02-01_496079506_m,principal,2232.07633795485,20,26,6,257.73085399307547,2194.9748916625977,20,26,6,251.20252990722656,14,80.0,294.9112721837757,46.3504233631838,2185.725914591666,0.0
Sst-IRES-Cre-197628-06-02-01_500912289_m,principal,11235.634309028643,102,108,6,691.9658417789775,11200.90658569336,102,108,6,691.9703979492188,24,100.0,811.5585611268383,8615.99639179323,2619.6379172354127,0.0
Ctgf-2A-dgCre_Ai14_IVSCC_-229234-03-01-01_541532414_m,principal,3596.185639913172,25,32,7,637.7677757616796,3556.1476726531982,25,32,7,637.7677612304688,15,60.0,667.1484972066888,26.723326987432774,3569.4623129257398,2420.3836414353173
Ctgf-2A-dgCre_Ai14_IVSCC_-237291-05-02-01_527110368_m,principal,2967.828993580636,17,21,4,356.00469442909815,2942.5778675079346,17,21,4,356.0020751953125,10,100.0,451.81486384129425,29.610794515281675,2938.2181990653544,1965.5843830416993
Ctgf-2A-dgCre_Ai14_IVSCC_-244244-04-02-01_541532394_m,principal,1756.5522111786365,9,18,9,342.2007787022765,1682.151117324829,9,18,9,342.2041015625,10,20.0,377.95205222078766,32.02004448672692,1724.5321666919099,754.4070718234167
Ctgf-2A-dgCre_Ai14_IVSCC_-244246-05-01-01_537042261_m,principal,3636.532453987582,21,26,5,373.65688473666734,3605.1543684005737,21,26,5,373.65789794921875,20,100.0,443.13863419039654,20.948911823449855,3615.583542164132,1316.7023031121894
Ctgf-2A-dgCre_Ai14_IVSCC_-252900-03-01-01_543107196_m,principal,3324.5882878626635,24,31,7,440.8693144736254,3268.872275352478,24,31,7,440.8725280761719,14,20.0,514.4137469345637,19.965619607764488,3304.6226682548995,2303.6515005187275
Nr5a1-Cre_Ai14-177334-05-02-01_527109106_m,principal,2503.7404935385903,24,31,7,374.74024630402323,2457.9750213623047,24,31,7,374.7402648925781,23,40.0,386.8000203031962,0.0,2503.7404935385907,1154.6806122729881
Nr5a1-Cre_Ai14-237790-03-01-01_519262122_m,principal,3260.4203708806153,32,39,7,353.6033944972814,3212.1703128814697,32,39,7,353.6033935546875,26,40.0,417.11203343430003,30.425766220400714,3229.9946046602145,1193.7497583083139
Ntsr1-Cre_Ai14-214922-03-02-01_508278663_m,principal,3857.4281787810896,30,35,5,756.5063121349352,3828.1237506866455,30,35,5,756.50634765625,18,40.0,791.4466720741628,31.37292952442233,3826.055249256667,2519.391119873946
Ntsr1-Cre_Ai14-214926-04-02-01_505206400_m,interneuron,10532.750044501474,112,119,7,310.4374226080927,10475.407745361328,112,119,7,310.43402099609375,64,60.0,796.8250996961665,7949.007960574343,2583.74208392713,0.0
Ntsr1-Cre_Ai14-232201-04-02-01_519262087_m,principal,3518.602759750272,27,35,8,769.0396245462402,3473.18318939209,27,35,8,769.0330200195312,20,80.0,809.4620534210675,24.338874010470818,3494.2638857398015,2025.6043201006257
Ntsr1-Cre_Ai14-232206-04-01-01_519262435_m,principal,3286.558536097328,13,19,6,476.4696620982284,3231.8885498046875,13,19,6,476.46966552734375,10,40.0,574.9280399417154,49.53398194321641,3237.024554154112,1782.8954999423504
Ntsr1-Cre_Ai14-235627-04-01-01_541514449_m,principal,3008.422377562437,20,27,7,519.1471388729789,2966.6879863739014,20,27,7,519.1470947265625,13,20.0,555.3303672643026,21.924533167663256,2986.497844394774,1861.453508427796
Ntsr1-Cre_Ai14-244448-05-01-01_537044880_m,principal,4152.473940902967,39,44,5,828.9769594506231,4118.009916305542,39,44,5,828.9769897460938,22,40.0,916.9980175480722,28.1542818139337,4124.319659089034,2651.835496146069
Ntsr1-Cre_Ai14-244454-03-01-01_537047495_m,principal,2891.1682265097106,21,27,6,713.2820562021732,2844.9547729492188,21,27,6,713.2820434570312,16,60.0,783.2549559174424,152.54526209938575,2738.622964410325,1922.0478305866732
Pvalb-IRES-Cre_Ai14-209764-03-02-01_510121190_m,interneuron,28316.528197360403,377,385,8,424.4973741706511,28244.451820373535,377,385,8,424.4940490722656,91,280.0,1594.4595068766278,24922.425679560984,3394.1025177994197,0.0
Pvalb-IRES-Cre_Ai14-215471-02-01-01_514342400_m,interneuron,14019.772346651618,163,170,7,552.1628417213329,13969.613864898682,163,170,7,552.1657104492188,40,80.0,833.1600090012463,11831.397020423174,2188.375326228444,0.0
Rbp4-Cre_KL100_Ai14-204744-04-02-01_508279020_m,principal,5589.508945517806,62,70,8,599.4602874252806,5542.488674163818,62,70,8,599.4603271484375,31,40.0,750.3876265442342,26.502682213371013,5563.006263304435,3537.9738511382643
Rbp4-Cre_KL100_Ai14-205727-02-02-01_512328534_m,principal,4743.019334850096,50,59,9,520.8467958260109,4695.660118103027,50,59,9,520.8491821289062,29,40.0,631.8885758018538,50.135486157415926,4692.883848692682,2838.0291869342923
Rbp4-Cre_KL100_Ai14-211533-05-02-01_505206420_m,principal,4496.752571293722,43,55,12,485.25307129373226,4415.2578201293945,43,55,12,485.2530517578125,35,40.0,524.674567155505,64.2165655520397,4432.536005741682,2352.7901032646387
Rbp4-Cre_KL100_Ai14-215300-03-02-01_510979132_m,principal,6863.341270719404,79,87,8,606.1606136807123,6813.302478790283,79,87,8,606.1638793945312,40,60.0,752.1068781028176,50.906913391393715,6812.434357328011,4496.15287282172
Rorb-IRES2-Cre-D_Ai14-188705-03-01-01_508278933_m,principal,3399.5805898110616,34,43,9,488.52950929862527,3345.7479095458984,34,43,9,488.5260314941406,21,40.0,520.2482198028823,38.47016931341122,3361.110420497651,1663.301411318062
Rorb-IRES2-Cre-D_Ai14-189122-05-01-01_508278755_m,principal,3081.222653610038,30,38,8,368.97599223315933,3025.9697971343994,30,38,8,368.9727783203125,21,40.0,479.16002073193926,25.82694144544415,3055.3957121645935,1725.9966796062947
Rorb-IRES2-Cre-D_Ai14-204764-03-02-01_510989433_m,principal,3734.6939520596243,30,39,9,496.09604977262217,3687.9693298339844,30,39,9,494.5357971191406,25,40.0,559.2397208307779,35.597934247943876,3699.09601781168,1553.7675912694267
Sst-IRES-Cre_Ai14-188742-03-01-01_508278879_m,interneuron,1185.247742381538,9,15,6,226.52321119724377,1156.7236394882202,9,15,6,226.52378845214844,10,40.0,245.66974197696615,13.708505784171827,1171.5392365973662,0.0
H15-06-017-03-03-01_623320281_m,interneuron,24074.40203709435,117,123,6,623.9427130131597,24037.485710144043,117,123,6,623.9360961914062,62,160.0,3045.626042132483,20090.774776419228,3983.62726067512,0.0
H16-03-002-01-03-03_559391969_m,principal,15917.63504267525,103,110,7,748.0439043933185,15841.539428710938,103,110,7,748.0438842773438,52,100.0,888.3489141627224,4935.254409250594,10982.380633424656,5690.715524646559
H16-03-002-01-06-01_549379618_m,principal,12422.146424863531,89,97,8,865.594407804384,12353.036651611328,89,97,8,865.6009521484375,50,100.0,948.4267765391752,2702.3175457248535,9719.82887913868,4981.466718567471
H16-03-006-01-04-03_563818992_m,principal,18149.325665708006,89,97,8,626.1391587339032,18096.104038238525,89,97,8,626.13916015625,59,100.0,962.344944585755,6438.318838099942,11711.006827608066,6956.049296160709
H16-06-004-01-04-03_582653919_m,principal,13395.591107184124,78,85,7,677.9569411843204,13336.966781616211,78,85,7,677.9569702148438,48,100.0,1235.0078281307651,6716.201149846242,6679.389957337882,3682.9961941136753
H16-06-007-01-05-02_580259877_m,principal,37915.0717612548,150,156,6,1378.9639568168561,37862.11218261719,150,156,6,1378.9639892578125,94,140.0,1521.701771894083,21879.856533243485,16035.215228011319,8330.114428910327
H16-06-007-01-07-04_582653938_m,principal,15621.617818829744,119,125,6,698.0986767960848,15576.817108154297,119,125,6,698.0980224609375,49,100.0,893.3156413326687,8809.412194158167,6812.205624671576,4887.57057105193
H16-06-008-01-20-05_559391889_m,principal,10231.402788945614,64,70,6,1054.334414358177,10182.300201416016,64,70,6,1054.33447265625,28,80.0,1339.0939520880795,4509.744724716489,5721.658064229125,3230.225873638107
H16-06-008-01-24-03_554337660_m,principal,9093.469758239367,78,84,6,891.2286075973998,9054.380676269531,78,84,6,891.2286376953125,33,40.0,1109.4143194127287,6191.644890092932,2901.824868146435,1834.4639728128004
H16-06-008-01-25-03_606834575_m,principal,9621.9727685277,59,66,7,588.097219003797,9554.230194091797,59,66,7,588.0972290039062,45,80.0,711.9062342761127,515.1333355991752,9106.839432928526,3756.2866186510664
H16-06-009-01-01-04-02_595952514_m,principal,8172.436795715496,44,52,8,1368.7285928716637,8086.975402832031,44,52,8,1368.73193359375,27,60.0,1503.4388185093894,1515.0119671307075,6657.424828584788,4689.8366627842315
H16-06-010-01-01-10-02_563181452_m,principal,26223.153724637654,80,85,5,1119.7207876073392,26179.560119628906,80,85,5,1119.720703125,54,160.0,2016.741220347128,17136.53307777356,9086.620646864092,4425.212984517661
H16-06-010-01-02-18-02_572836713_m,principal,17885.07575176392,103,110,7,676.916705511099,17821.743041992188,103,110,7,676.9166870117188,58,100.0,793.9537745174716,4554.918263430833,13330.157488333087,7738.221818873566
H16-06-011-01-01-05-01_563181391_m,interneuron,45982.805437239425,219,226,7,752.2583139380308,45931.141246795654,219,226,7,752.2590942382812,76,340.0,1919.6820044491228,42379.53438829203,3603.271048947405,0.0
H16-06-012-11-08-04_572837072_m,principal,31253.87770240849,141,150,9,1089.8871393150964,31175.395446777344,141,150,9,1089.8865966796875,83,80.0,1360.2906628489056,16920.569442665896,14333.308259742593,7771.164107533735
H17-03-002-11-03-01_591274394_m,principal,10187.843044041809,53,60,7,1032.1301244298393,10145.935974121094,53,60,7,1032.126708984375,30,100.0,1113.4602690665806,4868.298029113768,5319.54501492804,3425.9267992999753
H17-03-002-11-04-02_596792557_m,principal,4426.160471897405,20,26,6,892.9925160442897,4391.239784240723,20,26,6,892.9891357421875,15,60.0,929.8385628607407,727.1170371871038,3699.043434710302,2809.7717033123886
H17-06-005-12-10-07_605485535_m,principal,6308.099459940945,49,54,5,339.2780364244052,6280.943878173828,49,54,5,339.2780456542969,28,100.0,771.2006863321901,3835.8517015636266,2472.2477583773184,1771.950672358203
H17-06-005-12-12-03_603514493_m,interneuron,9673.974726415734,61,65,4,432.42237050262685,9649.953456878662,61,65,4,432.42559814453125,32,120.0,1025.6609800620292,7459.937691846405,2214.037034569331,0.0
H17-06-005-13-05-02_584238107_m,principal,8974.464695269788,47,52,5,1020.3850223758133,8939.446701049805,47,52,5,1020.3917236328125,24,140.0,1285.3256214664104,4514.079871563135,4460.384823706653,3332.2544120105777
H17-06-006-11-08-07_587405674_m,interneuron,4402.7763397728795,16,24,8,350.41640329756257,4347.02970123291,16,24,8,350.4164123535156,19,40.0,456.3633669654425,269.4992673305318,4133.277072442348,0.0
H17-06-006-11-08-08_601946464_m,principal,14022.70715236028,194,201,7,313.0526169831519,13978.338150024414,194,201,7,313.0526428222656,71,100.0,631.2209497308303,11197.501145174221,2825.2060071860583,0.0
H17-06-007-11-05-05_601947715_m,principal,4217.548831974851,15,19,4,550.9930821707292,4191.47279548645,15,19,4,550.9930419921875,12,100.0,651.6481502271689,28.709341183365105,4188.839490791486,2746.0603035062513
H17-06-007-11-08-01_610882075_m,interneuron,4225.376886927308,33,42,9,262.3173333960225,4159.5671463012695,33,42,9,262.31732177734375,32,60.0,314.9368945536694,123.04071046934754,4102.33617645796,0.0
H17-06-009-11-04-04_614429153_m,principal,10221.021546410568,210,216,6,378.906805677714,10184.051773071289,210,216,6,378.908935546875,79,60.0,638.35248451727,7957.7895452487965,2263.2320011617708,0.0
