pair,section,cluster_method,seed,arm,ari
151507_151508,151507,kmeans,0,2D-separate,0.3092882238136636
151507_151508,151508,kmeans,0,2D-separate,0.3376722970452888
151507_151508,151507,kmeans,0,2D-joint,0.3192948395980375
151507_151508,151508,kmeans,0,2D-joint,0.3466057984317515
151507_151508,151507,kmeans,0,2D-joint-k9,0.3376236508830188
151507_151508,151508,kmeans,0,2D-joint-k9,0.3562263528934663
151507_151508,151507,kmeans,0,2D-joint-k10,0.3295958434892545
151507_151508,151508,kmeans,0,2D-joint-k10,0.360670847619471
151507_151508,151507,kmeans,0,3D-joint,0.3481162830485771
151507_151508,151508,kmeans,0,3D-joint,0.3357481409613356
151507_151508,151507,kmeans,1,2D-separate,0.3139592217907854
151507_151508,151508,kmeans,1,2D-separate,0.343511544040526
151507_151508,151507,kmeans,1,2D-joint,0.3152866952345565
151507_151508,151508,kmeans,1,2D-joint,0.3378808817391835
151507_151508,151507,kmeans,1,2D-joint-k9,0.3346051093679642
151507_151508,151508,kmeans,1,2D-joint-k9,0.3472071053676027
151507_151508,151507,kmeans,1,2D-joint-k10,0.3260595919172189
151507_151508,151508,kmeans,1,2D-joint-k10,0.3525227043008823
151507_151508,151507,kmeans,1,3D-joint,0.3455211782277977
151507_151508,151508,kmeans,1,3D-joint,0.3330883535562486
151507_151508,151507,kmeans,2,2D-separate,0.3140715970763746
151507_151508,151508,kmeans,2,2D-separate,0.3384369423112081
151507_151508,151507,kmeans,2,2D-joint,0.3202946118090256
151507_151508,151508,kmeans,2,2D-joint,0.3452958641869473
151507_151508,151507,kmeans,2,2D-joint-k9,0.3285104989655354
151507_151508,151508,kmeans,2,2D-joint-k9,0.3496846268863585
151507_151508,151507,kmeans,2,2D-joint-k10,0.309990383193316
151507_151508,151508,kmeans,2,2D-joint-k10,0.3539648662393435
151507_151508,151507,kmeans,2,3D-joint,0.3498892166036174
151507_151508,151508,kmeans,2,3D-joint,0.3383003792912673
151507_151508,151507,kmeans,3,2D-separate,0.3087731031110909
151507_151508,151508,kmeans,3,2D-separate,0.3301421550931678
151507_151508,151507,kmeans,3,2D-joint,0.3111954061933828
151507_151508,151508,kmeans,3,2D-joint,0.3406466965177345
151507_151508,151507,kmeans,3,2D-joint-k9,0.3110568882313761
151507_151508,151508,kmeans,3,2D-joint-k9,0.3501633792941674
151507_151508,151507,kmeans,3,2D-joint-k10,0.3084545324663995
151507_151508,151508,kmeans,3,2D-joint-k10,0.3513666241675186
151507_151508,151507,kmeans,3,3D-joint,0.3486215086626295
151507_151508,151508,kmeans,3,3D-joint,0.3343903465831838
151507_151508,151507,kmeans,4,2D-separate,0.3082950205304354
151507_151508,151508,kmeans,4,2D-separate,0.3379846706993955
151507_151508,151507,kmeans,4,2D-joint,0.3159094608010543
151507_151508,151508,kmeans,4,2D-joint,0.3625417965815964
151507_151508,151507,kmeans,4,2D-joint-k9,0.3321573252444056
151507_151508,151508,kmeans,4,2D-joint-k9,0.3584742183713088
151507_151508,151507,kmeans,4,2D-joint-k10,0.3164875662247746
151507_151508,151508,kmeans,4,2D-joint-k10,0.3579255674049155
151507_151508,151507,kmeans,4,3D-joint,0.3507041416278368
151507_151508,151508,kmeans,4,3D-joint,0.3405068043304776
151507_151508,151507,gmm,0,2D-separate,0.3878882795801248
151507_151508,151508,gmm,0,2D-separate,0.3045713791689292
151507_151508,151507,gmm,0,2D-joint,0.3346549520759663
151507_151508,151508,gmm,0,2D-joint,0.3382228283485696
151507_151508,151507,gmm,0,2D-joint-k9,0.2978738298174948
151507_151508,151508,gmm,0,2D-joint-k9,0.3174040666700149
151507_151508,151507,gmm,0,2D-joint-k10,0.3015721139432235
151507_151508,151508,gmm,0,2D-joint-k10,0.3141990496237046
151507_151508,151507,gmm,0,3D-joint,0.3514575785040761
151507_151508,151508,gmm,0,3D-joint,0.3178079630871817
151507_151508,151507,gmm,1,2D-separate,0.4284488705858668
151507_151508,151508,gmm,1,2D-separate,0.3072517457716808
151507_151508,151507,gmm,1,2D-joint,0.3378214278616926
151507_151508,151508,gmm,1,2D-joint,0.3348403925690369
151507_151508,151507,gmm,1,2D-joint-k9,0.3031774718062473
151507_151508,151508,gmm,1,2D-joint-k9,0.3232792394355291
151507_151508,151507,gmm,1,2D-joint-k10,0.3083590060088685
151507_151508,151508,gmm,1,2D-joint-k10,0.3149763138056296
151507_151508,151507,gmm,1,3D-joint,0.3542329348475497
151507_151508,151508,gmm,1,3D-joint,0.3420301306991528
151507_151508,151507,gmm,2,2D-separate,0.3508017623787949
151507_151508,151508,gmm,2,2D-separate,0.2993254568150504
151507_151508,151507,gmm,2,2D-joint,0.2877649180854457
151507_151508,151508,gmm,2,2D-joint,0.3171116282076024
151507_151508,151507,gmm,2,2D-joint-k9,0.2869982386584211
151507_151508,151508,gmm,2,2D-joint-k9,0.3098820538852524
151507_151508,151507,gmm,2,2D-joint-k10,0.2896825522521766
151507_151508,151508,gmm,2,2D-joint-k10,0.3199697810156448
151507_151508,151507,gmm,2,3D-joint,0.3492141951245116
151507_151508,151508,gmm,2,3D-joint,0.323143020756312
151507_151508,151507,gmm,3,2D-separate,0.3731650725666324
151507_151508,151508,gmm,3,2D-separate,0.3004443115244112
151507_151508,151507,gmm,3,2D-joint,0.3319351455908717
151507_151508,151508,gmm,3,2D-joint,0.3211834539690152
151507_151508,151507,gmm,3,2D-joint-k9,0.3411275781650161
151507_151508,151508,gmm,3,2D-joint-k9,0.3403948276822223
151507_151508,151507,gmm,3,2D-joint-k10,0.3065792567026001
151507_151508,151508,gmm,3,2D-joint-k10,0.3241376802670061
151507_151508,151507,gmm,3,3D-joint,0.3523314144994629
151507_151508,151508,gmm,3,3D-joint,0.3404788851801415
151507_151508,151507,gmm,4,2D-separate,0.4003825650045836
151507_151508,151508,gmm,4,2D-separate,0.3741548022205534
151507_151508,151507,gmm,4,2D-joint,0.2891983848491503
151507_151508,151508,gmm,4,2D-joint,0.3291480842572168
151507_151508,151507,gmm,4,2D-joint-k9,0.281341004495287
151507_151508,151508,gmm,4,2D-joint-k9,0.3163579897845973
151507_151508,151507,gmm,4,2D-joint-k10,0.3049250330506481
151507_151508,151508,gmm,4,2D-joint-k10,0.3223815544967288
151507_151508,151507,gmm,4,3D-joint,0.3808717180850938
151507_151508,151508,gmm,4,3D-joint,0.362572667000786
151509_151510,151509,kmeans,0,2D-separate,0.3009833008529949
151509_151510,151510,kmeans,0,2D-separate,0.3241036475280787
151509_151510,151509,kmeans,0,2D-joint,0.3041052990010502
151509_151510,151510,kmeans,0,2D-joint,0.3115326689976647
151509_151510,151509,kmeans,0,2D-joint-k9,0.3123081829657144
151509_151510,151510,kmeans,0,2D-joint-k9,0.319078037836042
151509_151510,151509,kmeans,0,2D-joint-k10,0.3108599079694032
151509_151510,151510,kmeans,0,2D-joint-k10,0.3133247625462405
151509_151510,151509,kmeans,0,3D-joint,0.2900043049770061
151509_151510,151510,kmeans,0,3D-joint,0.3190803554906589
151509_151510,151509,kmeans,1,2D-separate,0.2997109562269163
151509_151510,151510,kmeans,1,2D-separate,0.3233238189909138
151509_151510,151509,kmeans,1,2D-joint,0.3046962487782296
151509_151510,151510,kmeans,1,2D-joint,0.313828966327347
151509_151510,151509,kmeans,1,2D-joint-k9,0.3112869761872134
151509_151510,151510,kmeans,1,2D-joint-k9,0.3195162332296777
151509_151510,151509,kmeans,1,2D-joint-k10,0.3102319528635464
151509_151510,151510,kmeans,1,2D-joint-k10,0.3148074160455735
151509_151510,151509,kmeans,1,3D-joint,0.2913163786429102
151509_151510,151510,kmeans,1,3D-joint,0.3197697827094955
151509_151510,151509,kmeans,2,2D-separate,0.3032812397655531
151509_151510,151510,kmeans,2,2D-separate,0.3205025586833356
151509_151510,151509,kmeans,2,2D-joint,0.3084508145427826
151509_151510,151510,kmeans,2,2D-joint,0.3162076871319605
151509_151510,151509,kmeans,2,2D-joint-k9,0.3131932159766112
151509_151510,151510,kmeans,2,2D-joint-k9,0.3221820720752121
151509_151510,151509,kmeans,2,2D-joint-k10,0.3047714084801193
151509_151510,151510,kmeans,2,2D-joint-k10,0.3055562109525185
151509_151510,151509,kmeans,2,3D-joint,0.2947201974723989
151509_151510,151510,kmeans,2,3D-joint,0.3249501092706952
151509_151510,151509,kmeans,3,2D-separate,0.2988841863445295
151509_151510,151510,kmeans,3,2D-separate,0.3217512763039084
151509_151510,151509,kmeans,3,2D-joint,0.3077573356049362
151509_151510,151510,kmeans,3,2D-joint,0.3110195926466766
151509_151510,151509,kmeans,3,2D-joint-k9,0.3243003679286736
151509_151510,151510,kmeans,3,2D-joint-k9,0.3111231841496468
151509_151510,151509,kmeans,3,2D-joint-k10,0.312608700955971
151509_151510,151510,kmeans,3,2D-joint-k10,0.3165087917018246
151509_151510,151509,kmeans,3,3D-joint,0.2945640895399173
151509_151510,151510,kmeans,3,3D-joint,0.3238485235434727
151509_151510,151509,kmeans,4,2D-separate,0.301175285905899
151509_151510,151510,kmeans,4,2D-separate,0.326465517185958
151509_151510,151509,kmeans,4,2D-joint,0.3052313243489451
151509_151510,151510,kmeans,4,2D-joint,0.3107848630829983
151509_151510,151509,kmeans,4,2D-joint-k9,0.3131625228170283
151509_151510,151510,kmeans,4,2D-joint-k9,0.3212276935244541
151509_151510,151509,kmeans,4,2D-joint-k10,0.3047407795303977
151509_151510,151510,kmeans,4,2D-joint-k10,0.3016322370063368
151509_151510,151509,kmeans,4,3D-joint,0.2932897587211492
151509_151510,151510,kmeans,4,3D-joint,0.3225449779699518
151509_151510,151509,gmm,0,2D-separate,0.3199114560724426
151509_151510,151510,gmm,0,2D-separate,0.3200234110507052
151509_151510,151509,gmm,0,2D-joint,0.343643320448872
151509_151510,151510,gmm,0,2D-joint,0.3274354793817723
151509_151510,151509,gmm,0,2D-joint-k9,0.3475339580074289
151509_151510,151510,gmm,0,2D-joint-k9,0.337643233611919
151509_151510,151509,gmm,0,2D-joint-k10,0.3459129070769409
151509_151510,151510,gmm,0,2D-joint-k10,0.3398360722585896
151509_151510,151509,gmm,0,3D-joint,0.3337538962049168
151509_151510,151510,gmm,0,3D-joint,0.331649599977123
151509_151510,151509,gmm,1,2D-separate,0.3151768883426868
151509_151510,151510,gmm,1,2D-separate,0.3190477574895163
151509_151510,151509,gmm,1,2D-joint,0.3341583573663424
151509_151510,151510,gmm,1,2D-joint,0.3252591350742611
151509_151510,151509,gmm,1,2D-joint-k9,0.3545191980654049
151509_151510,151510,gmm,1,2D-joint-k9,0.3430423969678448
151509_151510,151509,gmm,1,2D-joint-k10,0.3512131219422194
151509_151510,151510,gmm,1,2D-joint-k10,0.3455471806807452
151509_151510,151509,gmm,1,3D-joint,0.3350242025307698
151509_151510,151510,gmm,1,3D-joint,0.3285785279957205
151509_151510,151509,gmm,2,2D-separate,0.3069434067824451
151509_151510,151510,gmm,2,2D-separate,0.3264586021059432
151509_151510,151509,gmm,2,2D-joint,0.3390437698067202
151509_151510,151510,gmm,2,2D-joint,0.3240969279378737
151509_151510,151509,gmm,2,2D-joint-k9,0.3429468215001846
151509_151510,151510,gmm,2,2D-joint-k9,0.3300274321030672
151509_151510,151509,gmm,2,2D-joint-k10,0.3508185060951858
151509_151510,151510,gmm,2,2D-joint-k10,0.3413739095626076
151509_151510,151509,gmm,2,3D-joint,0.3369189652253503
151509_151510,151510,gmm,2,3D-joint,0.3298131699172922
151509_151510,151509,gmm,3,2D-separate,0.3157841540545762
151509_151510,151510,gmm,3,2D-separate,0.3290084191692387
151509_151510,151509,gmm,3,2D-joint,0.3227757342812295
151509_151510,151510,gmm,3,2D-joint,0.3128056946717459
151509_151510,151509,gmm,3,2D-joint-k9,0.3547697546884844
151509_151510,151510,gmm,3,2D-joint-k9,0.340315044901842
151509_151510,151509,gmm,3,2D-joint-k10,0.3424511184457119
151509_151510,151510,gmm,3,2D-joint-k10,0.3280225993345357
151509_151510,151509,gmm,3,3D-joint,0.3367512265384684
151509_151510,151510,gmm,3,3D-joint,0.3256541022059895
151509_151510,151509,gmm,4,2D-separate,0.33166156734172
151509_151510,151510,gmm,4,2D-separate,0.3328703346449538
151509_151510,151509,gmm,4,2D-joint,0.3350691267898683
151509_151510,151510,gmm,4,2D-joint,0.3162907427712175
151509_151510,151509,gmm,4,2D-joint-k9,0.3422524631047132
151509_151510,151510,gmm,4,2D-joint-k9,0.3296006945386122
151509_151510,151509,gmm,4,2D-joint-k10,0.3461709138378543
151509_151510,151510,gmm,4,2D-joint-k10,0.3344174670431452
151509_151510,151509,gmm,4,3D-joint,0.3312014321318467
151509_151510,151510,gmm,4,3D-joint,0.325487683014903
151669_151670,151669,kmeans,0,2D-separate,0.2286216006310859
151669_151670,151670,kmeans,0,2D-separate,0.3469095421504382
151669_151670,151669,kmeans,0,2D-joint,0.2106367269313648
151669_151670,151670,kmeans,0,2D-joint,0.2651418892183315
151669_151670,151669,kmeans,0,2D-joint-k9,0.2109327353093064
151669_151670,151670,kmeans,0,2D-joint-k9,0.2649549723267826
151669_151670,151669,kmeans,0,2D-joint-k10,0.241444003238019
151669_151670,151670,kmeans,0,2D-joint-k10,0.3781284691340537
151669_151670,151669,kmeans,0,3D-joint,0.318145798299986
151669_151670,151670,kmeans,0,3D-joint,0.2854931270552357
151669_151670,151669,kmeans,1,2D-separate,0.2263514550839987
151669_151670,151670,kmeans,1,2D-separate,0.3463550490456186
151669_151670,151669,kmeans,1,2D-joint,0.2412784766742087
151669_151670,151670,kmeans,1,2D-joint,0.3746506531468488
151669_151670,151669,kmeans,1,2D-joint-k9,0.2444840358161697
151669_151670,151670,kmeans,1,2D-joint-k9,0.3791259016261427
151669_151670,151669,kmeans,1,2D-joint-k10,0.2421643978666128
151669_151670,151670,kmeans,1,2D-joint-k10,0.3798683551489775
151669_151670,151669,kmeans,1,3D-joint,0.3163674891101
151669_151670,151670,kmeans,1,3D-joint,0.2862968104055445
151669_151670,151669,kmeans,2,2D-separate,0.2335057012303544
151669_151670,151670,kmeans,2,2D-separate,0.3509915487725951
151669_151670,151669,kmeans,2,2D-joint,0.2446238022511666
151669_151670,151670,kmeans,2,2D-joint,0.3741243802826403
151669_151670,151669,kmeans,2,2D-joint-k9,0.2429484119375274
151669_151670,151670,kmeans,2,2D-joint-k9,0.3826926565030052
151669_151670,151669,kmeans,2,2D-joint-k10,0.2430631926965368
151669_151670,151670,kmeans,2,2D-joint-k10,0.383922643562279
151669_151670,151669,kmeans,2,3D-joint,0.3168318798104939
151669_151670,151670,kmeans,2,3D-joint,0.2850356241742785
151669_151670,151669,kmeans,3,2D-separate,0.2285151370564461
151669_151670,151670,kmeans,3,2D-separate,0.3440351974091168
151669_151670,151669,kmeans,3,2D-joint,0.2471407457978482
151669_151670,151670,kmeans,3,2D-joint,0.3784637168554026
151669_151670,151669,kmeans,3,2D-joint-k9,0.242910238106679
151669_151670,151670,kmeans,3,2D-joint-k9,0.3840123101004154
151669_151670,151669,kmeans,3,2D-joint-k10,0.2429620081168226
151669_151670,151670,kmeans,3,2D-joint-k10,0.3809587845004141
151669_151670,151669,kmeans,3,3D-joint,0.3148793117530518
151669_151670,151670,kmeans,3,3D-joint,0.2833510822339684
151669_151670,151669,kmeans,4,2D-separate,0.3296946558989491
151669_151670,151670,kmeans,4,2D-separate,0.3443457202715342
151669_151670,151669,kmeans,4,2D-joint,0.2431976835409723
151669_151670,151670,kmeans,4,2D-joint,0.3752598790148155
151669_151670,151669,kmeans,4,2D-joint-k9,0.2430429799150197
151669_151670,151670,kmeans,4,2D-joint-k9,0.3794514218316232
151669_151670,151669,kmeans,4,2D-joint-k10,0.2425163050489139
151669_151670,151670,kmeans,4,2D-joint-k10,0.3819868002927024
151669_151670,151669,kmeans,4,3D-joint,0.3643352034785415
151669_151670,151670,kmeans,4,3D-joint,0.3431531242082457
151669_151670,151669,gmm,0,2D-separate,0.2066853495200201
151669_151670,151670,gmm,0,2D-separate,0.3223003877252577
151669_151670,151669,gmm,0,2D-joint,0.2186808582743207
151669_151670,151670,gmm,0,2D-joint,0.2200627267209666
151669_151670,151669,gmm,0,2D-joint-k9,0.323045252125556
151669_151670,151670,gmm,0,2D-joint-k9,0.3209456309404018
151669_151670,151669,gmm,0,2D-joint-k10,0.1932914820120745
151669_151670,151670,gmm,0,2D-joint-k10,0.1966495410674349
151669_151670,151669,gmm,0,3D-joint,0.3287322096270488
151669_151670,151670,gmm,0,3D-joint,0.3232272456679995
151669_151670,151669,gmm,1,2D-separate,0.2294370729536734
151669_151670,151670,gmm,1,2D-separate,0.2102390435667684
151669_151670,151669,gmm,1,2D-joint,0.2772517145003681
151669_151670,151670,gmm,1,2D-joint,0.2824341374474506
151669_151670,151669,gmm,1,2D-joint-k9,0.3123739245365109
151669_151670,151670,gmm,1,2D-joint-k9,0.323846866632773
151669_151670,151669,gmm,1,2D-joint-k10,0.3120760271705701
151669_151670,151670,gmm,1,2D-joint-k10,0.324992802777733
151669_151670,151669,gmm,1,3D-joint,0.3262897046197928
151669_151670,151670,gmm,1,3D-joint,0.3172088881864038
151669_151670,151669,gmm,2,2D-separate,0.3385989617706331
151669_151670,151670,gmm,2,2D-separate,0.2123336202498399
151669_151670,151669,gmm,2,2D-joint,0.2311259577829158
151669_151670,151670,gmm,2,2D-joint,0.2336996464612506
151669_151670,151669,gmm,2,2D-joint-k9,0.2227859360699935
151669_151670,151670,gmm,2,2D-joint-k9,0.2276507237579497
151669_151670,151669,gmm,2,2D-joint-k10,0.3394204573116279
151669_151670,151670,gmm,2,2D-joint-k10,0.3510219588070323
151669_151670,151669,gmm,2,3D-joint,0.2983649901122384
151669_151670,151670,gmm,2,3D-joint,0.2515555305029874
151669_151670,151669,gmm,3,2D-separate,0.3201589667669563
151669_151670,151670,gmm,3,2D-separate,0.3432605301013723
151669_151670,151669,gmm,3,2D-joint,0.3114237778038314
151669_151670,151670,gmm,3,2D-joint,0.3348051842282311
151669_151670,151669,gmm,3,2D-joint-k9,0.2034872455382116
151669_151670,151670,gmm,3,2D-joint-k9,0.2060215924055315
151669_151670,151669,gmm,3,2D-joint-k10,0.3201342567036351
151669_151670,151670,gmm,3,2D-joint-k10,0.3253137301085202
151669_151670,151669,gmm,3,3D-joint,0.2964581094524783
151669_151670,151670,gmm,3,3D-joint,0.2649953982216989
151669_151670,151669,gmm,4,2D-separate,0.316835489722557
151669_151670,151670,gmm,4,2D-separate,0.3498273246550223
151669_151670,151669,gmm,4,2D-joint,0.2289715127674318
151669_151670,151670,gmm,4,2D-joint,0.2339945188541176
151669_151670,151669,gmm,4,2D-joint-k9,0.3197497605389218
151669_151670,151670,gmm,4,2D-joint-k9,0.3269159538353499
151669_151670,151669,gmm,4,2D-joint-k10,0.3160805533201086
151669_151670,151670,gmm,4,2D-joint-k10,0.3200868776803206
151669_151670,151669,gmm,4,3D-joint,0.2170573480038247
151669_151670,151670,gmm,4,3D-joint,0.1863488963284162
151671_151672,151671,kmeans,0,2D-separate,0.3567821114760431
151671_151672,151672,kmeans,0,2D-separate,0.4003294431161943
151671_151672,151671,kmeans,0,2D-joint,0.3455179056977001
151671_151672,151672,kmeans,0,2D-joint,0.4182389403859721
151671_151672,151671,kmeans,0,2D-joint-k9,0.3452516026732307
151671_151672,151672,kmeans,0,2D-joint-k9,0.4320407031138202
151671_151672,151671,kmeans,0,2D-joint-k10,0.3510532884628614
151671_151672,151672,kmeans,0,2D-joint-k10,0.4414074722225085
151671_151672,151671,kmeans,0,3D-joint,0.4007621909040748
151671_151672,151672,kmeans,0,3D-joint,0.4431209906364748
151671_151672,151671,kmeans,1,2D-separate,0.3643088934298799
151671_151672,151672,kmeans,1,2D-separate,0.3988254681404098
151671_151672,151671,kmeans,1,2D-joint,0.3493070295372461
151671_151672,151672,kmeans,1,2D-joint,0.4217299207528052
151671_151672,151671,kmeans,1,2D-joint-k9,0.3510753409508415
151671_151672,151672,kmeans,1,2D-joint-k9,0.436150257851534
151671_151672,151671,kmeans,1,2D-joint-k10,0.3569038885306653
151671_151672,151672,kmeans,1,2D-joint-k10,0.4474771553087011
151671_151672,151671,kmeans,1,3D-joint,0.4069767085211803
151671_151672,151672,kmeans,1,3D-joint,0.4453999172798773
151671_151672,151671,kmeans,2,2D-separate,0.359604902115453
151671_151672,151672,kmeans,2,2D-separate,0.4027327362540027
151671_151672,151671,kmeans,2,2D-joint,0.3454801521229718
151671_151672,151672,kmeans,2,2D-joint,0.4223334549154203
151671_151672,151671,kmeans,2,2D-joint-k9,0.34891228418205
151671_151672,151672,kmeans,2,2D-joint-k9,0.4371643786448296
151671_151672,151671,kmeans,2,2D-joint-k10,0.3536489428449721
151671_151672,151672,kmeans,2,2D-joint-k10,0.4456911193350224
151671_151672,151671,kmeans,2,3D-joint,0.4019679841802593
151671_151672,151672,kmeans,2,3D-joint,0.4450835180159498
151671_151672,151671,kmeans,3,2D-separate,0.3582118802288749
151671_151672,151672,kmeans,3,2D-separate,0.4080491268598896
151671_151672,151671,kmeans,3,2D-joint,0.3458398459393283
151671_151672,151672,kmeans,3,2D-joint,0.416948688692984
151671_151672,151671,kmeans,3,2D-joint-k9,0.3522640794005819
151671_151672,151672,kmeans,3,2D-joint-k9,0.4310152509358626
151671_151672,151671,kmeans,3,2D-joint-k10,0.3511797092660344
151671_151672,151672,kmeans,3,2D-joint-k10,0.4411520845405184
151671_151672,151671,kmeans,3,3D-joint,0.4073450720058506
151671_151672,151672,kmeans,3,3D-joint,0.4455632625916231
151671_151672,151671,kmeans,4,2D-separate,0.356651820468854
151671_151672,151672,kmeans,4,2D-separate,0.3975697971787458
151671_151672,151671,kmeans,4,2D-joint,0.3465615590099422
151671_151672,151672,kmeans,4,2D-joint,0.4202058939373899
151671_151672,151671,kmeans,4,2D-joint-k9,0.3500675696015558
151671_151672,151672,kmeans,4,2D-joint-k9,0.4348611211730072
151671_151672,151671,kmeans,4,2D-joint-k10,0.3534545093604901
151671_151672,151672,kmeans,4,2D-joint-k10,0.4414728355458425
151671_151672,151671,kmeans,4,3D-joint,0.403142276325898
151671_151672,151672,kmeans,4,3D-joint,0.4444626558167063
151671_151672,151671,gmm,0,2D-separate,0.3815494050395662
151671_151672,151672,gmm,0,2D-separate,0.3580895855559162
151671_151672,151671,gmm,0,2D-joint,0.3733456832728549
151671_151672,151672,gmm,0,2D-joint,0.4054394196380962
151671_151672,151671,gmm,0,2D-joint-k9,0.3749593128696652
151671_151672,151672,gmm,0,2D-joint-k9,0.3969249009746826
151671_151672,151671,gmm,0,2D-joint-k10,0.3763595068138991
151671_151672,151672,gmm,0,2D-joint-k10,0.3997193075994606
151671_151672,151671,gmm,0,3D-joint,0.440321797554053
151671_151672,151672,gmm,0,3D-joint,0.4557737095544021
151671_151672,151671,gmm,1,2D-separate,0.4118066815528618
151671_151672,151672,gmm,1,2D-separate,0.3528599954882123
151671_151672,151671,gmm,1,2D-joint,0.4007300133623811
151671_151672,151672,gmm,1,2D-joint,0.3990245271488265
151671_151672,151671,gmm,1,2D-joint-k9,0.4005474225131268
151671_151672,151672,gmm,1,2D-joint-k9,0.4086348058609544
151671_151672,151671,gmm,1,2D-joint-k10,0.384723315075804
151671_151672,151672,gmm,1,2D-joint-k10,0.4169967816866893
151671_151672,151671,gmm,1,3D-joint,0.4714809327920271
151671_151672,151672,gmm,1,3D-joint,0.4625340432908426
151671_151672,151671,gmm,2,2D-separate,0.3899724849619315
151671_151672,151672,gmm,2,2D-separate,0.3591753576527841
151671_151672,151671,gmm,2,2D-joint,0.3819512637067092
151671_151672,151672,gmm,2,2D-joint,0.3977435768303268
151671_151672,151671,gmm,2,2D-joint-k9,0.3837795944620034
151671_151672,151672,gmm,2,2D-joint-k9,0.3965831594994182
151671_151672,151671,gmm,2,2D-joint-k10,0.3856126364579697
151671_151672,151672,gmm,2,2D-joint-k10,0.3990576844235111
151671_151672,151671,gmm,2,3D-joint,0.4417446796009558
151671_151672,151672,gmm,2,3D-joint,0.437229590424051
151671_151672,151671,gmm,3,2D-separate,0.4053881938482999
151671_151672,151672,gmm,3,2D-separate,0.3695129203169312
151671_151672,151671,gmm,3,2D-joint,0.3668796462171463
151671_151672,151672,gmm,3,2D-joint,0.3971111250338631
151671_151672,151671,gmm,3,2D-joint-k9,0.3957762748242053
151671_151672,151672,gmm,3,2D-joint-k9,0.4369945354170819
151671_151672,151671,gmm,3,2D-joint-k10,0.3774249738637651
151671_151672,151672,gmm,3,2D-joint-k10,0.4112967568437293
151671_151672,151671,gmm,3,3D-joint,0.4586962998450277
151671_151672,151672,gmm,3,3D-joint,0.4560884185707834
151671_151672,151671,gmm,4,2D-separate,0.377614151495732
151671_151672,151672,gmm,4,2D-separate,0.3571116426952147
151671_151672,151671,gmm,4,2D-joint,0.3786243803960312
151671_151672,151672,gmm,4,2D-joint,0.4079597959126091
151671_151672,151671,gmm,4,2D-joint-k9,0.3978472929737078
151671_151672,151672,gmm,4,2D-joint-k9,0.3874134600445349
151671_151672,151671,gmm,4,2D-joint-k10,0.3968672059919038
151671_151672,151672,gmm,4,2D-joint-k10,0.3984777180309024
151671_151672,151671,gmm,4,3D-joint,0.4471845433997911
151671_151672,151672,gmm,4,3D-joint,0.4451790306154553
151673_151674,151673,kmeans,0,2D-separate,0.2918026540688904
151673_151674,151674,kmeans,0,2D-separate,0.2861636127133062
151673_151674,151673,kmeans,0,2D-joint,0.2446584136094216
151673_151674,151674,kmeans,0,2D-joint,0.2221565424390402
151673_151674,151673,kmeans,0,2D-joint-k9,0.2420228195708716
151673_151674,151674,kmeans,0,2D-joint-k9,0.2304566995118298
151673_151674,151673,kmeans,0,2D-joint-k10,0.2456425186361705
151673_151674,151674,kmeans,0,2D-joint-k10,0.2256936161495908
151673_151674,151673,kmeans,0,3D-joint,0.3062006616930843
151673_151674,151674,kmeans,0,3D-joint,0.310063498986608
151673_151674,151673,kmeans,1,2D-separate,0.2922225261823817
151673_151674,151674,kmeans,1,2D-separate,0.2856768058754033
151673_151674,151673,kmeans,1,2D-joint,0.242694017350819
151673_151674,151674,kmeans,1,2D-joint,0.2203124012541631
151673_151674,151673,kmeans,1,2D-joint-k9,0.2427264955021942
151673_151674,151674,kmeans,1,2D-joint-k9,0.2300836479506636
151673_151674,151673,kmeans,1,2D-joint-k10,0.2467084444231656
151673_151674,151674,kmeans,1,2D-joint-k10,0.2276403260659601
151673_151674,151673,kmeans,1,3D-joint,0.308441097011727
151673_151674,151674,kmeans,1,3D-joint,0.3101975459250054
151673_151674,151673,kmeans,2,2D-separate,0.2919065195392795
151673_151674,151674,kmeans,2,2D-separate,0.2865385218332104
151673_151674,151673,kmeans,2,2D-joint,0.2469983116069859
151673_151674,151674,kmeans,2,2D-joint,0.2207322112223219
151673_151674,151673,kmeans,2,2D-joint-k9,0.2380925659589303
151673_151674,151674,kmeans,2,2D-joint-k9,0.2313639200546881
151673_151674,151673,kmeans,2,2D-joint-k10,0.2491153751506966
151673_151674,151674,kmeans,2,2D-joint-k10,0.225239534403741
151673_151674,151673,kmeans,2,3D-joint,0.3094335227863295
151673_151674,151674,kmeans,2,3D-joint,0.3111913730009276
151673_151674,151673,kmeans,3,2D-separate,0.2896588389422493
151673_151674,151674,kmeans,3,2D-separate,0.2851452986170205
151673_151674,151673,kmeans,3,2D-joint,0.3867407840249798
151673_151674,151674,kmeans,3,2D-joint,0.2503086858376138
151673_151674,151673,kmeans,3,2D-joint-k9,0.2380385986119602
151673_151674,151674,kmeans,3,2D-joint-k9,0.228968040889091
151673_151674,151673,kmeans,3,2D-joint-k10,0.2460947984257591
151673_151674,151674,kmeans,3,2D-joint-k10,0.2278783655342949
151673_151674,151673,kmeans,3,3D-joint,0.3093370340134608
151673_151674,151674,kmeans,3,3D-joint,0.30964562580899
151673_151674,151673,kmeans,4,2D-separate,0.292234026343068
151673_151674,151674,kmeans,4,2D-separate,0.2856328523456961
151673_151674,151673,kmeans,4,2D-joint,0.2476333162937203
151673_151674,151674,kmeans,4,2D-joint,0.2195691328482499
151673_151674,151673,kmeans,4,2D-joint-k9,0.2393891415471925
151673_151674,151674,kmeans,4,2D-joint-k9,0.2312137302633648
151673_151674,151673,kmeans,4,2D-joint-k10,0.248873942949579
151673_151674,151674,kmeans,4,2D-joint-k10,0.2260788910071285
151673_151674,151673,kmeans,4,3D-joint,0.3058920823727969
151673_151674,151674,kmeans,4,3D-joint,0.3112138687433761
151673_151674,151673,gmm,0,2D-separate,0.3453104187839289
151673_151674,151674,gmm,0,2D-separate,0.2707756020310835
151673_151674,151673,gmm,0,2D-joint,0.3572238441536683
151673_151674,151674,gmm,0,2D-joint,0.3190684246670349
151673_151674,151673,gmm,0,2D-joint-k9,0.3490964246462151
151673_151674,151674,gmm,0,2D-joint-k9,0.3153669378806525
151673_151674,151673,gmm,0,2D-joint-k10,0.4390500112146012
151673_151674,151674,gmm,0,2D-joint-k10,0.3741282876632561
151673_151674,151673,gmm,0,3D-joint,0.3250298168440189
151673_151674,151674,gmm,0,3D-joint,0.3405650646686298
151673_151674,151673,gmm,1,2D-separate,0.391543195979996
151673_151674,151674,gmm,1,2D-separate,0.2818799993059298
151673_151674,151673,gmm,1,2D-joint,0.3847906590186459
151673_151674,151674,gmm,1,2D-joint,0.3701482728671637
151673_151674,151673,gmm,1,2D-joint-k9,0.4300069514674395
151673_151674,151674,gmm,1,2D-joint-k9,0.3967906313119461
151673_151674,151673,gmm,1,2D-joint-k10,0.396576440011171
151673_151674,151674,gmm,1,2D-joint-k10,0.3283161316288038
151673_151674,151673,gmm,1,3D-joint,0.3425135099845674
151673_151674,151674,gmm,1,3D-joint,0.3571916759157579
151673_151674,151673,gmm,2,2D-separate,0.3005070628911932
151673_151674,151674,gmm,2,2D-separate,0.2652758138294135
151673_151674,151673,gmm,2,2D-joint,0.3944191081635404
151673_151674,151674,gmm,2,2D-joint,0.3655345554303544
151673_151674,151673,gmm,2,2D-joint-k9,0.4394065244382341
151673_151674,151674,gmm,2,2D-joint-k9,0.3832051347175048
151673_151674,151673,gmm,2,2D-joint-k10,0.4057465875958063
151673_151674,151674,gmm,2,2D-joint-k10,0.3707244874193636
151673_151674,151673,gmm,2,3D-joint,0.3584999436414746
151673_151674,151674,gmm,2,3D-joint,0.3662510698626001
151673_151674,151673,gmm,3,2D-separate,0.3631189439085955
151673_151674,151674,gmm,3,2D-separate,0.2713004192217672
151673_151674,151673,gmm,3,2D-joint,0.4311459621937619
151673_151674,151674,gmm,3,2D-joint,0.3888927101677761
151673_151674,151673,gmm,3,2D-joint-k9,0.3422479625138181
151673_151674,151674,gmm,3,2D-joint-k9,0.3308136333495874
151673_151674,151673,gmm,3,2D-joint-k10,0.3753145820791713
151673_151674,151674,gmm,3,2D-joint-k10,0.2781028158532592
151673_151674,151673,gmm,3,3D-joint,0.3460256903624871
151673_151674,151674,gmm,3,3D-joint,0.3659399010992771
151673_151674,151673,gmm,4,2D-separate,0.3884702958358755
151673_151674,151674,gmm,4,2D-separate,0.3009783303638367
151673_151674,151673,gmm,4,2D-joint,0.3972365346510684
151673_151674,151674,gmm,4,2D-joint,0.2675054261270852
151673_151674,151673,gmm,4,2D-joint-k9,0.3402682132312623
151673_151674,151674,gmm,4,2D-joint-k9,0.3278824581780072
151673_151674,151673,gmm,4,2D-joint-k10,0.4399549627805058
151673_151674,151674,gmm,4,2D-joint-k10,0.3941968783581016
151673_151674,151673,gmm,4,3D-joint,0.3275617866675477
151673_151674,151674,gmm,4,3D-joint,0.3434159814327556
151675_151676,151675,kmeans,0,2D-separate,0.2759323294492459
151675_151676,151676,kmeans,0,2D-separate,0.277150545145723
151675_151676,151675,kmeans,0,2D-joint,0.2543379417653146
151675_151676,151676,kmeans,0,2D-joint,0.254625640770441
151675_151676,151675,kmeans,0,2D-joint-k9,0.2379027936866221
151675_151676,151676,kmeans,0,2D-joint-k9,0.2424339523486703
151675_151676,151675,kmeans,0,2D-joint-k10,0.246158334778797
151675_151676,151676,kmeans,0,2D-joint-k10,0.2494881997307068
151675_151676,151675,kmeans,0,3D-joint,0.242933100556358
151675_151676,151676,kmeans,0,3D-joint,0.2480003649207828
151675_151676,151675,kmeans,1,2D-separate,0.2745644241513799
151675_151676,151676,kmeans,1,2D-separate,0.2632802285069253
151675_151676,151675,kmeans,1,2D-joint,0.2551069971781647
151675_151676,151676,kmeans,1,2D-joint,0.2567611400015667
151675_151676,151675,kmeans,1,2D-joint-k9,0.2536186747834039
151675_151676,151676,kmeans,1,2D-joint-k9,0.2645066808989128
151675_151676,151675,kmeans,1,2D-joint-k10,0.2620878549308572
151675_151676,151676,kmeans,1,2D-joint-k10,0.2657790697882175
151675_151676,151675,kmeans,1,3D-joint,0.2462940053601029
151675_151676,151676,kmeans,1,3D-joint,0.2524636161356313
151675_151676,151675,kmeans,2,2D-separate,0.26995918986955
151675_151676,151676,kmeans,2,2D-separate,0.2652906627710835
151675_151676,151675,kmeans,2,2D-joint,0.2534560452502918
151675_151676,151676,kmeans,2,2D-joint,0.2543797575851507
151675_151676,151675,kmeans,2,2D-joint-k9,0.2480617200839832
151675_151676,151676,kmeans,2,2D-joint-k9,0.2501948332072756
151675_151676,151675,kmeans,2,2D-joint-k10,0.2459978153212872
151675_151676,151676,kmeans,2,2D-joint-k10,0.2478323459183383
151675_151676,151675,kmeans,2,3D-joint,0.2456532844599175
151675_151676,151676,kmeans,2,3D-joint,0.251119833892359
151675_151676,151675,kmeans,3,2D-separate,0.2729166751281097
151675_151676,151676,kmeans,3,2D-separate,0.2776148266646867
151675_151676,151675,kmeans,3,2D-joint,0.2548191026128053
151675_151676,151676,kmeans,3,2D-joint,0.2534124772031456
151675_151676,151675,kmeans,3,2D-joint-k9,0.2360985814967914
151675_151676,151676,kmeans,3,2D-joint-k9,0.2385448895422948
151675_151676,151675,kmeans,3,2D-joint-k10,0.2470632648683968
151675_151676,151676,kmeans,3,2D-joint-k10,0.2464869212203433
151675_151676,151675,kmeans,3,3D-joint,0.2455229264674569
151675_151676,151676,kmeans,3,3D-joint,0.248827989431482
151675_151676,151675,kmeans,4,2D-separate,0.2741593362756637
151675_151676,151676,kmeans,4,2D-separate,0.2792184721870646
151675_151676,151675,kmeans,4,2D-joint,0.2543367452615592
151675_151676,151676,kmeans,4,2D-joint,0.2549794783170608
151675_151676,151675,kmeans,4,2D-joint-k9,0.2549191354970492
151675_151676,151676,kmeans,4,2D-joint-k9,0.2619418389124011
151675_151676,151675,kmeans,4,2D-joint-k10,0.2465443891238112
151675_151676,151676,kmeans,4,2D-joint-k10,0.2485464524956642
151675_151676,151675,kmeans,4,3D-joint,0.2437920361739012
151675_151676,151676,kmeans,4,3D-joint,0.2495126930411777
151675_151676,151675,gmm,0,2D-separate,0.275400957865654
151675_151676,151676,gmm,0,2D-separate,0.276432929429366
151675_151676,151675,gmm,0,2D-joint,0.2760374821409092
151675_151676,151676,gmm,0,2D-joint,0.2579879773649312
151675_151676,151675,gmm,0,2D-joint-k9,0.3296848140282358
151675_151676,151676,gmm,0,2D-joint-k9,0.3367067641343078
151675_151676,151675,gmm,0,2D-joint-k10,0.344904368621193
151675_151676,151676,gmm,0,2D-joint-k10,0.3305458912261735
151675_151676,151675,gmm,0,3D-joint,0.3083286600815559
151675_151676,151676,gmm,0,3D-joint,0.3263422352471595
151675_151676,151675,gmm,1,2D-separate,0.2714588803729648
151675_151676,151676,gmm,1,2D-separate,0.2968677204647104
151675_151676,151675,gmm,1,2D-joint,0.2829195603603835
151675_151676,151676,gmm,1,2D-joint,0.2612329809162116
151675_151676,151675,gmm,1,2D-joint-k9,0.3345751155653834
151675_151676,151676,gmm,1,2D-joint-k9,0.309327144880367
151675_151676,151675,gmm,1,2D-joint-k10,0.3309749949715542
151675_151676,151676,gmm,1,2D-joint-k10,0.3138815057952996
151675_151676,151675,gmm,1,3D-joint,0.3369843803360589
151675_151676,151676,gmm,1,3D-joint,0.343620889003986
151675_151676,151675,gmm,2,2D-separate,0.3291452183189284
151675_151676,151676,gmm,2,2D-separate,0.2486813849776336
151675_151676,151675,gmm,2,2D-joint,0.326855856741349
151675_151676,151676,gmm,2,2D-joint,0.3194253353764864
151675_151676,151675,gmm,2,2D-joint-k9,0.3598359095921447
151675_151676,151676,gmm,2,2D-joint-k9,0.360201493751795
151675_151676,151675,gmm,2,2D-joint-k10,0.2813303019230209
151675_151676,151676,gmm,2,2D-joint-k10,0.2692678476015653
151675_151676,151675,gmm,2,3D-joint,0.3438949794529121
151675_151676,151676,gmm,2,3D-joint,0.3548760237007038
151675_151676,151675,gmm,3,2D-separate,0.2799923290516299
151675_151676,151676,gmm,3,2D-separate,0.3072104356333464
151675_151676,151675,gmm,3,2D-joint,0.3443088344064603
151675_151676,151676,gmm,3,2D-joint,0.3251062430637393
151675_151676,151675,gmm,3,2D-joint-k9,0.3541631057313266
151675_151676,151676,gmm,3,2D-joint-k9,0.3357676041399166
151675_151676,151675,gmm,3,2D-joint-k10,0.3180060314947524
151675_151676,151676,gmm,3,2D-joint-k10,0.3017904257402968
151675_151676,151675,gmm,3,3D-joint,0.3188454320553944
151675_151676,151676,gmm,3,3D-joint,0.310738581115498
151675_151676,151675,gmm,4,2D-separate,0.2662503377750739
151675_151676,151676,gmm,4,2D-separate,0.3088320061151656
151675_151676,151675,gmm,4,2D-joint,0.2778150533698035
151675_151676,151676,gmm,4,2D-joint,0.2525040931088686
151675_151676,151675,gmm,4,2D-joint-k9,0.3106912338693403
151675_151676,151676,gmm,4,2D-joint-k9,0.2946535454376517
151675_151676,151675,gmm,4,2D-joint-k10,0.3006430923649983
151675_151676,151676,gmm,4,2D-joint-k10,0.2871642287987937
151675_151676,151675,gmm,4,3D-joint,0.3182237776984302
151675_151676,151676,gmm,4,3D-joint,0.3336362377278341
