cluster_method,arm,n_sections,ari_mean,ci_low,ci_high
gmm,2D-joint,12,0.32639796474989075,0.30000423825246236,0.35248030948322523
gmm,2D-joint-k10,12,0.3393128264055358,0.3172841870711144,0.36197494929795165
gmm,2D-joint-k9,12,0.33812437577625504,0.31600511534970827,0.36010719237256805
gmm,2D-separate,12,0.3232584948411083,0.3014597776203555,0.3476501986184042
gmm,3D-joint,12,0.3480655052799262,0.3201165587346863,0.38028734150183696
kmeans,2D-joint,12,0.3040544556449006,0.2739526068178035,0.3352195945025778
kmeans,2D-joint-k10,12,0.30729145201700797,0.27288776510884705,0.3435399477282132
kmeans,2D-joint-k9,12,0.3051170775752275,0.27159421069308515,0.33968726616841605
kmeans,2D-separate,12,0.3126962782788074,0.290305326635257,0.3360000923980515
kmeans,3D-joint,12,0.3237070836469907,0.29495594544278164,0.3560317602385716
