dataset,z_mode,graph,mean_deviance,deviance_vs_2D_pct,mean_alpha,mean_degree,n_blocks
DLPFC_pairs,10um,2D,2051.6678091543845,0.0,0.8,6.129582666487771,6
DLPFC_pairs,10um,2D_k10,1411.61536911477,-31.18558498069342,0.8999999999999999,10.449388003291872,6
DLPFC_pairs,10um,2D_k12,1270.8839061935396,-38.03744224432743,0.8999999999999999,12.298879274484527,6
DLPFC_pairs,10um,2D_k15,1105.5859514268486,-46.074711177124485,0.8999999999999999,15.760015344808728,6
DLPFC_pairs,10um,2D_k16,1071.627832170502,-47.723568838547095,0.8999999999999999,16.759454061830827,6
DLPFC_pairs,10um,2D_k18,1021.9386380795513,-50.13732875835184,0.8999999999999999,18.53416817346188,6
DLPFC_pairs,10um,2D_k21,952.9508858204933,-53.48689223591602,0.8999999999999999,21.992497073226843,6
DLPFC_pairs,10um,2D_k22,937.2334164443715,-54.25035582172082,0.8999999999999999,23.036598270805452,6
DLPFC_pairs,10um,2D_k24,911.3449289908798,-55.50669002435379,0.9083333333333334,25.076307224996015,6
DLPFC_pairs,10um,2D_k9,1511.209413163331,-26.337027695614964,0.8999999999999999,9.460782060466663,6
DLPFC_pairs,10um,3D_cross_k12,1108.154935367272,-45.952485097897664,0.8999999999999999,15.685713969173154,6
DLPFC_pairs,10um,3D_cross_k18,954.1367312743345,-53.43100507978929,0.8999999999999999,21.921002868150506,6
DLPFC_pairs,10um,3D_cross_section,1510.894593453836,-26.365134679572165,0.8999999999999999,9.516417361176396,6
DLPFC_pairs,10um,3D_iso_z0.25,1968.0101601096326,-4.083123806006899,0.8,6.598405559233308,6
DLPFC_pairs,10um,3D_iso_z0.5,1963.618723394551,-4.298545130860498,0.8,6.609710813188096,6
DLPFC_pairs,10um,3D_iso_z1,1967.7942671784315,-4.107115624116118,0.8,6.563215703667662,6
DLPFC_pairs,10um,3D_iso_z2,1972.8555423070175,-3.8529779057134914,0.8,6.499954095994871,6
DLPFC_pairs,10um,3D_iso_z4,1970.8022595707432,-3.951722441311299,0.8,6.506146463405184,6
DLPFC_pairs,10um,3D_iso_z8,1966.7285259853006,-4.147925883019586,0.8,6.514314938913562,6
DLPFC_pairs,10um,none,8540.253742538465,317.77587807129726,0.0,0.0,6
GSE214349,label_um,2D,1571.7964993607718,0.0,0.74,6.139642586221259,5
GSE214349,label_um,2D_k10,1319.4154499288838,-16.03887139024241,0.78,10.239058537424613,5
GSE214349,label_um,2D_k12,1266.266391672091,-19.41598828538487,0.78,12.327958269629988,5
GSE214349,label_um,2D_k15,1216.2638882109627,-22.594345102981908,0.78,15.731866862644578,5
GSE214349,label_um,2D_k16,1205.9932308105954,-23.24724670160202,0.78,16.743136042468723,5
GSE214349,label_um,2D_k18,1190.417870871042,-24.235983171104362,0.78,18.575098945952195,5
GSE214349,label_um,2D_k21,1173.1268149623286,-25.335646884864293,0.7866666666666667,21.96111856177445,5
GSE214349,label_um,2D_k22,1169.990652494922,-25.53318537903177,0.78,22.93685437992489,5
GSE214349,label_um,2D_k24,1162.9883291355072,-25.97804338402232,0.78,25.09402832355956,5
GSE214349,label_um,2D_k9,1346.7413226723118,-14.303656621608672,0.78,9.503072573641072,5
GSE214349,label_um,3D_cross_k12,1206.3509717451634,-23.22696094707989,0.78,16.781969355994033,5
GSE214349,label_um,3D_cross_k18,1165.3711405083263,-25.829357583166367,0.78,23.02911003231624,5
GSE214349,label_um,3D_cross_section,1329.14138348474,-15.42769229654883,0.76,10.593653672585305,5
GSE214349,label_um,3D_iso_z0.25,1647.4774372872948,4.845760402618271,0.64,6.431319807011604,5
GSE214349,label_um,3D_iso_z0.5,1632.8025507613988,3.8990202299919643,0.6466666666666666,6.518621707119954,5
GSE214349,label_um,3D_iso_z1,1610.1746435118075,2.4516935099353554,0.6599999999999999,6.530629964096426,5
GSE214349,label_um,3D_iso_z2,1569.027455782405,-0.16788921030630677,0.7066666666666667,6.4253219782133275,5
GSE214349,label_um,3D_iso_z4,1567.5221014819458,-0.276682276183627,0.74,6.186350162785751,5
GSE214349,label_um,3D_iso_z8,1571.7455799699894,-0.003168921936804736,0.74,6.139864351058232,5
GSE214349,label_um,none,9971.605927800314,534.3683680938426,0.0,0.0,5
GSE214349,order_x20um,2D,1571.7964993607718,0.0,0.74,6.139642586221259,5
GSE214349,order_x20um,2D_k10,1319.4154499288838,-16.03887139024241,0.78,10.239058537424613,5
GSE214349,order_x20um,2D_k12,1266.266391672091,-19.41598828538487,0.78,12.327958269629988,5
GSE214349,order_x20um,2D_k15,1216.2638882109627,-22.594345102981908,0.78,15.731866862644578,5
GSE214349,order_x20um,2D_k16,1205.9932308105954,-23.24724670160202,0.78,16.743136042468723,5
GSE214349,order_x20um,2D_k18,1190.417870871042,-24.235983171104362,0.78,18.575098945952195,5
GSE214349,order_x20um,2D_k21,1173.1268149623286,-25.335646884864293,0.7866666666666667,21.96111856177445,5
GSE214349,order_x20um,2D_k22,1169.990652494922,-25.53318537903177,0.78,22.93685437992489,5
GSE214349,order_x20um,2D_k24,1162.9883291355072,-25.97804338402232,0.78,25.09402832355956,5
GSE214349,order_x20um,2D_k9,1346.7413226723118,-14.303656621608672,0.78,9.503072573641072,5
GSE214349,order_x20um,3D_cross_k12,1207.2610884037024,-23.168233640714806,0.78,16.781969355994033,5
GSE214349,order_x20um,3D_cross_k18,1165.8913362657702,-25.79572816648169,0.78,23.02911003231624,5
GSE214349,order_x20um,3D_cross_section,1330.7645585654966,-15.323376940747583,0.7533333333333334,10.593653672585305,5
GSE214349,order_x20um,3D_iso_z0.25,1657.1050092104856,5.46153627393262,0.64,6.460713368840455,5
GSE214349,order_x20um,3D_iso_z0.5,1645.844469806119,4.741891891709831,0.64,6.4439657349228225,5
GSE214349,order_x20um,3D_iso_z1,1622.6211202002783,3.248128852939558,0.6466666666666666,6.644856983755678,5
GSE214349,order_x20um,3D_iso_z2,1604.358851804744,2.0848549613072076,0.6799999999999999,6.417466040852639,5
GSE214349,order_x20um,3D_iso_z4,1546.3121699938538,-1.6206616397002627,0.74,6.401825689772308,5
GSE214349,order_x20um,3D_iso_z8,1571.8131948516593,0.0011830736960886472,0.74,6.140124931682843,5
GSE214349,order_x20um,none,9971.605927800314,534.3683680938426,0.0,0.0,5
