dataset,z_mode,graph,mean_degree,pct_vs_degree_matched_2D,blocks_3D_better,n_blocks,within_2d_degree_range,wilcoxon_p
DLPFC_pairs,10um,3D_cross_k12,15.685713969173152,-0.1409455211629588,3,6,True,0.4375
DLPFC_pairs,10um,3D_cross_k18,21.921002868150506,-0.07429533084841547,3,6,True,0.4375
DLPFC_pairs,10um,3D_cross_section,9.516417361176396,0.12204609953081234,2,6,True,0.4375
GSE214349,label_um,3D_cross_k12,16.781969355994033,0.011687436290666037,3,5,True,1.0
GSE214349,label_um,3D_cross_k18,23.029110032316243,-0.37711856678638084,5,5,True,0.0625
GSE214349,label_um,3D_cross_section,10.593653672585305,1.2249959337430205,0,5,True,0.0625
GSE214349,order_x20um,3D_cross_k12,16.781969355994033,0.08647757335876452,3,5,True,0.8125
GSE214349,order_x20um,3D_cross_k18,23.029110032316243,-0.3331513404220909,5,5,True,0.0625
GSE214349,order_x20um,3D_cross_section,10.593653672585305,1.3474387290044008,0,5,True,0.0625
