dataset,block,n_sections,z_mode,seed,graph,alpha,deviance,mean_degree
GSE214349,IVH_1d_1,6,label_um,0,none,0.0,10212.522401359123,0.0
GSE214349,IVH_1d_1,6,label_um,0,2D,0.8,1585.594769187803,6.131032651977701
GSE214349,IVH_1d_1,6,label_um,0,2D_k9,0.8,1345.1186546679733,9.614016458720467
GSE214349,IVH_1d_1,6,label_um,0,2D_k10,0.8,1322.1907923515328,10.222245818954075
GSE214349,IVH_1d_1,6,label_um,0,2D_k12,0.8,1266.750712014103,12.310273427130342
GSE214349,IVH_1d_1,6,label_um,0,2D_k15,0.8,1214.714633446784,15.728802760817628
GSE214349,IVH_1d_1,6,label_um,0,2D_k16,0.8,1205.1158085002878,16.614388107247148
GSE214349,IVH_1d_1,6,label_um,0,2D_k18,0.8,1187.1730985867964,18.548553225378285
GSE214349,IVH_1d_1,6,label_um,0,2D_k21,0.9,1181.884353664199,21.98895672949297
GSE214349,IVH_1d_1,6,label_um,0,2D_k22,0.9,1177.6018283976384,23.053464295195116
GSE214349,IVH_1d_1,6,label_um,0,2D_k24,0.9,1170.8382032306276,25.184496947172818
GSE214349,IVH_1d_1,6,label_um,0,3D_iso_z0.25,0.7,1649.112011441525,6.601539686753385
GSE214349,IVH_1d_1,6,label_um,0,3D_iso_z0.5,0.7,1615.589365468026,6.931988319617733
GSE214349,IVH_1d_1,6,label_um,0,3D_iso_z1,0.7,1614.9884092193547,6.871356517122378
GSE214349,IVH_1d_1,6,label_um,0,3D_iso_z2,0.8,1600.202057557378,6.4696575524289885
GSE214349,IVH_1d_1,6,label_um,0,3D_iso_z4,0.8,1571.630958989161,6.248261215821609
GSE214349,IVH_1d_1,6,label_um,0,3D_iso_z8,0.8,1585.4826013386823,6.131563578444386
GSE214349,IVH_1d_1,6,label_um,0,3D_cross_section,0.8,1300.2507462853462,11.4179984072206
GSE214349,IVH_1d_1,6,label_um,0,3D_cross_k12,0.9,1201.2494878820696,17.59723918237324
GSE214349,IVH_1d_1,6,label_um,0,3D_cross_k18,0.9,1163.7082072749893,23.835518980621185
GSE214349,IVH_1d_1,6,label_um,1,none,0.0,10381.731358490291,0.0
GSE214349,IVH_1d_1,6,label_um,1,2D,0.8,1558.709403889975,6.131032651977701
GSE214349,IVH_1d_1,6,label_um,1,2D_k9,0.8,1311.5213698659927,9.614016458720467
GSE214349,IVH_1d_1,6,label_um,1,2D_k10,0.8,1287.866624162946,10.222245818954075
GSE214349,IVH_1d_1,6,label_um,1,2D_k12,0.8,1230.6297213194314,12.310273427130342
GSE214349,IVH_1d_1,6,label_um,1,2D_k15,0.8,1176.6140482620283,15.728802760817628
GSE214349,IVH_1d_1,6,label_um,1,2D_k16,0.8,1166.6744032098177,16.614388107247148
GSE214349,IVH_1d_1,6,label_um,1,2D_k18,0.8,1148.8986446910958,18.548553225378285
GSE214349,IVH_1d_1,6,label_um,1,2D_k21,0.8,1127.9133223531069,21.98895672949297
GSE214349,IVH_1d_1,6,label_um,1,2D_k22,0.8,1122.9319775261033,23.053464295195116
GSE214349,IVH_1d_1,6,label_um,1,2D_k24,0.8,1114.714903369283,25.184496947172818
GSE214349,IVH_1d_1,6,label_um,1,3D_iso_z0.25,0.7,1590.7387700317245,6.601539686753385
GSE214349,IVH_1d_1,6,label_um,1,3D_iso_z0.5,0.7,1560.1800623460335,6.931988319617733
GSE214349,IVH_1d_1,6,label_um,1,3D_iso_z1,0.7,1563.4104375202755,6.871356517122378
GSE214349,IVH_1d_1,6,label_um,1,3D_iso_z2,0.7,1559.0939741910431,6.4696575524289885
GSE214349,IVH_1d_1,6,label_um,1,3D_iso_z4,0.8,1545.1744959615933,6.248261215821609
GSE214349,IVH_1d_1,6,label_um,1,3D_iso_z8,0.8,1558.6572240200155,6.131563578444386
GSE214349,IVH_1d_1,6,label_um,1,3D_cross_section,0.8,1267.054314727817,11.4179984072206
GSE214349,IVH_1d_1,6,label_um,1,3D_cross_k12,0.8,1155.4086880824027,17.59723918237324
GSE214349,IVH_1d_1,6,label_um,1,3D_cross_k18,0.8,1115.2738762123167,23.835518980621185
GSE214349,IVH_1d_1,6,label_um,2,none,0.0,10396.290311434845,0.0
GSE214349,IVH_1d_1,6,label_um,2,2D,0.8,1579.7954508454095,6.131032651977701
GSE214349,IVH_1d_1,6,label_um,2,2D_k9,0.8,1333.283709411932,9.614016458720467
GSE214349,IVH_1d_1,6,label_um,2,2D_k10,0.8,1309.9212207466292,10.222245818954075
GSE214349,IVH_1d_1,6,label_um,2,2D_k12,0.8,1253.2054040756186,12.310273427130342
GSE214349,IVH_1d_1,6,label_um,2,2D_k15,0.8,1198.1928394185152,15.728802760817628
GSE214349,IVH_1d_1,6,label_um,2,2D_k16,0.8,1188.26699162328,16.614388107247148
GSE214349,IVH_1d_1,6,label_um,2,2D_k18,0.8,1170.0849825586556,18.548553225378285
GSE214349,IVH_1d_1,6,label_um,2,2D_k21,0.8,1148.8398712581163,21.98895672949297
GSE214349,IVH_1d_1,6,label_um,2,2D_k22,0.8,1143.963614379419,23.053464295195116
GSE214349,IVH_1d_1,6,label_um,2,2D_k24,0.8,1135.7728640831413,25.184496947172818
GSE214349,IVH_1d_1,6,label_um,2,3D_iso_z0.25,0.7,1618.2292349655502,6.601539686753385
GSE214349,IVH_1d_1,6,label_um,2,3D_iso_z0.5,0.7,1585.850294542342,6.931988319617733
GSE214349,IVH_1d_1,6,label_um,2,3D_iso_z1,0.7,1588.7389361988878,6.871356517122378
GSE214349,IVH_1d_1,6,label_um,2,3D_iso_z2,0.7,1578.705366111203,6.4696575524289885
GSE214349,IVH_1d_1,6,label_um,2,3D_iso_z4,0.8,1565.6064498461396,6.248261215821609
GSE214349,IVH_1d_1,6,label_um,2,3D_iso_z8,0.8,1579.6661287062698,6.131563578444386
GSE214349,IVH_1d_1,6,label_um,2,3D_cross_section,0.8,1286.8196202764714,11.4179984072206
GSE214349,IVH_1d_1,6,label_um,2,3D_cross_k12,0.8,1175.4487834066545,17.59723918237324
GSE214349,IVH_1d_1,6,label_um,2,3D_cross_k18,0.8,1135.340957618933,23.835518980621185
GSE214349,IVH_1d_1,6,order_x20um,0,none,0.0,10212.522401359123,0.0
GSE214349,IVH_1d_1,6,order_x20um,0,2D,0.8,1585.594769187803,6.131032651977701
GSE214349,IVH_1d_1,6,order_x20um,0,2D_k9,0.8,1345.1186546679733,9.614016458720467
GSE214349,IVH_1d_1,6,order_x20um,0,2D_k10,0.8,1322.1907923515328,10.222245818954075
GSE214349,IVH_1d_1,6,order_x20um,0,2D_k12,0.8,1266.750712014103,12.310273427130342
GSE214349,IVH_1d_1,6,order_x20um,0,2D_k15,0.8,1214.714633446784,15.728802760817628
GSE214349,IVH_1d_1,6,order_x20um,0,2D_k16,0.8,1205.1158085002878,16.614388107247148
GSE214349,IVH_1d_1,6,order_x20um,0,2D_k18,0.8,1187.1730985867964,18.548553225378285
GSE214349,IVH_1d_1,6,order_x20um,0,2D_k21,0.9,1181.884353664199,21.98895672949297
GSE214349,IVH_1d_1,6,order_x20um,0,2D_k22,0.9,1177.6018283976384,23.053464295195116
GSE214349,IVH_1d_1,6,order_x20um,0,2D_k24,0.9,1170.8382032306276,25.184496947172818
GSE214349,IVH_1d_1,6,order_x20um,0,3D_iso_z0.25,0.7,1649.1414617731928,6.606424210246881
GSE214349,IVH_1d_1,6,order_x20um,0,3D_iso_z0.5,0.7,1641.3222441735024,6.649960180514999
GSE214349,IVH_1d_1,6,order_x20um,0,3D_iso_z1,0.7,1594.6646459218289,7.1640031855588
GSE214349,IVH_1d_1,6,order_x20um,0,3D_iso_z2,0.8,1631.8424883802031,6.455641093708522
GSE214349,IVH_1d_1,6,order_x20um,0,3D_iso_z4,0.8,1555.3318779536423,6.424634988054154
GSE214349,IVH_1d_1,6,order_x20um,0,3D_iso_z8,0.8,1585.3146313701106,6.130926466684365
GSE214349,IVH_1d_1,6,order_x20um,0,3D_cross_section,0.8,1300.3613702687005,11.4179984072206
GSE214349,IVH_1d_1,6,order_x20um,0,3D_cross_k12,0.9,1201.2736079476565,17.59723918237324
GSE214349,IVH_1d_1,6,order_x20um,0,3D_cross_k18,0.9,1163.6723496108125,23.835518980621185
GSE214349,IVH_1d_1,6,order_x20um,1,none,0.0,10381.731358490291,0.0
GSE214349,IVH_1d_1,6,order_x20um,1,2D,0.8,1558.709403889975,6.131032651977701
GSE214349,IVH_1d_1,6,order_x20um,1,2D_k9,0.8,1311.5213698659927,9.614016458720467
GSE214349,IVH_1d_1,6,order_x20um,1,2D_k10,0.8,1287.866624162946,10.222245818954075
GSE214349,IVH_1d_1,6,order_x20um,1,2D_k12,0.8,1230.6297213194314,12.310273427130342
GSE214349,IVH_1d_1,6,order_x20um,1,2D_k15,0.8,1176.6140482620283,15.728802760817628
GSE214349,IVH_1d_1,6,order_x20um,1,2D_k16,0.8,1166.6744032098177,16.614388107247148
GSE214349,IVH_1d_1,6,order_x20um,1,2D_k18,0.8,1148.8986446910958,18.548553225378285
GSE214349,IVH_1d_1,6,order_x20um,1,2D_k21,0.8,1127.9133223531069,21.98895672949297
GSE214349,IVH_1d_1,6,order_x20um,1,2D_k22,0.8,1122.9319775261033,23.053464295195116
GSE214349,IVH_1d_1,6,order_x20um,1,2D_k24,0.8,1114.714903369283,25.184496947172818
GSE214349,IVH_1d_1,6,order_x20um,1,3D_iso_z0.25,0.7,1590.007402018109,6.606424210246881
GSE214349,IVH_1d_1,6,order_x20um,1,3D_iso_z0.5,0.7,1584.653849469289,6.649960180514999
GSE214349,IVH_1d_1,6,order_x20um,1,3D_iso_z1,0.7,1540.7849284599529,7.1640031855588
GSE214349,IVH_1d_1,6,order_x20um,1,3D_iso_z2,0.7,1577.923723338385,6.455641093708522
GSE214349,IVH_1d_1,6,order_x20um,1,3D_iso_z4,0.8,1528.0528750759506,6.424634988054154
GSE214349,IVH_1d_1,6,order_x20um,1,3D_iso_z8,0.8,1558.6117640716066,6.130926466684365
GSE214349,IVH_1d_1,6,order_x20um,1,3D_cross_section,0.8,1267.06977821167,11.4179984072206
GSE214349,IVH_1d_1,6,order_x20um,1,3D_cross_k12,0.8,1155.396658441676,17.59723918237324
GSE214349,IVH_1d_1,6,order_x20um,1,3D_cross_k18,0.8,1115.2462963755509,23.835518980621185
GSE214349,IVH_1d_1,6,order_x20um,2,none,0.0,10396.290311434845,0.0
GSE214349,IVH_1d_1,6,order_x20um,2,2D,0.8,1579.7954508454095,6.131032651977701
GSE214349,IVH_1d_1,6,order_x20um,2,2D_k9,0.8,1333.283709411932,9.614016458720467
GSE214349,IVH_1d_1,6,order_x20um,2,2D_k10,0.8,1309.9212207466292,10.222245818954075
GSE214349,IVH_1d_1,6,order_x20um,2,2D_k12,0.8,1253.2054040756186,12.310273427130342
GSE214349,IVH_1d_1,6,order_x20um,2,2D_k15,0.8,1198.1928394185152,15.728802760817628
GSE214349,IVH_1d_1,6,order_x20um,2,2D_k16,0.8,1188.26699162328,16.614388107247148
GSE214349,IVH_1d_1,6,order_x20um,2,2D_k18,0.8,1170.0849825586556,18.548553225378285
GSE214349,IVH_1d_1,6,order_x20um,2,2D_k21,0.8,1148.8398712581163,21.98895672949297
GSE214349,IVH_1d_1,6,order_x20um,2,2D_k22,0.8,1143.963614379419,23.053464295195116
GSE214349,IVH_1d_1,6,order_x20um,2,2D_k24,0.8,1135.7728640831413,25.184496947172818
GSE214349,IVH_1d_1,6,order_x20um,2,3D_iso_z0.25,0.7,1617.66490905837,6.606424210246881
GSE214349,IVH_1d_1,6,order_x20um,2,3D_iso_z0.5,0.7,1611.6201009171095,6.649960180514999
GSE214349,IVH_1d_1,6,order_x20um,2,3D_iso_z1,0.7,1567.3706508601874,7.1640031855588
GSE214349,IVH_1d_1,6,order_x20um,2,3D_iso_z2,0.7,1601.4603443186638,6.455641093708522
GSE214349,IVH_1d_1,6,order_x20um,2,3D_iso_z4,0.8,1548.3859023089524,6.424634988054154
GSE214349,IVH_1d_1,6,order_x20um,2,3D_iso_z8,0.8,1579.7561080384914,6.130926466684365
GSE214349,IVH_1d_1,6,order_x20um,2,3D_cross_section,0.8,1286.8635542313189,11.4179984072206
GSE214349,IVH_1d_1,6,order_x20um,2,3D_cross_k12,0.8,1175.4413087112837,17.59723918237324
GSE214349,IVH_1d_1,6,order_x20um,2,3D_cross_k18,0.8,1135.3100754659813,23.835518980621185
GSE214349,IVH_3d_3,5,label_um,0,none,0.0,9648.66595649294,0.0
GSE214349,IVH_3d_3,5,label_um,0,2D,0.7,1528.2726619478703,6.155213194400051
GSE214349,IVH_3d_3,5,label_um,0,2D_k9,0.8,1331.9220073733973,9.553921881991943
GSE214349,IVH_3d_3,5,label_um,0,2D_k10,0.8,1310.8168137255664,10.250335613373394
GSE214349,IVH_3d_3,5,label_um,0,2D_k12,0.8,1266.8711527493433,12.341878156363869
GSE214349,IVH_3d_3,5,label_um,0,2D_k15,0.8,1223.963640438561,15.812440069040465
GSE214349,IVH_3d_3,5,label_um,0,2D_k16,0.8,1215.2748741605708,16.88819280189222
GSE214349,IVH_3d_3,5,label_um,0,2D_k18,0.8,1204.3863637444033,18.612158793070385
GSE214349,IVH_3d_3,5,label_um,0,2D_k21,0.8,1188.7777788208837,22.05612734130282
GSE214349,IVH_3d_3,5,label_um,0,2D_k22,0.8,1186.5936795189498,22.941507383494216
GSE214349,IVH_3d_3,5,label_um,0,2D_k24,0.8,1181.7096973889363,25.097615546889983
GSE214349,IVH_3d_3,5,label_um,0,3D_iso_z0.25,0.5,1702.3389029729287,6.657802211851947
GSE214349,IVH_3d_3,5,label_um,0,3D_iso_z0.5,0.6,1666.1278550201052,6.742824266445055
GSE214349,IVH_3d_3,5,label_um,0,3D_iso_z1,0.6,1614.954236474989,6.583008374352746
GSE214349,IVH_3d_3,5,label_um,0,3D_iso_z2,0.7,1540.9529195282,6.493639327494726
GSE214349,IVH_3d_3,5,label_um,0,3D_iso_z4,0.7,1518.889153794356,6.296106884868632
GSE214349,IVH_3d_3,5,label_um,0,3D_iso_z8,0.7,1528.291778548882,6.155341047113725
GSE214349,IVH_3d_3,5,label_um,0,3D_cross_section,0.8,1315.6806386904718,11.376206609985298
GSE214349,IVH_3d_3,5,label_um,0,3D_cross_k12,0.8,1213.1714601726096,17.562871571949113
GSE214349,IVH_3d_3,5,label_um,0,3D_cross_k18,0.8,1181.4689328457314,23.83315220865563
GSE214349,IVH_3d_3,5,label_um,1,none,0.0,9514.564786983454,0.0
GSE214349,IVH_3d_3,5,label_um,1,2D,0.7,1515.9553926928377,6.155213194400051
GSE214349,IVH_3d_3,5,label_um,1,2D_k9,0.8,1316.5289639115604,9.553921881991943
GSE214349,IVH_3d_3,5,label_um,1,2D_k10,0.8,1294.0778307903552,10.250335613373394
GSE214349,IVH_3d_3,5,label_um,1,2D_k12,0.8,1247.5234547028629,12.341878156363869
GSE214349,IVH_3d_3,5,label_um,1,2D_k15,0.8,1201.4931574271347,15.812440069040465
GSE214349,IVH_3d_3,5,label_um,1,2D_k16,0.8,1192.227818726721,16.88819280189222
GSE214349,IVH_3d_3,5,label_um,1,2D_k18,0.8,1179.6554264324534,18.612158793070385
GSE214349,IVH_3d_3,5,label_um,1,2D_k21,0.8,1161.5054076236534,22.05612734130282
GSE214349,IVH_3d_3,5,label_um,1,2D_k22,0.7,1167.52419813349,22.941507383494216
GSE214349,IVH_3d_3,5,label_um,1,2D_k24,0.7,1160.7831259152426,25.097615546889983
GSE214349,IVH_3d_3,5,label_um,1,3D_iso_z0.25,0.5,1654.1317382967063,6.657802211851947
GSE214349,IVH_3d_3,5,label_um,1,3D_iso_z0.5,0.5,1619.6844449829764,6.742824266445055
GSE214349,IVH_3d_3,5,label_um,1,3D_iso_z1,0.6,1575.348808830876,6.583008374352746
GSE214349,IVH_3d_3,5,label_um,1,3D_iso_z2,0.7,1518.346482150518,6.493639327494726
GSE214349,IVH_3d_3,5,label_um,1,3D_iso_z4,0.7,1504.5417223629024,6.296106884868632
GSE214349,IVH_3d_3,5,label_um,1,3D_iso_z8,0.7,1516.1239370644678,6.155341047113725
GSE214349,IVH_3d_3,5,label_um,1,3D_cross_section,0.7,1290.253318229562,11.376206609985298
GSE214349,IVH_3d_3,5,label_um,1,3D_cross_k12,0.7,1193.041194939089,17.562871571949113
GSE214349,IVH_3d_3,5,label_um,1,3D_cross_k18,0.7,1159.5002041510395,23.83315220865563
GSE214349,IVH_3d_3,5,label_um,2,none,0.0,9467.516804909204,0.0
GSE214349,IVH_3d_3,5,label_um,2,2D,0.7,1517.0529701323082,6.155213194400051
GSE214349,IVH_3d_3,5,label_um,2,2D_k9,0.8,1324.617994523179,9.553921881991943
GSE214349,IVH_3d_3,5,label_um,2,2D_k10,0.8,1302.933469208892,10.250335613373394
GSE214349,IVH_3d_3,5,label_um,2,2D_k12,0.8,1258.7190584442278,12.341878156363869
GSE214349,IVH_3d_3,5,label_um,2,2D_k15,0.8,1214.5912839932505,15.812440069040465
GSE214349,IVH_3d_3,5,label_um,2,2D_k16,0.8,1205.5450893865602,16.88819280189222
GSE214349,IVH_3d_3,5,label_um,2,2D_k18,0.8,1193.413246805881,18.612158793070385
GSE214349,IVH_3d_3,5,label_um,2,2D_k21,0.8,1176.8949829678488,22.05612734130282
GSE214349,IVH_3d_3,5,label_um,2,2D_k22,0.8,1174.0837606849027,22.941507383494216
GSE214349,IVH_3d_3,5,label_um,2,2D_k24,0.8,1168.548844739515,25.097615546889983
GSE214349,IVH_3d_3,5,label_um,2,3D_iso_z0.25,0.5,1665.497013269506,6.657802211851947
GSE214349,IVH_3d_3,5,label_um,2,3D_iso_z0.5,0.5,1630.0694530820865,6.742824266445055
GSE214349,IVH_3d_3,5,label_um,2,3D_iso_z1,0.6,1589.2384081991693,6.583008374352746
GSE214349,IVH_3d_3,5,label_um,2,3D_iso_z2,0.7,1526.1685337064766,6.493639327494726
GSE214349,IVH_3d_3,5,label_um,2,3D_iso_z4,0.7,1506.107712680414,6.296106884868632
GSE214349,IVH_3d_3,5,label_um,2,3D_iso_z8,0.7,1517.124627005567,6.155341047113725
GSE214349,IVH_3d_3,5,label_um,2,3D_cross_section,0.7,1297.7918545583057,11.376206609985298
GSE214349,IVH_3d_3,5,label_um,2,3D_cross_k12,0.8,1198.162105182728,17.562871571949113
GSE214349,IVH_3d_3,5,label_um,2,3D_cross_k18,0.8,1165.4069096561975,23.83315220865563
GSE214349,IVH_3d_3,5,order_x20um,0,none,0.0,9648.66595649294,0.0
GSE214349,IVH_3d_3,5,order_x20um,0,2D,0.7,1528.2726619478703,6.155213194400051
GSE214349,IVH_3d_3,5,order_x20um,0,2D_k9,0.8,1331.9220073733973,9.553921881991943
GSE214349,IVH_3d_3,5,order_x20um,0,2D_k10,0.8,1310.8168137255664,10.250335613373394
GSE214349,IVH_3d_3,5,order_x20um,0,2D_k12,0.8,1266.8711527493433,12.341878156363869
GSE214349,IVH_3d_3,5,order_x20um,0,2D_k15,0.8,1223.963640438561,15.812440069040465
GSE214349,IVH_3d_3,5,order_x20um,0,2D_k16,0.8,1215.2748741605708,16.88819280189222
GSE214349,IVH_3d_3,5,order_x20um,0,2D_k18,0.8,1204.3863637444033,18.612158793070385
GSE214349,IVH_3d_3,5,order_x20um,0,2D_k21,0.8,1188.7777788208837,22.05612734130282
GSE214349,IVH_3d_3,5,order_x20um,0,2D_k22,0.8,1186.5936795189498,22.941507383494216
GSE214349,IVH_3d_3,5,order_x20um,0,2D_k24,0.8,1181.7096973889363,25.097615546889983
GSE214349,IVH_3d_3,5,order_x20um,0,3D_iso_z0.25,0.5,1714.0129589702842,6.675573739052611
GSE214349,IVH_3d_3,5,order_x20um,0,3D_iso_z0.5,0.5,1701.747123808385,6.673144537492808
GSE214349,IVH_3d_3,5,order_x20um,0,3D_iso_z1,0.6,1649.5373588520445,7.045323786997379
GSE214349,IVH_3d_3,5,order_x20um,0,3D_iso_z2,0.6,1610.936429220257,6.475228536725692
GSE214349,IVH_3d_3,5,order_x20um,0,3D_iso_z4,0.7,1505.200656172094,6.396854823243624
GSE214349,IVH_3d_3,5,order_x20um,0,3D_iso_z8,0.7,1528.478391088933,6.156491721536789
GSE214349,IVH_3d_3,5,order_x20um,0,3D_cross_section,0.7,1318.6162395888946,11.376206609985298
GSE214349,IVH_3d_3,5,order_x20um,0,3D_cross_k12,0.8,1216.4321677825435,17.562871571949113
GSE214349,IVH_3d_3,5,order_x20um,0,3D_cross_k18,0.8,1183.5812402217432,23.83315220865563
GSE214349,IVH_3d_3,5,order_x20um,1,none,0.0,9514.564786983454,0.0
GSE214349,IVH_3d_3,5,order_x20um,1,2D,0.7,1515.9553926928377,6.155213194400051
GSE214349,IVH_3d_3,5,order_x20um,1,2D_k9,0.8,1316.5289639115604,9.553921881991943
GSE214349,IVH_3d_3,5,order_x20um,1,2D_k10,0.8,1294.0778307903552,10.250335613373394
GSE214349,IVH_3d_3,5,order_x20um,1,2D_k12,0.8,1247.5234547028629,12.341878156363869
GSE214349,IVH_3d_3,5,order_x20um,1,2D_k15,0.8,1201.4931574271347,15.812440069040465
GSE214349,IVH_3d_3,5,order_x20um,1,2D_k16,0.8,1192.227818726721,16.88819280189222
GSE214349,IVH_3d_3,5,order_x20um,1,2D_k18,0.8,1179.6554264324534,18.612158793070385
GSE214349,IVH_3d_3,5,order_x20um,1,2D_k21,0.8,1161.5054076236534,22.05612734130282
GSE214349,IVH_3d_3,5,order_x20um,1,2D_k22,0.7,1167.52419813349,22.941507383494216
GSE214349,IVH_3d_3,5,order_x20um,1,2D_k24,0.7,1160.7831259152426,25.097615546889983
GSE214349,IVH_3d_3,5,order_x20um,1,3D_iso_z0.25,0.5,1664.2473924195488,6.675573739052611
GSE214349,IVH_3d_3,5,order_x20um,1,3D_iso_z0.5,0.5,1653.3990880877784,6.673144537492808
GSE214349,IVH_3d_3,5,order_x20um,1,3D_iso_z1,0.5,1604.9568167610498,7.045323786997379
GSE214349,IVH_3d_3,5,order_x20um,1,3D_iso_z2,0.6,1572.4571643977786,6.475228536725692
GSE214349,IVH_3d_3,5,order_x20um,1,3D_iso_z4,0.7,1489.4104969783486,6.396854823243624
GSE214349,IVH_3d_3,5,order_x20um,1,3D_iso_z8,0.7,1516.3129381598408,6.156491721536789
GSE214349,IVH_3d_3,5,order_x20um,1,3D_cross_section,0.7,1293.283053973553,11.376206609985298
GSE214349,IVH_3d_3,5,order_x20um,1,3D_cross_k12,0.7,1194.5731983353091,17.562871571949113
GSE214349,IVH_3d_3,5,order_x20um,1,3D_cross_k18,0.7,1160.426701167063,23.83315220865563
GSE214349,IVH_3d_3,5,order_x20um,2,none,0.0,9467.516804909204,0.0
GSE214349,IVH_3d_3,5,order_x20um,2,2D,0.7,1517.0529701323082,6.155213194400051
GSE214349,IVH_3d_3,5,order_x20um,2,2D_k9,0.8,1324.617994523179,9.553921881991943
GSE214349,IVH_3d_3,5,order_x20um,2,2D_k10,0.8,1302.933469208892,10.250335613373394
GSE214349,IVH_3d_3,5,order_x20um,2,2D_k12,0.8,1258.7190584442278,12.341878156363869
GSE214349,IVH_3d_3,5,order_x20um,2,2D_k15,0.8,1214.5912839932505,15.812440069040465
GSE214349,IVH_3d_3,5,order_x20um,2,2D_k16,0.8,1205.5450893865602,16.88819280189222
GSE214349,IVH_3d_3,5,order_x20um,2,2D_k18,0.8,1193.413246805881,18.612158793070385
GSE214349,IVH_3d_3,5,order_x20um,2,2D_k21,0.8,1176.8949829678488,22.05612734130282
GSE214349,IVH_3d_3,5,order_x20um,2,2D_k22,0.8,1174.0837606849027,22.941507383494216
GSE214349,IVH_3d_3,5,order_x20um,2,2D_k24,0.8,1168.548844739515,25.097615546889983
GSE214349,IVH_3d_3,5,order_x20um,2,3D_iso_z0.25,0.5,1676.0083573223485,6.675573739052611
GSE214349,IVH_3d_3,5,order_x20um,2,3D_iso_z0.5,0.5,1664.4755170014955,6.673144537492808
GSE214349,IVH_3d_3,5,order_x20um,2,3D_iso_z1,0.5,1615.8919859480732,7.045323786997379
GSE214349,IVH_3d_3,5,order_x20um,2,3D_iso_z2,0.6,1581.3420801306306,6.475228536725692
GSE214349,IVH_3d_3,5,order_x20um,2,3D_iso_z4,0.7,1492.5522450142523,6.396854823243624
GSE214349,IVH_3d_3,5,order_x20um,2,3D_iso_z8,0.7,1517.1837628147955,6.156491721536789
GSE214349,IVH_3d_3,5,order_x20um,2,3D_cross_section,0.7,1301.0804392801426,11.376206609985298
GSE214349,IVH_3d_3,5,order_x20um,2,3D_cross_k12,0.8,1200.2930832554828,17.562871571949113
GSE214349,IVH_3d_3,5,order_x20um,2,3D_cross_k18,0.8,1166.7157734198074,23.83315220865563
GSE214349,IVH_7d_2,3,label_um,0,none,0.0,10289.772401089782,0.0
GSE214349,IVH_7d_2,3,label_um,0,2D,0.8,1608.3612233536162,6.130204390613172
GSE214349,IVH_7d_2,3,label_um,0,2D_k9,0.8,1351.1993640077774,9.445225478533578
GSE214349,IVH_7d_2,3,label_um,0,2D_k10,0.8,1317.3771986408444,10.240077863090733
GSE214349,IVH_7d_2,3,label_um,0,2D_k12,0.8,1254.9023908110876,12.31794095382286
GSE214349,IVH_7d_2,3,label_um,0,2D_k15,0.8,1197.1645139871302,15.713853141559424
GSE214349,IVH_7d_2,3,label_um,0,2D_k16,0.8,1186.658634222021,16.612090407699796
GSE214349,IVH_7d_2,3,label_um,0,2D_k18,0.8,1167.2013983432578,18.55390937601384
GSE214349,IVH_7d_2,3,label_um,0,2D_k21,0.8,1144.6019449403543,21.94917270466097
GSE214349,IVH_7d_2,3,label_um,0,2D_k22,0.8,1139.6762551761954,22.99102411592949
GSE214349,IVH_7d_2,3,label_um,0,2D_k24,0.8,1131.154695688224,25.005082729533903
GSE214349,IVH_7d_2,3,label_um,0,3D_iso_z0.25,0.7,1698.395932186165,6.242024440359035
GSE214349,IVH_7d_2,3,label_um,0,3D_iso_z0.5,0.7,1694.1559200950735,6.267113658483833
GSE214349,IVH_7d_2,3,label_um,0,3D_iso_z1,0.7,1663.0697397040146,6.409213799069969
GSE214349,IVH_7d_2,3,label_um,0,3D_iso_z2,0.7,1590.2988362644776,6.545474207851195
GSE214349,IVH_7d_2,3,label_um,0,3D_iso_z4,0.8,1609.8346897480867,6.120471504271656
GSE214349,IVH_7d_2,3,label_um,0,3D_iso_z8,0.8,1608.3162764371932,6.130204390613172
GSE214349,IVH_7d_2,3,label_um,0,3D_cross_section,0.8,1337.9059324494528,10.355358494646913
GSE214349,IVH_7d_2,3,label_um,0,3D_cross_k12,0.8,1190.6108100780052,16.5430950578566
GSE214349,IVH_7d_2,3,label_um,0,3D_cross_k18,0.8,1140.315857729751,22.779063480047583
GSE214349,IVH_7d_2,3,label_um,1,none,0.0,10305.400858651152,0.0
GSE214349,IVH_7d_2,3,label_um,1,2D,0.8,1610.4250534875086,6.130204390613172
GSE214349,IVH_7d_2,3,label_um,1,2D_k9,0.8,1349.5201205712506,9.445225478533578
GSE214349,IVH_7d_2,3,label_um,1,2D_k10,0.8,1315.7800169991858,10.240077863090733
GSE214349,IVH_7d_2,3,label_um,1,2D_k12,0.8,1254.0486327534793,12.31794095382286
GSE214349,IVH_7d_2,3,label_um,1,2D_k15,0.8,1195.0639709614734,15.713853141559424
GSE214349,IVH_7d_2,3,label_um,1,2D_k16,0.8,1184.1663287015535,16.612090407699796
GSE214349,IVH_7d_2,3,label_um,1,2D_k18,0.8,1164.1775125157797,18.55390937601384
GSE214349,IVH_7d_2,3,label_um,1,2D_k21,0.8,1142.4544087555937,21.94917270466097
GSE214349,IVH_7d_2,3,label_um,1,2D_k22,0.8,1137.4185530485636,22.99102411592949
GSE214349,IVH_7d_2,3,label_um,1,2D_k24,0.8,1129.3145678825576,25.005082729533903
GSE214349,IVH_7d_2,3,label_um,1,3D_iso_z0.25,0.7,1701.829554006964,6.242024440359035
GSE214349,IVH_7d_2,3,label_um,1,3D_iso_z0.5,0.7,1697.0056438305544,6.267113658483833
GSE214349,IVH_7d_2,3,label_um,1,3D_iso_z1,0.7,1665.258661686042,6.409213799069969
GSE214349,IVH_7d_2,3,label_um,1,3D_iso_z2,0.7,1590.8695710912762,6.545474207851195
GSE214349,IVH_7d_2,3,label_um,1,3D_iso_z4,0.8,1611.6092405158051,6.120471504271656
GSE214349,IVH_7d_2,3,label_um,1,3D_iso_z8,0.8,1610.4122958258297,6.130204390613172
GSE214349,IVH_7d_2,3,label_um,1,3D_cross_section,0.8,1337.173558240465,10.355358494646913
GSE214349,IVH_7d_2,3,label_um,1,3D_cross_k12,0.8,1189.3999124343547,16.5430950578566
GSE214349,IVH_7d_2,3,label_um,1,3D_cross_k18,0.8,1138.6129045338896,22.779063480047583
GSE214349,IVH_7d_2,3,label_um,2,none,0.0,10382.068659052477,0.0
GSE214349,IVH_7d_2,3,label_um,2,2D,0.8,1589.2296219975217,6.130204390613172
GSE214349,IVH_7d_2,3,label_um,2,2D_k9,0.8,1336.873832226087,9.445225478533578
GSE214349,IVH_7d_2,3,label_um,2,2D_k10,0.8,1304.4160389854774,10.240077863090733
GSE214349,IVH_7d_2,3,label_um,2,2D_k12,0.8,1244.2789438478271,12.31794095382286
GSE214349,IVH_7d_2,3,label_um,2,2D_k15,0.8,1188.5990447777788,15.713853141559424
GSE214349,IVH_7d_2,3,label_um,2,2D_k16,0.8,1177.8480674718771,16.612090407699796
GSE214349,IVH_7d_2,3,label_um,2,2D_k18,0.8,1158.697341169168,18.55390937601384
GSE214349,IVH_7d_2,3,label_um,2,2D_k21,0.8,1137.033720990758,21.94917270466097
GSE214349,IVH_7d_2,3,label_um,2,2D_k22,0.8,1132.5504693531177,22.99102411592949
GSE214349,IVH_7d_2,3,label_um,2,2D_k24,0.8,1124.4615678059629,25.005082729533903
GSE214349,IVH_7d_2,3,label_um,2,3D_iso_z0.25,0.7,1671.077097963725,6.242024440359035
GSE214349,IVH_7d_2,3,label_um,2,3D_iso_z0.5,0.7,1666.9101865472437,6.267113658483833
GSE214349,IVH_7d_2,3,label_um,2,3D_iso_z1,0.7,1638.8654453517772,6.409213799069969
GSE214349,IVH_7d_2,3,label_um,2,3D_iso_z2,0.7,1570.6158189992902,6.545474207851195
GSE214349,IVH_7d_2,3,label_um,2,3D_iso_z4,0.8,1590.0762419570142,6.120471504271656
GSE214349,IVH_7d_2,3,label_um,2,3D_iso_z8,0.8,1589.2121251918338,6.130204390613172
GSE214349,IVH_7d_2,3,label_um,2,3D_cross_section,0.8,1324.9543241509873,10.355358494646913
GSE214349,IVH_7d_2,3,label_um,2,3D_cross_k12,0.8,1181.872122117912,16.5430950578566
GSE214349,IVH_7d_2,3,label_um,2,3D_cross_k18,0.8,1132.896935252788,22.779063480047583
GSE214349,IVH_7d_2,3,order_x20um,0,none,0.0,10289.772401089782,0.0
GSE214349,IVH_7d_2,3,order_x20um,0,2D,0.8,1608.3612233536162,6.130204390613172
GSE214349,IVH_7d_2,3,order_x20um,0,2D_k9,0.8,1351.1993640077774,9.445225478533578
GSE214349,IVH_7d_2,3,order_x20um,0,2D_k10,0.8,1317.3771986408444,10.240077863090733
GSE214349,IVH_7d_2,3,order_x20um,0,2D_k12,0.8,1254.9023908110876,12.31794095382286
GSE214349,IVH_7d_2,3,order_x20um,0,2D_k15,0.8,1197.1645139871302,15.713853141559424
GSE214349,IVH_7d_2,3,order_x20um,0,2D_k16,0.8,1186.658634222021,16.612090407699796
GSE214349,IVH_7d_2,3,order_x20um,0,2D_k18,0.8,1167.2013983432578,18.55390937601384
GSE214349,IVH_7d_2,3,order_x20um,0,2D_k21,0.8,1144.6019449403543,21.94917270466097
GSE214349,IVH_7d_2,3,order_x20um,0,2D_k22,0.8,1139.6762551761954,22.99102411592949
GSE214349,IVH_7d_2,3,order_x20um,0,2D_k24,0.8,1131.154695688224,25.005082729533903
GSE214349,IVH_7d_2,3,order_x20um,0,3D_iso_z0.25,0.7,1698.2077580731325,6.241375581269601
GSE214349,IVH_7d_2,3,order_x20um,0,3D_iso_z0.5,0.7,1697.638996774769,6.245052449443063
GSE214349,IVH_7d_2,3,order_x20um,0,3D_iso_z1,0.7,1686.0557440403493,6.31967124472802
GSE214349,IVH_7d_2,3,order_x20um,0,3D_iso_z2,0.7,1652.2328828507707,6.370714826430193
GSE214349,IVH_7d_2,3,order_x20um,0,3D_iso_z4,0.8,1578.317051265194,6.406618362712231
GSE214349,IVH_7d_2,3,order_x20um,0,3D_iso_z8,0.8,1608.3836926982644,6.129555531523738
GSE214349,IVH_7d_2,3,order_x20um,0,3D_cross_section,0.8,1338.4988875600825,10.355358494646913
GSE214349,IVH_7d_2,3,order_x20um,0,3D_cross_k12,0.8,1190.8928126838327,16.5430950578566
GSE214349,IVH_7d_2,3,order_x20um,0,3D_cross_k18,0.8,1140.4774011330046,22.779063480047583
GSE214349,IVH_7d_2,3,order_x20um,1,none,0.0,10305.400858651152,0.0
GSE214349,IVH_7d_2,3,order_x20um,1,2D,0.8,1610.4250534875086,6.130204390613172
GSE214349,IVH_7d_2,3,order_x20um,1,2D_k9,0.8,1349.5201205712506,9.445225478533578
GSE214349,IVH_7d_2,3,order_x20um,1,2D_k10,0.8,1315.7800169991858,10.240077863090733
GSE214349,IVH_7d_2,3,order_x20um,1,2D_k12,0.8,1254.0486327534793,12.31794095382286
GSE214349,IVH_7d_2,3,order_x20um,1,2D_k15,0.8,1195.0639709614734,15.713853141559424
GSE214349,IVH_7d_2,3,order_x20um,1,2D_k16,0.8,1184.1663287015535,16.612090407699796
GSE214349,IVH_7d_2,3,order_x20um,1,2D_k18,0.8,1164.1775125157797,18.55390937601384
GSE214349,IVH_7d_2,3,order_x20um,1,2D_k21,0.8,1142.4544087555937,21.94917270466097
GSE214349,IVH_7d_2,3,order_x20um,1,2D_k22,0.8,1137.4185530485636,22.99102411592949
GSE214349,IVH_7d_2,3,order_x20um,1,2D_k24,0.8,1129.3145678825576,25.005082729533903
GSE214349,IVH_7d_2,3,order_x20um,1,3D_iso_z0.25,0.7,1701.49713683915,6.241375581269601
GSE214349,IVH_7d_2,3,order_x20um,1,3D_iso_z0.5,0.7,1701.1110871353535,6.245052449443063
GSE214349,IVH_7d_2,3,order_x20um,1,3D_iso_z1,0.7,1687.8765916249808,6.31967124472802
GSE214349,IVH_7d_2,3,order_x20um,1,3D_iso_z2,0.7,1651.7650512720022,6.370714826430193
GSE214349,IVH_7d_2,3,order_x20um,1,3D_iso_z4,0.8,1577.6937890270872,6.406618362712231
GSE214349,IVH_7d_2,3,order_x20um,1,3D_iso_z8,0.8,1610.4396893481958,6.129555531523738
GSE214349,IVH_7d_2,3,order_x20um,1,3D_cross_section,0.8,1337.7425643963231,10.355358494646913
GSE214349,IVH_7d_2,3,order_x20um,1,3D_cross_k12,0.8,1189.6725142665905,16.5430950578566
GSE214349,IVH_7d_2,3,order_x20um,1,3D_cross_k18,0.8,1138.7717491386632,22.779063480047583
GSE214349,IVH_7d_2,3,order_x20um,2,none,0.0,10382.068659052477,0.0
GSE214349,IVH_7d_2,3,order_x20um,2,2D,0.8,1589.2296219975217,6.130204390613172
GSE214349,IVH_7d_2,3,order_x20um,2,2D_k9,0.8,1336.873832226087,9.445225478533578
GSE214349,IVH_7d_2,3,order_x20um,2,2D_k10,0.8,1304.4160389854774,10.240077863090733
GSE214349,IVH_7d_2,3,order_x20um,2,2D_k12,0.8,1244.2789438478271,12.31794095382286
GSE214349,IVH_7d_2,3,order_x20um,2,2D_k15,0.8,1188.5990447777788,15.713853141559424
GSE214349,IVH_7d_2,3,order_x20um,2,2D_k16,0.8,1177.8480674718771,16.612090407699796
GSE214349,IVH_7d_2,3,order_x20um,2,2D_k18,0.8,1158.697341169168,18.55390937601384
GSE214349,IVH_7d_2,3,order_x20um,2,2D_k21,0.8,1137.033720990758,21.94917270466097
GSE214349,IVH_7d_2,3,order_x20um,2,2D_k22,0.8,1132.5504693531177,22.99102411592949
GSE214349,IVH_7d_2,3,order_x20um,2,2D_k24,0.8,1124.4615678059629,25.005082729533903
GSE214349,IVH_7d_2,3,order_x20um,2,3D_iso_z0.25,0.7,1670.9975349105805,6.241375581269601
GSE214349,IVH_7d_2,3,order_x20um,2,3D_iso_z0.5,0.7,1670.5905371177746,6.245052449443063
GSE214349,IVH_7d_2,3,order_x20um,2,3D_iso_z1,0.7,1658.3996946139584,6.31967124472802
GSE214349,IVH_7d_2,3,order_x20um,2,3D_iso_z2,0.7,1629.027664808339,6.370714826430193
GSE214349,IVH_7d_2,3,order_x20um,2,3D_iso_z4,0.8,1557.6114515070108,6.406618362712231
GSE214349,IVH_7d_2,3,order_x20um,2,3D_iso_z8,0.8,1589.300156617643,6.129555531523738
GSE214349,IVH_7d_2,3,order_x20um,2,3D_cross_section,0.8,1325.4459153023531,10.355358494646913
GSE214349,IVH_7d_2,3,order_x20um,2,3D_cross_k12,0.8,1182.1071351110888,16.5430950578566
GSE214349,IVH_7d_2,3,order_x20um,2,3D_cross_k18,0.8,1133.0308743410126,22.779063480047583
GSE214349,IVH_C1,2,label_um,0,none,0.0,10136.903701865076,0.0
GSE214349,IVH_C1,2,label_um,0,2D,0.7,1585.9981259706235,6.132122730118973
GSE214349,IVH_C1,2,label_um,0,2D_k9,0.8,1369.7745044751557,9.392298058860364
GSE214349,IVH_C1,2,label_um,0,2D_k10,0.8,1337.0354056211002,10.231058234189105
GSE214349,IVH_C1,2,label_um,0,2D_k12,0.8,1287.0634014257068,12.313713212273012
GSE214349,IVH_C1,2,label_um,0,2D_k15,0.8,1240.2885511879333,15.752348152786476
GSE214349,IVH_C1,2,label_um,0,2D_k16,0.8,1230.1938091615318,16.830306825297434
GSE214349,IVH_C1,2,label_um,0,2D_k18,0.8,1216.3787578777592,18.5463368816531
GSE214349,IVH_C1,2,label_um,0,2D_k21,0.8,1201.968010684561,21.819661865998743
GSE214349,IVH_C1,2,label_um,0,2D_k22,0.8,1198.7385880478755,22.799311208515967
GSE214349,IVH_C1,2,label_um,0,2D_k24,0.8,1192.667532360378,25.079211020663745
GSE214349,IVH_C1,2,label_um,0,3D_iso_z0.25,0.7,1563.6766280027598,6.41108328115216
GSE214349,IVH_C1,2,label_um,0,3D_iso_z0.5,0.7,1563.6438200080431,6.41108328115216
GSE214349,IVH_C1,2,label_um,0,3D_iso_z1,0.7,1563.6438200080431,6.41108328115216
GSE214349,IVH_C1,2,label_um,0,3D_iso_z2,0.7,1586.0891516498134,6.134940513462743
GSE214349,IVH_C1,2,label_um,0,3D_iso_z4,0.7,1585.981349191141,6.132122730118973
GSE214349,IVH_C1,2,label_um,0,3D_iso_z8,0.7,1585.9111752074382,6.132122730118973
GSE214349,IVH_C1,2,label_um,0,3D_cross_section,0.7,1378.2731356405563,9.365059486537255
GSE214349,IVH_C1,2,label_um,0,3D_cross_k12,0.8,1239.1623630050562,15.546649968691296
GSE214349,IVH_C1,2,label_um,0,3D_cross_k18,0.8,1197.3893229751914,21.779273638071384
GSE214349,IVH_C1,2,label_um,1,none,0.0,9985.896074008591,0.0
GSE214349,IVH_C1,2,label_um,1,2D,0.7,1576.4501534739295,6.132122730118973
GSE214349,IVH_C1,2,label_um,1,2D_k9,0.8,1368.4507312699825,9.392298058860364
GSE214349,IVH_C1,2,label_um,1,2D_k10,0.8,1336.6412963294586,10.231058234189105
GSE214349,IVH_C1,2,label_um,1,2D_k12,0.8,1287.0457293562642,12.313713212273012
GSE214349,IVH_C1,2,label_um,1,2D_k15,0.8,1241.4071122244695,15.752348152786476
GSE214349,IVH_C1,2,label_um,1,2D_k16,0.8,1231.0563288432115,16.830306825297434
GSE214349,IVH_C1,2,label_um,1,2D_k18,0.8,1218.5267145059092,18.5463368816531
GSE214349,IVH_C1,2,label_um,1,2D_k21,0.8,1205.6377556885468,21.819661865998743
GSE214349,IVH_C1,2,label_um,1,2D_k22,0.8,1202.6963593310404,22.799311208515967
GSE214349,IVH_C1,2,label_um,1,2D_k24,0.8,1196.8858112719165,25.079211020663745
GSE214349,IVH_C1,2,label_um,1,3D_iso_z0.25,0.7,1555.5789004570204,6.41108328115216
GSE214349,IVH_C1,2,label_um,1,3D_iso_z0.5,0.7,1555.5666549551152,6.41108328115216
GSE214349,IVH_C1,2,label_um,1,3D_iso_z1,0.7,1555.5666549551152,6.41108328115216
GSE214349,IVH_C1,2,label_um,1,3D_iso_z2,0.7,1576.4908129222588,6.134940513462743
GSE214349,IVH_C1,2,label_um,1,3D_iso_z4,0.7,1576.5253320668137,6.132122730118973
GSE214349,IVH_C1,2,label_um,1,3D_iso_z8,0.7,1576.3528608005774,6.132122730118973
GSE214349,IVH_C1,2,label_um,1,3D_cross_section,0.8,1379.287932963604,9.365059486537255
GSE214349,IVH_C1,2,label_um,1,3D_cross_k12,0.8,1241.5313118498536,15.546649968691296
GSE214349,IVH_C1,2,label_um,1,3D_cross_k18,0.8,1200.7799768614057,21.779273638071384
GSE214349,IVH_C1,2,label_um,2,none,0.0,9874.56923415032,0.0
GSE214349,IVH_C1,2,label_um,2,2D,0.7,1566.9119668118694,6.132122730118973
GSE214349,IVH_C1,2,label_um,2,2D_k9,0.8,1358.679679617445,9.392298058860364
GSE214349,IVH_C1,2,label_um,2,2D_k10,0.8,1327.646795156067,10.231058234189105
GSE214349,IVH_C1,2,label_um,2,2D_k12,0.8,1277.6436697281636,12.313713212273012
GSE214349,IVH_C1,2,label_um,2,2D_k15,0.8,1230.3216315483803,15.752348152786476
GSE214349,IVH_C1,2,label_um,2,2D_k16,0.8,1219.964252839348,16.830306825297434
GSE214349,IVH_C1,2,label_um,2,2D_k18,0.8,1206.9531134839713,18.5463368816531
GSE214349,IVH_C1,2,label_um,2,2D_k21,0.8,1192.2345546438153,21.819661865998743
GSE214349,IVH_C1,2,label_um,2,2D_k22,0.8,1188.8239887145166,22.799311208515967
GSE214349,IVH_C1,2,label_um,2,2D_k24,0.8,1182.8301276843697,25.079211020663745
GSE214349,IVH_C1,2,label_um,2,3D_iso_z0.25,0.7,1549.371272005177,6.41108328115216
GSE214349,IVH_C1,2,label_um,2,3D_iso_z0.5,0.7,1549.3539942182845,6.41108328115216
GSE214349,IVH_C1,2,label_um,2,3D_iso_z1,0.7,1549.3539942182845,6.41108328115216
GSE214349,IVH_C1,2,label_um,2,3D_iso_z2,0.7,1568.540027909403,6.134940513462743
GSE214349,IVH_C1,2,label_um,2,3D_iso_z4,0.7,1566.9504092206628,6.132122730118973
GSE214349,IVH_C1,2,label_um,2,3D_iso_z8,0.7,1566.9205855108823,6.132122730118973
GSE214349,IVH_C1,2,label_um,2,3D_cross_section,0.8,1373.854566231891,9.365059486537255
GSE214349,IVH_C1,2,label_um,2,3D_cross_k12,0.8,1233.35803392121,15.546649968691296
GSE214349,IVH_C1,2,label_um,2,3D_cross_k18,0.8,1190.382727228955,21.779273638071384
GSE214349,IVH_C1,2,order_x20um,0,none,0.0,10136.903701865076,0.0
GSE214349,IVH_C1,2,order_x20um,0,2D,0.7,1585.9981259706235,6.132122730118973
GSE214349,IVH_C1,2,order_x20um,0,2D_k9,0.8,1369.7745044751557,9.392298058860364
GSE214349,IVH_C1,2,order_x20um,0,2D_k10,0.8,1337.0354056211002,10.231058234189105
GSE214349,IVH_C1,2,order_x20um,0,2D_k12,0.8,1287.0634014257068,12.313713212273012
GSE214349,IVH_C1,2,order_x20um,0,2D_k15,0.8,1240.2885511879333,15.752348152786476
GSE214349,IVH_C1,2,order_x20um,0,2D_k16,0.8,1230.1938091615318,16.830306825297434
GSE214349,IVH_C1,2,order_x20um,0,2D_k18,0.8,1216.3787578777592,18.5463368816531
GSE214349,IVH_C1,2,order_x20um,0,2D_k21,0.8,1201.968010684561,21.819661865998743
GSE214349,IVH_C1,2,order_x20um,0,2D_k22,0.8,1198.7385880478755,22.799311208515967
GSE214349,IVH_C1,2,order_x20um,0,2D_k24,0.8,1192.667532360378,25.079211020663745
GSE214349,IVH_C1,2,order_x20um,0,3D_iso_z0.25,0.7,1600.6249231890722,6.529743268628679
GSE214349,IVH_C1,2,order_x20um,0,3D_iso_z0.5,0.7,1563.8410529280627,6.41202254226675
GSE214349,IVH_C1,2,order_x20um,0,3D_iso_z1,0.7,1563.6438200080431,6.41108328115216
GSE214349,IVH_C1,2,order_x20um,0,3D_iso_z2,0.7,1563.6438200080431,6.41108328115216
GSE214349,IVH_C1,2,order_x20um,0,3D_iso_z4,0.7,1563.6438200080431,6.41108328115216
GSE214349,IVH_C1,2,order_x20um,0,3D_iso_z8,0.7,1585.9773542678454,6.13243581715717
GSE214349,IVH_C1,2,order_x20um,0,3D_cross_section,0.7,1381.1367518597824,9.365059486537255
GSE214349,IVH_C1,2,order_x20um,0,3D_cross_k12,0.8,1240.6866852667158,15.546649968691296
GSE214349,IVH_C1,2,order_x20um,0,3D_cross_k18,0.8,1198.1562046574545,21.779273638071384
GSE214349,IVH_C1,2,order_x20um,1,none,0.0,9985.896074008591,0.0
GSE214349,IVH_C1,2,order_x20um,1,2D,0.7,1576.4501534739295,6.132122730118973
GSE214349,IVH_C1,2,order_x20um,1,2D_k9,0.8,1368.4507312699825,9.392298058860364
GSE214349,IVH_C1,2,order_x20um,1,2D_k10,0.8,1336.6412963294586,10.231058234189105
GSE214349,IVH_C1,2,order_x20um,1,2D_k12,0.8,1287.0457293562642,12.313713212273012
GSE214349,IVH_C1,2,order_x20um,1,2D_k15,0.8,1241.4071122244695,15.752348152786476
GSE214349,IVH_C1,2,order_x20um,1,2D_k16,0.8,1231.0563288432115,16.830306825297434
GSE214349,IVH_C1,2,order_x20um,1,2D_k18,0.8,1218.5267145059092,18.5463368816531
GSE214349,IVH_C1,2,order_x20um,1,2D_k21,0.8,1205.6377556885468,21.819661865998743
GSE214349,IVH_C1,2,order_x20um,1,2D_k22,0.8,1202.6963593310404,22.799311208515967
GSE214349,IVH_C1,2,order_x20um,1,2D_k24,0.8,1196.8858112719165,25.079211020663745
GSE214349,IVH_C1,2,order_x20um,1,3D_iso_z0.25,0.7,1595.281706957547,6.529743268628679
GSE214349,IVH_C1,2,order_x20um,1,3D_iso_z0.5,0.7,1555.8311490458605,6.41202254226675
GSE214349,IVH_C1,2,order_x20um,1,3D_iso_z1,0.7,1555.5666549551152,6.41108328115216
GSE214349,IVH_C1,2,order_x20um,1,3D_iso_z2,0.7,1555.5666549551152,6.41108328115216
GSE214349,IVH_C1,2,order_x20um,1,3D_iso_z4,0.7,1555.5666549551152,6.41108328115216
GSE214349,IVH_C1,2,order_x20um,1,3D_iso_z8,0.7,1576.6060813626054,6.13243581715717
GSE214349,IVH_C1,2,order_x20um,1,3D_cross_section,0.8,1383.555092920504,9.365059486537255
GSE214349,IVH_C1,2,order_x20um,1,3D_cross_k12,0.8,1243.2629376224395,15.546649968691296
GSE214349,IVH_C1,2,order_x20um,1,3D_cross_k18,0.8,1201.663396135729,21.779273638071384
GSE214349,IVH_C1,2,order_x20um,2,none,0.0,9874.56923415032,0.0
GSE214349,IVH_C1,2,order_x20um,2,2D,0.7,1566.9119668118694,6.132122730118973
GSE214349,IVH_C1,2,order_x20um,2,2D_k9,0.8,1358.679679617445,9.392298058860364
GSE214349,IVH_C1,2,order_x20um,2,2D_k10,0.8,1327.646795156067,10.231058234189105
GSE214349,IVH_C1,2,order_x20um,2,2D_k12,0.8,1277.6436697281636,12.313713212273012
GSE214349,IVH_C1,2,order_x20um,2,2D_k15,0.8,1230.3216315483803,15.752348152786476
GSE214349,IVH_C1,2,order_x20um,2,2D_k16,0.8,1219.964252839348,16.830306825297434
GSE214349,IVH_C1,2,order_x20um,2,2D_k18,0.8,1206.9531134839713,18.5463368816531
GSE214349,IVH_C1,2,order_x20um,2,2D_k21,0.8,1192.2345546438153,21.819661865998743
GSE214349,IVH_C1,2,order_x20um,2,2D_k22,0.8,1188.8239887145166,22.799311208515967
GSE214349,IVH_C1,2,order_x20um,2,2D_k24,0.8,1182.8301276843697,25.079211020663745
GSE214349,IVH_C1,2,order_x20um,2,3D_iso_z0.25,0.7,1587.133970804365,6.529743268628679
GSE214349,IVH_C1,2,order_x20um,2,3D_iso_z0.5,0.7,1549.235540257073,6.41202254226675
GSE214349,IVH_C1,2,order_x20um,2,3D_iso_z1,0.7,1549.3539942182845,6.41108328115216
GSE214349,IVH_C1,2,order_x20um,2,3D_iso_z2,0.7,1549.3539942182845,6.41108328115216
GSE214349,IVH_C1,2,order_x20um,2,3D_iso_z4,0.7,1549.3539942182845,6.41108328115216
GSE214349,IVH_C1,2,order_x20um,2,3D_iso_z8,0.7,1567.14999947382,6.13243581715717
GSE214349,IVH_C1,2,order_x20um,2,3D_cross_section,0.8,1378.6913602652105,9.365059486537255
GSE214349,IVH_C1,2,order_x20um,2,3D_cross_k12,0.8,1235.5268506053271,15.546649968691296
GSE214349,IVH_C1,2,order_x20um,2,3D_cross_k18,0.8,1191.647796281754,21.779273638071384
GSE214349,IVH_S1,3,label_um,0,none,0.0,9848.160245726587,0.0
GSE214349,IVH_S1,3,label_um,0,2D,0.7,1592.6386720600813,6.1496399639964
GSE214349,IVH_S1,3,label_um,0,2D_k9,0.7,1376.382664493625,9.509900990099007
GSE214349,IVH_S1,3,label_um,0,2D_k10,0.7,1350.2549635839484,10.251575157515752
GSE214349,IVH_S1,3,label_um,0,2D_k12,0.7,1298.586611781648,12.355985598559856
GSE214349,IVH_S1,3,label_um,0,2D_k15,0.7,1251.6679426361943,15.651890189018902
GSE214349,IVH_S1,3,label_um,0,2D_k16,0.7,1240.007172013548,16.770702070207022
GSE214349,IVH_S1,3,label_um,0,2D_k18,0.7,1224.75716308936,18.614536453645364
GSE214349,IVH_S1,3,label_um,0,2D_k21,0.7,1207.060900539998,21.991674167416743
GSE214349,IVH_S1,3,label_um,0,2D_k22,0.7,1203.7542498645328,22.898964896489648
GSE214349,IVH_S1,3,label_um,0,2D_k24,0.7,1196.9190305552308,25.10373537353735
GSE214349,IVH_S1,3,label_um,0,3D_iso_z0.25,0.6,1702.4578937209592,6.244149414941494
GSE214349,IVH_S1,3,label_um,0,3D_iso_z0.5,0.6,1701.2642986612232,6.24009900990099
GSE214349,IVH_S1,3,label_um,0,3D_iso_z1,0.6,1662.769276169918,6.378487848784879
GSE214349,IVH_S1,3,label_um,0,3D_iso_z2,0.7,1584.7045268924755,6.482898289828983
GSE214349,IVH_S1,3,label_um,0,3D_iso_z4,0.7,1594.393302175711,6.134788478847884
GSE214349,IVH_S1,3,label_um,0,3D_iso_z8,0.7,1592.566523129084,6.1500900090009
GSE214349,IVH_S1,3,label_um,0,3D_cross_section,0.7,1357.0843150833891,10.453645364536454
GSE214349,IVH_S1,3,label_um,0,3D_cross_k12,0.7,1237.9490358038954,16.65999099909991
GSE214349,IVH_S1,3,label_um,0,3D_cross_k18,0.7,1197.7590963353316,22.918541854185417
GSE214349,IVH_S1,3,label_um,1,none,0.0,9551.546998491682,0.0
GSE214349,IVH_S1,3,label_um,1,2D,0.7,1582.9414207500583,6.1496399639964
GSE214349,IVH_S1,3,label_um,1,2D_k9,0.7,1362.6783899288268,9.509900990099007
GSE214349,IVH_S1,3,label_um,1,2D_k10,0.7,1335.6653270824468,10.251575157515752
GSE214349,IVH_S1,3,label_um,1,2D_k12,0.7,1281.1407213691325,12.355985598559856
GSE214349,IVH_S1,3,label_um,1,2D_k15,0.7,1232.054859979252,15.651890189018902
GSE214349,IVH_S1,3,label_um,1,2D_k16,0.7,1220.3723936025212,16.770702070207022
GSE214349,IVH_S1,3,label_um,1,2D_k18,0.7,1204.4258025048991,18.614536453645364
GSE214349,IVH_S1,3,label_um,1,2D_k21,0.7,1185.9400845827513,21.991674167416743
GSE214349,IVH_S1,3,label_um,1,2D_k22,0.7,1182.2535154026132,22.898964896489648
GSE214349,IVH_S1,3,label_um,1,2D_k24,0.7,1174.314253561392,25.10373537353735
GSE214349,IVH_S1,3,label_um,1,3D_iso_z0.25,0.6,1694.7374741275903,6.244149414941494
GSE214349,IVH_S1,3,label_um,1,3D_iso_z0.5,0.6,1693.530147825,6.24009900990099
GSE214349,IVH_S1,3,label_um,1,3D_iso_z1,0.6,1653.9789914852,6.378487848784879
GSE214349,IVH_S1,3,label_um,1,3D_iso_z2,0.7,1573.1944835686324,6.482898289828983
GSE214349,IVH_S1,3,label_um,1,3D_iso_z4,0.7,1584.1043962771246,6.134788478847884
GSE214349,IVH_S1,3,label_um,1,3D_iso_z8,0.7,1582.6428854120782,6.1500900090009
GSE214349,IVH_S1,3,label_um,1,3D_cross_section,0.7,1343.075775783804,10.453645364536454
GSE214349,IVH_S1,3,label_um,1,3D_cross_k12,0.7,1219.4592866544397,16.65999099909991
GSE214349,IVH_S1,3,label_um,1,3D_cross_k18,0.7,1177.1881984243057,22.918541854185417
GSE214349,IVH_S1,3,label_um,2,none,0.0,9578.479124299163,0.0
GSE214349,IVH_S1,3,label_um,2,2D,0.7,1578.6106038101636,6.1496399639964
GSE214349,IVH_S1,3,label_um,2,2D_k9,0.7,1364.5678537404926,9.509900990099007
GSE214349,IVH_S1,3,label_um,2,2D_k10,0.7,1338.607955548805,10.251575157515752
GSE214349,IVH_S1,3,label_um,2,2D_k12,0.7,1285.5862707024664,12.355985598559856
GSE214349,IVH_S1,3,label_um,2,2D_k15,0.7,1237.8210928755532,15.651890189018902
GSE214349,IVH_S1,3,label_um,2,2D_k16,0.7,1226.5264896960816,16.770702070207022
GSE214349,IVH_S1,3,label_um,2,2D_k18,0.7,1211.5384967562377,18.614536453645364
GSE214349,IVH_S1,3,label_um,2,2D_k21,0.7,1194.1551269207416,21.991674167416743
GSE214349,IVH_S1,3,label_um,2,2D_k22,0.7,1191.2487498448706,22.898964896489648
GSE214349,IVH_S1,3,label_um,2,2D_k24,0.7,1183.9097114958315,25.10373537353735
GSE214349,IVH_S1,3,label_um,2,3D_iso_z0.25,0.6,1694.9891358611203,6.244149414941494
GSE214349,IVH_S1,3,label_um,2,3D_iso_z0.5,0.6,1693.1061198388736,6.24009900990099
GSE214349,IVH_S1,3,label_um,2,3D_iso_z1,0.6,1653.4338326551674,6.378487848784879
GSE214349,IVH_S1,3,label_um,2,3D_iso_z2,0.7,1571.1392741936306,6.482898289828983
GSE214349,IVH_S1,3,label_um,2,3D_iso_z4,0.7,1581.40606744226,6.134788478847884
GSE214349,IVH_S1,3,label_um,2,3D_iso_z8,0.7,1578.5026753510408,6.1500900090009
GSE214349,IVH_S1,3,label_um,2,3D_cross_section,0.7,1347.6607189589724,10.453645364536454
GSE214349,IVH_S1,3,label_um,2,3D_cross_k12,0.7,1225.4399806471688,16.65999099909991
GSE214349,IVH_S1,3,label_um,2,3D_cross_k18,0.7,1184.54300052407,22.918541854185417
GSE214349,IVH_S1,3,order_x20um,0,none,0.0,9848.160245726587,0.0
GSE214349,IVH_S1,3,order_x20um,0,2D,0.7,1592.6386720600813,6.1496399639964
GSE214349,IVH_S1,3,order_x20um,0,2D_k9,0.7,1376.382664493625,9.509900990099007
GSE214349,IVH_S1,3,order_x20um,0,2D_k10,0.7,1350.2549635839484,10.251575157515752
GSE214349,IVH_S1,3,order_x20um,0,2D_k12,0.7,1298.586611781648,12.355985598559856
GSE214349,IVH_S1,3,order_x20um,0,2D_k15,0.7,1251.6679426361943,15.651890189018902
GSE214349,IVH_S1,3,order_x20um,0,2D_k16,0.7,1240.007172013548,16.770702070207022
GSE214349,IVH_S1,3,order_x20um,0,2D_k18,0.7,1224.75716308936,18.614536453645364
GSE214349,IVH_S1,3,order_x20um,0,2D_k21,0.7,1207.060900539998,21.991674167416743
GSE214349,IVH_S1,3,order_x20um,0,2D_k22,0.7,1203.7542498645328,22.898964896489648
GSE214349,IVH_S1,3,order_x20um,0,2D_k24,0.7,1196.9190305552308,25.10373537353735
GSE214349,IVH_S1,3,order_x20um,0,3D_iso_z0.25,0.6,1702.305642678924,6.2504500450045
GSE214349,IVH_S1,3,order_x20um,0,3D_iso_z0.5,0.6,1702.5403672944035,6.23964896489649
GSE214349,IVH_S1,3,order_x20um,0,3D_iso_z1,0.6,1694.2573982513547,6.284203420342034
GSE214349,IVH_S1,3,order_x20um,0,3D_iso_z2,0.7,1635.094827390853,6.374662466246624
GSE214349,IVH_S1,3,order_x20um,0,3D_iso_z4,0.7,1572.6531419570763,6.36993699369937
GSE214349,IVH_S1,3,order_x20um,0,3D_iso_z8,0.7,1592.512148289825,6.151215121512151
GSE214349,IVH_S1,3,order_x20um,0,3D_cross_section,0.7,1357.5050459400063,10.453645364536454
GSE214349,IVH_S1,3,order_x20um,0,3D_cross_k12,0.7,1238.111259354506,16.65999099909991
GSE214349,IVH_S1,3,order_x20um,0,3D_cross_k18,0.7,1197.8154824809617,22.918541854185417
GSE214349,IVH_S1,3,order_x20um,1,none,0.0,9551.546998491682,0.0
GSE214349,IVH_S1,3,order_x20um,1,2D,0.7,1582.9414207500583,6.1496399639964
GSE214349,IVH_S1,3,order_x20um,1,2D_k9,0.7,1362.6783899288268,9.509900990099007
GSE214349,IVH_S1,3,order_x20um,1,2D_k10,0.7,1335.6653270824468,10.251575157515752
GSE214349,IVH_S1,3,order_x20um,1,2D_k12,0.7,1281.1407213691325,12.355985598559856
GSE214349,IVH_S1,3,order_x20um,1,2D_k15,0.7,1232.054859979252,15.651890189018902
GSE214349,IVH_S1,3,order_x20um,1,2D_k16,0.7,1220.3723936025212,16.770702070207022
GSE214349,IVH_S1,3,order_x20um,1,2D_k18,0.7,1204.4258025048991,18.614536453645364
GSE214349,IVH_S1,3,order_x20um,1,2D_k21,0.7,1185.9400845827513,21.991674167416743
GSE214349,IVH_S1,3,order_x20um,1,2D_k22,0.7,1182.2535154026132,22.898964896489648
GSE214349,IVH_S1,3,order_x20um,1,2D_k24,0.7,1174.314253561392,25.10373537353735
GSE214349,IVH_S1,3,order_x20um,1,3D_iso_z0.25,0.6,1694.4724175758795,6.2504500450045
GSE214349,IVH_S1,3,order_x20um,1,3D_iso_z0.5,0.6,1694.8543932875632,6.23964896489649
GSE214349,IVH_S1,3,order_x20um,1,3D_iso_z1,0.6,1686.537928078906,6.284203420342034
GSE214349,IVH_S1,3,order_x20um,1,3D_iso_z2,0.6,1629.5585732982795,6.374662466246624
GSE214349,IVH_S1,3,order_x20um,1,3D_iso_z4,0.7,1561.8894133198914,6.36993699369937
GSE214349,IVH_S1,3,order_x20um,1,3D_iso_z8,0.7,1582.6469080487395,6.151215121512151
GSE214349,IVH_S1,3,order_x20um,1,3D_cross_section,0.7,1343.470471555121,10.453645364536454
GSE214349,IVH_S1,3,order_x20um,1,3D_cross_k12,0.7,1219.6112715661077,16.65999099909991
GSE214349,IVH_S1,3,order_x20um,1,3D_cross_k18,0.7,1177.2413419352367,22.918541854185417
GSE214349,IVH_S1,3,order_x20um,2,none,0.0,9578.479124299163,0.0
GSE214349,IVH_S1,3,order_x20um,2,2D,0.7,1578.6106038101636,6.1496399639964
GSE214349,IVH_S1,3,order_x20um,2,2D_k9,0.7,1364.5678537404926,9.509900990099007
GSE214349,IVH_S1,3,order_x20um,2,2D_k10,0.7,1338.607955548805,10.251575157515752
GSE214349,IVH_S1,3,order_x20um,2,2D_k12,0.7,1285.5862707024664,12.355985598559856
GSE214349,IVH_S1,3,order_x20um,2,2D_k15,0.7,1237.8210928755532,15.651890189018902
GSE214349,IVH_S1,3,order_x20um,2,2D_k16,0.7,1226.5264896960816,16.770702070207022
GSE214349,IVH_S1,3,order_x20um,2,2D_k18,0.7,1211.5384967562377,18.614536453645364
GSE214349,IVH_S1,3,order_x20um,2,2D_k21,0.7,1194.1551269207416,21.991674167416743
GSE214349,IVH_S1,3,order_x20um,2,2D_k22,0.7,1191.2487498448706,22.898964896489648
GSE214349,IVH_S1,3,order_x20um,2,2D_k24,0.7,1183.9097114958315,25.10373537353735
GSE214349,IVH_S1,3,order_x20um,2,3D_iso_z0.25,0.6,1694.9715655667794,6.2504500450045
GSE214349,IVH_S1,3,order_x20um,2,3D_iso_z0.5,0.6,1694.805999793365,6.23964896489649
GSE214349,IVH_S1,3,order_x20um,2,3D_iso_z1,0.6,1684.4185904100457,6.284203420342034
GSE214349,IVH_S1,3,order_x20um,2,3D_iso_z2,0.7,1623.1770784835555,6.374662466246624
GSE214349,IVH_S1,3,order_x20um,2,3D_iso_z4,0.7,1559.0191801468643,6.36993699369937
GSE214349,IVH_S1,3,order_x20um,2,3D_iso_z8,0.7,1578.5242971241737,6.151215121512151
GSE214349,IVH_S1,3,order_x20um,2,3D_cross_section,0.7,1348.1478531287853,10.453645364536454
GSE214349,IVH_S1,3,order_x20um,2,3D_cross_k12,0.7,1225.634835104976,16.65999099909991
GSE214349,IVH_S1,3,order_x20um,2,3D_cross_k18,0.7,1184.6133616217785,22.918541854185417
DLPFC_pairs,151507_151508,2,10um,0,none,0.0,7113.642617678942,0.0
DLPFC_pairs,151507_151508,2,10um,0,2D,0.8,2107.0545958667144,6.1154471544715445
DLPFC_pairs,151507_151508,2,10um,0,2D_k9,0.9,1556.0968028708107,9.50150987224158
DLPFC_pairs,151507_151508,2,10um,0,2D_k10,0.9,1452.7643759943878,10.460162601626015
DLPFC_pairs,151507_151508,2,10um,0,2D_k12,0.9,1300.347453483041,12.2534262485482
DLPFC_pairs,151507_151508,2,10um,0,2D_k15,0.9,1111.5258881438886,15.62253193960511
DLPFC_pairs,151507_151508,2,10um,0,2D_k16,0.9,1069.6064128159,16.64692218350755
DLPFC_pairs,151507_151508,2,10um,0,2D_k18,0.9,1007.1324542051944,18.46295005807201
DLPFC_pairs,151507_151508,2,10um,0,2D_k21,0.9,918.8175519170168,21.99674796747967
DLPFC_pairs,151507_151508,2,10um,0,2D_k22,0.9,900.6418451034132,22.97537746806039
DLPFC_pairs,151507_151508,2,10um,0,2D_k24,0.95,868.5668492940882,24.92473867595819
DLPFC_pairs,151507_151508,2,10um,0,3D_iso_z0.25,0.8,2036.855079194948,6.564227642276423
DLPFC_pairs,151507_151508,2,10um,0,3D_iso_z0.5,0.8,2023.0648383950495,6.6102206736353075
DLPFC_pairs,151507_151508,2,10um,0,3D_iso_z1,0.8,2043.0357216968284,6.454123112659698
DLPFC_pairs,151507_151508,2,10um,0,3D_iso_z2,0.8,2035.4527230281292,6.439256678281069
DLPFC_pairs,151507_151508,2,10um,0,3D_iso_z4,0.8,2035.5335322892251,6.439024390243903
DLPFC_pairs,151507_151508,2,10um,0,3D_iso_z8,0.8,2035.5335322892251,6.439024390243903
DLPFC_pairs,151507_151508,2,10um,0,3D_cross_section,0.9,1549.680882921809,9.568408826945412
DLPFC_pairs,151507_151508,2,10um,0,3D_cross_k12,0.9,1105.8239681974956,15.706387921022069
DLPFC_pairs,151507_151508,2,10um,0,3D_cross_k18,0.9,918.9345656091178,21.915911730545876
DLPFC_pairs,151507_151508,2,10um,1,none,0.0,7090.18256526484,0.0
DLPFC_pairs,151507_151508,2,10um,1,2D,0.8,2078.769181481405,6.1154471544715445
DLPFC_pairs,151507_151508,2,10um,1,2D_k9,0.9,1544.1826034123378,9.50150987224158
DLPFC_pairs,151507_151508,2,10um,1,2D_k10,0.9,1445.0975320634195,10.460162601626015
DLPFC_pairs,151507_151508,2,10um,1,2D_k12,0.9,1298.1936243745806,12.2534262485482
DLPFC_pairs,151507_151508,2,10um,1,2D_k15,0.9,1114.9328971274622,15.62253193960511
DLPFC_pairs,151507_151508,2,10um,1,2D_k16,0.9,1073.2229725758268,16.64692218350755
DLPFC_pairs,151507_151508,2,10um,1,2D_k18,0.9,1011.060912276702,18.46295005807201
DLPFC_pairs,151507_151508,2,10um,1,2D_k21,0.9,922.9001764255354,21.99674796747967
DLPFC_pairs,151507_151508,2,10um,1,2D_k22,0.9,904.2436617741952,22.97537746806039
DLPFC_pairs,151507_151508,2,10um,1,2D_k24,0.95,871.9511660453206,24.92473867595819
DLPFC_pairs,151507_151508,2,10um,1,3D_iso_z0.25,0.8,2013.7996123860448,6.564227642276423
DLPFC_pairs,151507_151508,2,10um,1,3D_iso_z0.5,0.8,2000.5049748429317,6.6102206736353075
DLPFC_pairs,151507_151508,2,10um,1,3D_iso_z1,0.8,2016.438511801108,6.454123112659698
DLPFC_pairs,151507_151508,2,10um,1,3D_iso_z2,0.8,2010.3965432313412,6.439256678281069
DLPFC_pairs,151507_151508,2,10um,1,3D_iso_z4,0.8,2010.3908296380969,6.439024390243903
DLPFC_pairs,151507_151508,2,10um,1,3D_iso_z8,0.8,2010.3908296380969,6.439024390243903
DLPFC_pairs,151507_151508,2,10um,1,3D_cross_section,0.9,1539.760911992572,9.568408826945412
DLPFC_pairs,151507_151508,2,10um,1,3D_cross_k12,0.9,1107.540546811597,15.706387921022069
DLPFC_pairs,151507_151508,2,10um,1,3D_cross_k18,0.9,923.4146395524624,21.915911730545876
DLPFC_pairs,151507_151508,2,10um,2,none,0.0,7083.542159313176,0.0
DLPFC_pairs,151507_151508,2,10um,2,2D,0.8,2083.381540243264,6.1154471544715445
DLPFC_pairs,151507_151508,2,10um,2,2D_k9,0.9,1543.0846131790322,9.50150987224158
DLPFC_pairs,151507_151508,2,10um,2,2D_k10,0.9,1443.8974585977587,10.460162601626015
DLPFC_pairs,151507_151508,2,10um,2,2D_k12,0.9,1295.127966116581,12.2534262485482
DLPFC_pairs,151507_151508,2,10um,2,2D_k15,0.9,1109.3599686483587,15.62253193960511
DLPFC_pairs,151507_151508,2,10um,2,2D_k16,0.9,1068.6144557735315,16.64692218350755
DLPFC_pairs,151507_151508,2,10um,2,2D_k18,0.9,1005.7865882441744,18.46295005807201
DLPFC_pairs,151507_151508,2,10um,2,2D_k21,0.9,918.2277446211016,21.99674796747967
DLPFC_pairs,151507_151508,2,10um,2,2D_k22,0.9,899.5017173856021,22.97537746806039
DLPFC_pairs,151507_151508,2,10um,2,2D_k24,0.95,867.9503394628571,24.92473867595819
DLPFC_pairs,151507_151508,2,10um,2,3D_iso_z0.25,0.8,2016.7903105683563,6.564227642276423
DLPFC_pairs,151507_151508,2,10um,2,3D_iso_z0.5,0.8,2004.325064990164,6.6102206736353075
DLPFC_pairs,151507_151508,2,10um,2,3D_iso_z1,0.8,2022.3584961399704,6.454123112659698
DLPFC_pairs,151507_151508,2,10um,2,3D_iso_z2,0.8,2016.5578437169472,6.439256678281069
DLPFC_pairs,151507_151508,2,10um,2,3D_iso_z4,0.8,2016.48401466715,6.439024390243903
DLPFC_pairs,151507_151508,2,10um,2,3D_iso_z8,0.8,2016.48401466715,6.439024390243903
DLPFC_pairs,151507_151508,2,10um,2,3D_cross_section,0.9,1540.7038731319524,9.568408826945412
DLPFC_pairs,151507_151508,2,10um,2,3D_cross_k12,0.9,1104.5061286155587,15.706387921022069
DLPFC_pairs,151507_151508,2,10um,2,3D_cross_k18,0.9,919.0771695132396,21.915911730545876
DLPFC_pairs,151509_151510,2,10um,0,none,0.0,7480.358225255031,0.0
DLPFC_pairs,151509_151510,2,10um,0,2D,0.8,2090.6656434659485,6.1044253422476915
DLPFC_pairs,151509_151510,2,10um,0,2D_k9,0.9,1546.0681908549634,9.423962644593017
DLPFC_pairs,151509_151510,2,10um,0,2D_k10,0.9,1438.75128956173,10.433407619654036
DLPFC_pairs,151509_151510,2,10um,0,2D_k12,0.9,1292.816086505282,12.234320280165552
DLPFC_pairs,151509_151510,2,10um,0,2D_k15,0.9,1108.8763643289412,15.664013583784357
DLPFC_pairs,151509_151510,2,10um,0,2D_k16,0.9,1066.2433846554902,16.76790830945559
DLPFC_pairs,151509_151510,2,10um,0,2D_k18,0.9,1012.7663710307976,18.42810145388942
DLPFC_pairs,151509_151510,2,10um,0,2D_k21,0.9,932.01541159554,21.835721107927412
DLPFC_pairs,151509_151510,2,10um,0,2D_k22,0.9,916.0932863580696,22.704022073649583
DLPFC_pairs,151509_151510,2,10um,0,2D_k24,0.9,882.2757235607306,24.851957975167146
DLPFC_pairs,151509_151510,2,10um,0,3D_iso_z0.25,0.8,2028.2967847895684,6.432558633131699
DLPFC_pairs,151509_151510,2,10um,0,3D_iso_z0.5,0.8,2028.0609524076328,6.434256606176377
DLPFC_pairs,151509_151510,2,10um,0,3D_iso_z1,0.8,2027.753512788641,6.43616682585164
DLPFC_pairs,151509_151510,2,10um,0,3D_iso_z2,0.8,2022.8953745183353,6.445081184336199
DLPFC_pairs,151509_151510,2,10um,0,3D_iso_z4,0.8,2015.6596155707184,6.469914040114613
DLPFC_pairs,151509_151510,2,10um,0,3D_iso_z8,0.8,2006.9906111812056,6.494534649262443
DLPFC_pairs,151509_151510,2,10um,0,3D_cross_section,0.9,1569.7113380461783,9.2127772471612
DLPFC_pairs,151509_151510,2,10um,0,3D_cross_k12,0.9,1119.818507229152,15.342672185079062
DLPFC_pairs,151509_151510,2,10um,0,3D_cross_k18,0.9,936.2016903604282,21.53645335880293
DLPFC_pairs,151509_151510,2,10um,1,none,0.0,7531.549219706983,0.0
DLPFC_pairs,151509_151510,2,10um,1,2D,0.8,2082.9981921946205,6.1044253422476915
DLPFC_pairs,151509_151510,2,10um,1,2D_k9,0.9,1547.6747149057223,9.423962644593017
DLPFC_pairs,151509_151510,2,10um,1,2D_k10,0.9,1440.4275095111366,10.433407619654036
DLPFC_pairs,151509_151510,2,10um,1,2D_k12,0.9,1294.39894604983,12.234320280165552
DLPFC_pairs,151509_151510,2,10um,1,2D_k15,0.9,1112.2200016876295,15.664013583784357
DLPFC_pairs,151509_151510,2,10um,1,2D_k16,0.9,1070.5685911091005,16.76790830945559
DLPFC_pairs,151509_151510,2,10um,1,2D_k18,0.9,1016.784473256398,18.42810145388942
DLPFC_pairs,151509_151510,2,10um,1,2D_k21,0.9,935.6839618015896,21.835721107927412
DLPFC_pairs,151509_151510,2,10um,1,2D_k22,0.9,918.711501991554,22.704022073649583
DLPFC_pairs,151509_151510,2,10um,1,2D_k24,0.9,884.5960178436363,24.851957975167146
DLPFC_pairs,151509_151510,2,10um,1,3D_iso_z0.25,0.8,2024.6680385371728,6.432558633131699
DLPFC_pairs,151509_151510,2,10um,1,3D_iso_z0.5,0.8,2024.397372287871,6.434256606176377
DLPFC_pairs,151509_151510,2,10um,1,3D_iso_z1,0.8,2024.0298748236512,6.43616682585164
DLPFC_pairs,151509_151510,2,10um,1,3D_iso_z2,0.8,2019.056848864613,6.445081184336199
DLPFC_pairs,151509_151510,2,10um,1,3D_iso_z4,0.8,2011.5805616216471,6.469914040114613
DLPFC_pairs,151509_151510,2,10um,1,3D_iso_z8,0.8,2002.4979847361055,6.494534649262443
DLPFC_pairs,151509_151510,2,10um,1,3D_cross_section,0.9,1568.6004711343248,9.2127772471612
DLPFC_pairs,151509_151510,2,10um,1,3D_cross_k12,0.9,1122.786475158043,15.342672185079062
DLPFC_pairs,151509_151510,2,10um,1,3D_cross_k18,0.9,939.939270868494,21.53645335880293
DLPFC_pairs,151509_151510,2,10um,2,none,0.0,7426.991863052131,0.0
DLPFC_pairs,151509_151510,2,10um,2,2D,0.8,2102.5562168889473,6.1044253422476915
DLPFC_pairs,151509_151510,2,10um,2,2D_k9,0.9,1556.594020361806,9.423962644593017
DLPFC_pairs,151509_151510,2,10um,2,2D_k10,0.9,1448.5933108965985,10.433407619654036
DLPFC_pairs,151509_151510,2,10um,2,2D_k12,0.9,1297.9619331893057,12.234320280165552
DLPFC_pairs,151509_151510,2,10um,2,2D_k15,0.9,1111.958971308908,15.664013583784357
DLPFC_pairs,151509_151510,2,10um,2,2D_k16,0.9,1068.4532309167207,16.76790830945559
DLPFC_pairs,151509_151510,2,10um,2,2D_k18,0.9,1013.828119543299,18.42810145388942
DLPFC_pairs,151509_151510,2,10um,2,2D_k21,0.9,931.3099082636404,21.835721107927412
DLPFC_pairs,151509_151510,2,10um,2,2D_k22,0.9,914.1952994503876,22.704022073649583
DLPFC_pairs,151509_151510,2,10um,2,2D_k24,0.9,879.5291432127241,24.851957975167146
DLPFC_pairs,151509_151510,2,10um,2,3D_iso_z0.25,0.8,2042.697232016684,6.432558633131699
DLPFC_pairs,151509_151510,2,10um,2,3D_iso_z0.5,0.8,2042.6500642877295,6.434256606176377
DLPFC_pairs,151509_151510,2,10um,2,3D_iso_z1,0.8,2042.656434775082,6.43616682585164
DLPFC_pairs,151509_151510,2,10um,2,3D_iso_z2,0.8,2039.1844410035867,6.445081184336199
DLPFC_pairs,151509_151510,2,10um,2,3D_iso_z4,0.8,2030.6445602255608,6.469914040114613
DLPFC_pairs,151509_151510,2,10um,2,3D_iso_z8,0.8,2018.720489317724,6.494534649262443
DLPFC_pairs,151509_151510,2,10um,2,3D_cross_section,0.9,1577.6982140075274,9.2127772471612
DLPFC_pairs,151509_151510,2,10um,2,3D_cross_k12,0.9,1123.8089083924804,15.342672185079062
DLPFC_pairs,151509_151510,2,10um,2,3D_cross_k18,0.9,936.3854841759972,21.53645335880293
DLPFC_pairs,151669_151670,2,10um,0,none,0.0,8633.257676475941,0.0
DLPFC_pairs,151669_151670,2,10um,0,2D,0.8,2073.661616409529,6.136611258555664
DLPFC_pairs,151669_151670,2,10um,0,2D_k9,0.9,1518.3266758708426,9.495739628439726
DLPFC_pairs,151669_151670,2,10um,0,2D_k10,0.9,1414.9841708749827,10.502025422545048
DLPFC_pairs,151669_151670,2,10um,0,2D_k12,0.9,1274.20248445675,12.332169297387903
DLPFC_pairs,151669_151670,2,10um,0,2D_k15,0.9,1106.1776896630477,15.809749965078922
DLPFC_pairs,151669_151670,2,10um,0,2D_k16,0.9,1073.6343385838477,16.7858639474787
DLPFC_pairs,151669_151670,2,10um,0,2D_k18,0.9,1022.0853880594016,18.57382315965917
DLPFC_pairs,151669_151670,2,10um,0,2D_k21,0.9,954.0689194873038,21.980164827489872
DLPFC_pairs,151669_151670,2,10um,0,2D_k22,0.9,936.5184640332684,23.13647157424221
DLPFC_pairs,151669_151670,2,10um,0,2D_k24,0.9,912.3915610417588,25.066070680262605
DLPFC_pairs,151669_151670,2,10um,0,3D_iso_z0.25,0.8,1959.1872492202244,6.714066210364576
DLPFC_pairs,151669_151670,2,10um,0,3D_iso_z0.5,0.8,1954.5735552506692,6.721050426037156
DLPFC_pairs,151669_151670,2,10um,0,3D_iso_z1,0.8,1971.372832795257,6.619360245844391
DLPFC_pairs,151669_151670,2,10um,0,3D_iso_z2,0.8,1988.8017895750215,6.509847744098337
DLPFC_pairs,151669_151670,2,10um,0,3D_iso_z4,0.8,1988.7298259980405,6.509847744098337
DLPFC_pairs,151669_151670,2,10um,0,3D_iso_z8,0.8,1988.7298259980405,6.509847744098337
DLPFC_pairs,151669_151670,2,10um,0,3D_cross_section,0.9,1502.7840077387095,9.698281882944546
DLPFC_pairs,151669_151670,2,10um,0,3D_cross_k12,0.9,1102.8795706031262,15.893839921776785
DLPFC_pairs,151669_151670,2,10um,0,3D_cross_k18,0.9,951.6917913183156,22.13549378404805
DLPFC_pairs,151669_151670,2,10um,1,none,0.0,8602.576652046422,0.0
DLPFC_pairs,151669_151670,2,10um,1,2D,0.8,2075.7878497689862,6.136611258555664
DLPFC_pairs,151669_151670,2,10um,1,2D_k9,0.9,1520.1346230223337,9.495739628439726
DLPFC_pairs,151669_151670,2,10um,1,2D_k10,0.9,1415.258630254394,10.502025422545048
DLPFC_pairs,151669_151670,2,10um,1,2D_k12,0.9,1272.9990221405478,12.332169297387903
DLPFC_pairs,151669_151670,2,10um,1,2D_k15,0.9,1103.826351305356,15.809749965078922
DLPFC_pairs,151669_151670,2,10um,1,2D_k16,0.9,1071.330327149706,16.7858639474787
DLPFC_pairs,151669_151670,2,10um,1,2D_k18,0.9,1019.6110753435378,18.57382315965917
DLPFC_pairs,151669_151670,2,10um,1,2D_k21,0.9,951.6433806298148,21.980164827489872
DLPFC_pairs,151669_151670,2,10um,1,2D_k22,0.9,934.0176753578196,23.13647157424221
DLPFC_pairs,151669_151670,2,10um,1,2D_k24,0.9,909.4369883822854,25.066070680262605
DLPFC_pairs,151669_151670,2,10um,1,3D_iso_z0.25,0.8,1966.4935488386543,6.714066210364576
DLPFC_pairs,151669_151670,2,10um,1,3D_iso_z0.5,0.8,1961.9945717433743,6.721050426037156
DLPFC_pairs,151669_151670,2,10um,1,3D_iso_z1,0.8,1976.565947922956,6.619360245844391
DLPFC_pairs,151669_151670,2,10um,1,3D_iso_z2,0.8,1991.192172831737,6.509847744098337
DLPFC_pairs,151669_151670,2,10um,1,3D_iso_z4,0.8,1991.179337125463,6.509847744098337
DLPFC_pairs,151669_151670,2,10um,1,3D_iso_z8,0.8,1991.179337125463,6.509847744098337
DLPFC_pairs,151669_151670,2,10um,1,3D_cross_section,0.9,1503.0566318426845,9.698281882944546
DLPFC_pairs,151669_151670,2,10um,1,3D_cross_k12,0.9,1101.7824534974943,15.893839921776785
DLPFC_pairs,151669_151670,2,10um,1,3D_cross_k18,0.9,949.6958131860176,22.13549378404805
DLPFC_pairs,151669_151670,2,10um,2,none,0.0,8678.724291129973,0.0
DLPFC_pairs,151669_151670,2,10um,2,2D,0.8,2076.111335458143,6.136611258555664
DLPFC_pairs,151669_151670,2,10um,2,2D_k9,0.9,1520.0426659335703,9.495739628439726
DLPFC_pairs,151669_151670,2,10um,2,2D_k10,0.9,1417.6277943422565,10.502025422545048
DLPFC_pairs,151669_151670,2,10um,2,2D_k12,0.9,1277.8413017307766,12.332169297387903
DLPFC_pairs,151669_151670,2,10um,2,2D_k15,0.9,1107.707241819919,15.809749965078922
DLPFC_pairs,151669_151670,2,10um,2,2D_k16,0.9,1074.0809810091318,16.7858639474787
DLPFC_pairs,151669_151670,2,10um,2,2D_k18,0.9,1023.4716989962606,18.57382315965917
DLPFC_pairs,151669_151670,2,10um,2,2D_k21,0.9,955.4826527960008,21.980164827489872
DLPFC_pairs,151669_151670,2,10um,2,2D_k22,0.9,938.3498464964134,23.13647157424221
DLPFC_pairs,151669_151670,2,10um,2,2D_k24,0.9,913.136148786712,25.066070680262605
DLPFC_pairs,151669_151670,2,10um,2,3D_iso_z0.25,0.8,1964.0665601634776,6.714066210364576
DLPFC_pairs,151669_151670,2,10um,2,3D_iso_z0.5,0.8,1960.2411065274175,6.721050426037156
DLPFC_pairs,151669_151670,2,10um,2,3D_iso_z1,0.8,1974.9900466618149,6.619360245844391
DLPFC_pairs,151669_151670,2,10um,2,3D_iso_z2,0.8,1991.5479612154584,6.509847744098337
DLPFC_pairs,151669_151670,2,10um,2,3D_iso_z4,0.8,1991.4230338228904,6.509847744098337
DLPFC_pairs,151669_151670,2,10um,2,3D_iso_z8,0.8,1991.4230338228904,6.509847744098337
DLPFC_pairs,151669_151670,2,10um,2,3D_cross_section,0.9,1505.547467244451,9.698281882944546
DLPFC_pairs,151669_151670,2,10um,2,3D_cross_k12,0.9,1106.3847544963407,15.893839921776785
DLPFC_pairs,151669_151670,2,10um,2,3D_cross_k18,0.9,952.9939658816116,22.13549378404805
DLPFC_pairs,151671_151672,2,10um,0,none,0.0,8925.79269720437,0.0
DLPFC_pairs,151671_151672,2,10um,0,2D,0.8,2066.0179070688423,6.1216
DLPFC_pairs,151671_151672,2,10um,0,2D_k9,0.9,1501.4307264118474,9.456246153846154
DLPFC_pairs,151671_151672,2,10um,0,2D_k10,0.9,1396.729763138782,10.46523076923077
DLPFC_pairs,151671_151672,2,10um,0,2D_k12,0.9,1257.1565782538205,12.29046153846154
DLPFC_pairs,151671_151672,2,10um,0,2D_k15,0.9,1096.364038796851,15.749415384615384
DLPFC_pairs,151671_151672,2,10um,0,2D_k16,0.9,1063.7591115994032,16.756923076923076
DLPFC_pairs,151671_151672,2,10um,0,2D_k18,0.9,1017.836357189675,18.51593846153846
DLPFC_pairs,151671_151672,2,10um,0,2D_k21,0.9,955.1168808995724,21.84123076923077
DLPFC_pairs,151671_151672,2,10um,0,2D_k22,0.9,938.5528119125248,23.027446153846153
DLPFC_pairs,151671_151672,2,10um,0,2D_k24,0.9,915.9418175116988,24.94203076923077
DLPFC_pairs,151671_151672,2,10um,0,3D_iso_z0.25,0.8,1950.940377465968,6.686276923076923
DLPFC_pairs,151671_151672,2,10um,0,3D_iso_z0.5,0.8,1949.904910041452,6.688492307692307
DLPFC_pairs,151671_151672,2,10um,0,3D_iso_z1,0.8,1961.107518176992,6.614646153846154
DLPFC_pairs,151671_151672,2,10um,0,3D_iso_z2,0.8,1977.30964884203,6.4932923076923075
DLPFC_pairs,151671_151672,2,10um,0,3D_iso_z4,0.8,1977.3053606155288,6.4928
DLPFC_pairs,151671_151672,2,10um,0,3D_iso_z8,0.8,1977.3053606155288,6.4928
DLPFC_pairs,151671_151672,2,10um,0,3D_cross_section,0.9,1491.6251173158598,9.587692307692308
DLPFC_pairs,151671_151672,2,10um,0,3D_cross_k12,0.9,1096.698898814081,15.756553846153846
DLPFC_pairs,151671_151672,2,10um,0,3D_cross_k18,0.9,954.230046898864,21.982030769230768
DLPFC_pairs,151671_151672,2,10um,1,none,0.0,8915.090343246835,0.0
DLPFC_pairs,151671_151672,2,10um,1,2D,0.8,2047.606660387079,6.1216
DLPFC_pairs,151671_151672,2,10um,1,2D_k9,0.9,1496.2218624465552,9.456246153846154
DLPFC_pairs,151671_151672,2,10um,1,2D_k10,0.9,1393.729331292478,10.46523076923077
DLPFC_pairs,151671_151672,2,10um,1,2D_k12,0.9,1257.8352542461364,12.29046153846154
DLPFC_pairs,151671_151672,2,10um,1,2D_k15,0.9,1099.0789259595865,15.749415384615384
DLPFC_pairs,151671_151672,2,10um,1,2D_k16,0.9,1066.4046433132933,16.756923076923076
DLPFC_pairs,151671_151672,2,10um,1,2D_k18,0.9,1020.440550408229,18.51593846153846
DLPFC_pairs,151671_151672,2,10um,1,2D_k21,0.9,958.7630968375578,21.84123076923077
DLPFC_pairs,151671_151672,2,10um,1,2D_k22,0.9,942.163809603982,23.027446153846153
DLPFC_pairs,151671_151672,2,10um,1,2D_k24,0.9,919.7085684714708,24.94203076923077
DLPFC_pairs,151671_151672,2,10um,1,3D_iso_z0.25,0.8,1940.4612279004612,6.686276923076923
DLPFC_pairs,151671_151672,2,10um,1,3D_iso_z0.5,0.8,1939.2500508291648,6.688492307692307
DLPFC_pairs,151671_151672,2,10um,1,3D_iso_z1,0.8,1947.3005397503516,6.614646153846154
DLPFC_pairs,151671_151672,2,10um,1,3D_iso_z2,0.8,1959.2628569068547,6.4932923076923075
DLPFC_pairs,151671_151672,2,10um,1,3D_iso_z4,0.8,1959.3260573398832,6.4928
DLPFC_pairs,151671_151672,2,10um,1,3D_iso_z8,0.8,1959.3260573398832,6.4928
DLPFC_pairs,151671_151672,2,10um,1,3D_cross_section,0.9,1485.2563138090293,9.587692307692308
DLPFC_pairs,151671_151672,2,10um,1,3D_cross_k12,0.9,1098.3058586118698,15.756553846153846
DLPFC_pairs,151671_151672,2,10um,1,3D_cross_k18,0.9,956.8275721778704,21.982030769230768
DLPFC_pairs,151671_151672,2,10um,2,none,0.0,8945.409878682773,0.0
DLPFC_pairs,151671_151672,2,10um,2,2D,0.8,2046.4079254607452,6.1216
DLPFC_pairs,151671_151672,2,10um,2,2D_k9,0.9,1496.1999621585292,9.456246153846154
DLPFC_pairs,151671_151672,2,10um,2,2D_k10,0.9,1394.5622621632756,10.46523076923077
DLPFC_pairs,151671_151672,2,10um,2,2D_k12,0.9,1255.3141730018774,12.29046153846154
DLPFC_pairs,151671_151672,2,10um,2,2D_k15,0.9,1096.7047484786729,15.749415384615384
DLPFC_pairs,151671_151672,2,10um,2,2D_k16,0.9,1064.1391186020169,16.756923076923076
DLPFC_pairs,151671_151672,2,10um,2,2D_k18,0.9,1018.2936335819268,18.51593846153846
DLPFC_pairs,151671_151672,2,10um,2,2D_k21,0.9,956.5195372205686,21.84123076923077
DLPFC_pairs,151671_151672,2,10um,2,2D_k22,0.9,940.8581246850804,23.027446153846153
DLPFC_pairs,151671_151672,2,10um,2,2D_k24,0.9,919.5178822797913,24.94203076923077
DLPFC_pairs,151671_151672,2,10um,2,3D_iso_z0.25,0.8,1938.4756414789397,6.686276923076923
DLPFC_pairs,151671_151672,2,10um,2,3D_iso_z0.5,0.8,1937.629010668197,6.688492307692307
DLPFC_pairs,151671_151672,2,10um,2,3D_iso_z1,0.8,1946.812724337361,6.614646153846154
DLPFC_pairs,151671_151672,2,10um,2,3D_iso_z2,0.8,1962.814070911199,6.4932923076923075
DLPFC_pairs,151671_151672,2,10um,2,3D_iso_z4,0.8,1962.9278776099352,6.4928
DLPFC_pairs,151671_151672,2,10um,2,3D_iso_z8,0.8,1962.9278776099352,6.4928
DLPFC_pairs,151671_151672,2,10um,2,3D_cross_section,0.9,1487.707243814696,9.587692307692308
DLPFC_pairs,151671_151672,2,10um,2,3D_cross_k12,0.9,1097.86121524749,15.756553846153846
DLPFC_pairs,151671_151672,2,10um,2,3D_cross_k18,0.9,956.6908159925993,21.982030769230768
DLPFC_pairs,151673_151674,2,10um,0,none,0.0,10243.807733738471,0.0
DLPFC_pairs,151673_151674,2,10um,0,2D,0.8,1924.3046421498525,6.148249452954048
DLPFC_pairs,151673_151674,2,10um,0,2D_k9,0.9,1436.635012957124,9.427789934354486
DLPFC_pairs,151673_151674,2,10um,0,2D_k10,0.9,1353.172427237612,10.400164113785555
DLPFC_pairs,151673_151674,2,10um,0,2D_k12,0.9,1233.8146676115286,12.323851203501096
DLPFC_pairs,151673_151674,2,10um,0,2D_k15,0.9,1107.8512012966366,15.839168490153172
DLPFC_pairs,151673_151674,2,10um,0,2D_k16,0.9,1084.7217363435952,16.788840262582056
DLPFC_pairs,151673_151674,2,10um,0,2D_k18,0.9,1049.6915011309036,18.588347921225385
DLPFC_pairs,151673_151674,2,10um,0,2D_k21,0.9,1002.9880305382126,22.10968271334792
DLPFC_pairs,151673_151674,2,10um,0,2D_k22,0.9,992.6765655942472,23.16356673960613
DLPFC_pairs,151673_151674,2,10um,0,2D_k24,0.9,975.1928232460156,25.27571115973742
DLPFC_pairs,151673_151674,2,10um,0,3D_iso_z0.25,0.8,1846.5319228237684,6.6570021881838075
DLPFC_pairs,151673_151674,2,10um,0,3D_iso_z0.5,0.8,1839.6289220189572,6.6679431072210065
DLPFC_pairs,151673_151674,2,10um,0,3D_iso_z1,0.8,1823.058654623356,6.714442013129103
DLPFC_pairs,151673_151674,2,10um,0,3D_iso_z2,0.8,1836.2039761720887,6.555525164113786
DLPFC_pairs,151673_151674,2,10um,0,3D_iso_z4,0.8,1835.9922618496948,6.555525164113786
DLPFC_pairs,151673_151674,2,10um,0,3D_iso_z8,0.8,1835.9922618496948,6.555525164113786
DLPFC_pairs,151673_151674,2,10um,0,3D_cross_section,0.9,1416.634256849981,9.657549234135669
DLPFC_pairs,151673_151674,2,10um,0,3D_cross_k12,0.9,1104.8994319542994,15.833150984682714
DLPFC_pairs,151673_151674,2,10um,0,3D_cross_k18,0.9,1001.0088058960572,22.097647702407
DLPFC_pairs,151673_151674,2,10um,1,none,0.0,10213.932716358848,0.0
DLPFC_pairs,151673_151674,2,10um,1,2D,0.8,1950.0853885367835,6.148249452954048
DLPFC_pairs,151673_151674,2,10um,1,2D_k9,0.9,1444.4088106687182,9.427789934354486
DLPFC_pairs,151673_151674,2,10um,1,2D_k10,0.9,1358.27463774926,10.400164113785555
DLPFC_pairs,151673_151674,2,10um,1,2D_k12,0.9,1234.518352675325,12.323851203501096
DLPFC_pairs,151673_151674,2,10um,1,2D_k15,0.9,1105.084356420428,15.839168490153172
DLPFC_pairs,151673_151674,2,10um,1,2D_k16,0.9,1081.1002556217445,16.788840262582056
DLPFC_pairs,151673_151674,2,10um,1,2D_k18,0.9,1044.9460871769556,18.588347921225385
DLPFC_pairs,151673_151674,2,10um,1,2D_k21,0.9,996.9521290936336,22.10968271334792
DLPFC_pairs,151673_151674,2,10um,1,2D_k22,0.9,986.2841224382548,23.16356673960613
DLPFC_pairs,151673_151674,2,10um,1,2D_k24,0.9,968.69663377117,25.27571115973742
DLPFC_pairs,151673_151674,2,10um,1,3D_iso_z0.25,0.8,1865.1028192088615,6.6570021881838075
DLPFC_pairs,151673_151674,2,10um,1,3D_iso_z0.5,0.8,1857.379697945065,6.6679431072210065
DLPFC_pairs,151673_151674,2,10um,1,3D_iso_z1,0.8,1840.3874778870304,6.714442013129103
DLPFC_pairs,151673_151674,2,10um,1,3D_iso_z2,0.8,1855.1288124343168,6.555525164113786
DLPFC_pairs,151673_151674,2,10um,1,3D_iso_z4,0.8,1854.882403826173,6.555525164113786
DLPFC_pairs,151673_151674,2,10um,1,3D_iso_z8,0.8,1854.882403826173,6.555525164113786
DLPFC_pairs,151673_151674,2,10um,1,3D_cross_section,0.9,1420.1323964347555,9.657549234135669
DLPFC_pairs,151673_151674,2,10um,1,3D_cross_k12,0.9,1100.9111532004172,15.833150984682714
DLPFC_pairs,151673_151674,2,10um,1,3D_cross_k18,0.9,994.82207079505,22.097647702407
DLPFC_pairs,151673_151674,2,10um,2,none,0.0,10376.42492064674,0.0
DLPFC_pairs,151673_151674,2,10um,2,2D,0.8,1930.0005116314976,6.148249452954048
DLPFC_pairs,151673_151674,2,10um,2,2D_k9,0.9,1432.1164504670903,9.427789934354486
DLPFC_pairs,151673_151674,2,10um,2,2D_k10,0.9,1348.1765706975218,10.400164113785555
DLPFC_pairs,151673_151674,2,10um,2,2D_k12,0.9,1227.8672826314032,12.323851203501096
DLPFC_pairs,151673_151674,2,10um,2,2D_k15,0.9,1102.334770660127,15.839168490153172
DLPFC_pairs,151673_151674,2,10um,2,2D_k16,0.9,1079.69850656593,16.788840262582056
DLPFC_pairs,151673_151674,2,10um,2,2D_k18,0.9,1045.845735398968,18.588347921225385
DLPFC_pairs,151673_151674,2,10um,2,2D_k21,0.9,999.6735542778816,22.10968271334792
DLPFC_pairs,151673_151674,2,10um,2,2D_k22,0.9,988.809257632638,23.16356673960613
DLPFC_pairs,151673_151674,2,10um,2,2D_k24,0.9,972.8309812403326,25.27571115973742
DLPFC_pairs,151673_151674,2,10um,2,3D_iso_z0.25,0.8,1848.1768957409747,6.6570021881838075
DLPFC_pairs,151673_151674,2,10um,2,3D_iso_z0.5,0.8,1839.726205528243,6.6679431072210065
DLPFC_pairs,151673_151674,2,10um,2,3D_iso_z1,0.8,1824.601826937402,6.714442013129103
DLPFC_pairs,151673_151674,2,10um,2,3D_iso_z2,0.8,1840.6538813389825,6.555525164113786
DLPFC_pairs,151673_151674,2,10um,2,3D_iso_z4,0.8,1840.3946213452853,6.555525164113786
DLPFC_pairs,151673_151674,2,10um,2,3D_iso_z8,0.8,1840.3946213452853,6.555525164113786
DLPFC_pairs,151673_151674,2,10um,2,3D_cross_section,0.9,1413.7419053060744,9.657549234135669
DLPFC_pairs,151673_151674,2,10um,2,3D_cross_k12,0.9,1100.1288960987315,15.833150984682714
DLPFC_pairs,151673_151674,2,10um,2,3D_cross_k18,0.9,997.8187264083172,22.097647702407
DLPFC_pairs,151675_151676,2,10um,0,none,0.0,8879.38538716132,0.0
DLPFC_pairs,151675_151676,2,10um,0,2D,0.8,2062.3458311738323,6.151162790697675
DLPFC_pairs,151675_151676,2,10um,0,2D_k9,0.9,1516.1053190339535,9.459444129325014
DLPFC_pairs,151675_151676,2,10um,0,2D_k10,0.9,1418.6274633297812,10.435337492909811
DLPFC_pairs,151675_151676,2,10um,0,2D_k12,0.9,1271.2793292456774,12.35904707884288
DLPFC_pairs,151675_151676,2,10um,0,2D_k15,0.9,1106.5866833782986,15.875212705615429
DLPFC_pairs,151675_151676,2,10um,0,2D_k16,0.9,1075.4637604739205,16.810266591038005
DLPFC_pairs,151675_151676,2,10um,0,2D_k18,0.9,1025.6025583801588,18.63584798638684
DLPFC_pairs,151675_151676,2,10um,0,2D_k21,0.9,958.6846143407104,22.19143505388542
DLPFC_pairs,151675_151676,2,10um,0,2D_k22,0.9,943.6641947123076,23.21270561542825
DLPFC_pairs,151675_151676,2,10um,0,2D_k24,0.9,918.6415737048956,25.397334089619967
DLPFC_pairs,151675_151676,2,10um,0,3D_iso_z0.25,0.8,1989.2471535450295,6.536301758366421
DLPFC_pairs,151675_151676,2,10um,0,3D_iso_z0.5,0.8,1989.1226674148404,6.536301758366421
DLPFC_pairs,151675_151676,2,10um,0,3D_iso_z1,0.8,1988.0797724944953,6.540555870674986
DLPFC_pairs,151675_151676,2,10um,0,3D_iso_z2,0.8,1983.8175913027883,6.5567214974475325
DLPFC_pairs,151675_151676,2,10um,0,3D_iso_z4,0.8,1979.067303453596,6.569767441860465
DLPFC_pairs,151675_151676,2,10um,0,3D_iso_z8,0.8,1967.066556734183,6.594157685762904
DLPFC_pairs,151675_151676,2,10um,0,3D_cross_section,0.9,1540.9278504623924,9.37379466817924
DLPFC_pairs,151675_151676,2,10um,0,3D_cross_k12,0.9,1121.170267473446,15.581678956324447
DLPFC_pairs,151675_151676,2,10um,0,3D_cross_k18,0.9,965.3063943649342,21.858479863868407
DLPFC_pairs,151675_151676,2,10um,1,none,0.0,8734.233114025677,0.0
DLPFC_pairs,151675_151676,2,10um,1,2D,0.8,2063.872861035783,6.151162790697675
DLPFC_pairs,151675_151676,2,10um,1,2D_k9,0.9,1515.3412260256457,9.459444129325014
DLPFC_pairs,151675_151676,2,10um,1,2D_k10,0.9,1416.8549282287188,10.435337492909811
DLPFC_pairs,151675_151676,2,10um,1,2D_k12,0.9,1268.9367545763666,12.35904707884288
DLPFC_pairs,151675_151676,2,10um,1,2D_k15,0.9,1101.699246332909,15.875212705615429
DLPFC_pairs,151675_151676,2,10um,1,2D_k16,0.9,1070.6760123896677,16.810266591038005
DLPFC_pairs,151675_151676,2,10um,1,2D_k18,0.9,1021.5318834389724,18.63584798638684
DLPFC_pairs,151675_151676,2,10um,1,2D_k21,0.9,953.461721266387,22.19143505388542
DLPFC_pairs,151675_151676,2,10um,1,2D_k22,0.9,938.7660112123432,23.21270561542825
DLPFC_pairs,151675_151676,2,10um,1,2D_k24,0.9,912.4964592158168,25.397334089619967
DLPFC_pairs,151675_151676,2,10um,1,3D_iso_z0.25,0.8,1996.7134025650623,6.536301758366421
DLPFC_pairs,151675_151676,2,10um,1,3D_iso_z0.5,0.8,1996.8544515860708,6.536301758366421
DLPFC_pairs,151675_151676,2,10um,1,3D_iso_z1,0.8,1995.3892765330525,6.540555870674986
DLPFC_pairs,151675_151676,2,10um,1,3D_iso_z2,0.8,1990.826108390581,6.5567214974475325
DLPFC_pairs,151675_151676,2,10um,1,3D_iso_z4,0.8,1985.741803885331,6.569767441860465
DLPFC_pairs,151675_151676,2,10um,1,3D_iso_z8,0.8,1969.286908770715,6.594157685762904
DLPFC_pairs,151675_151676,2,10um,1,3D_cross_section,0.9,1543.476064210122,9.37379466817924
DLPFC_pairs,151675_151676,2,10um,1,3D_cross_k12,0.9,1117.7736349331192,15.581678956324447
DLPFC_pairs,151675_151676,2,10um,1,3D_cross_k18,0.9,961.4570174665384,21.858479863868407
DLPFC_pairs,151675_151676,2,10um,2,none,0.0,8849.665304703914,0.0
DLPFC_pairs,151675_151676,2,10um,2,2D,0.8,2068.3926655569435,6.151162790697675
DLPFC_pairs,151675_151676,2,10um,2,2D_k9,0.9,1511.1051563590745,9.459444129325014
DLPFC_pairs,151675_151676,2,10um,2,2D_k10,0.9,1411.5471881317662,10.435337492909811
DLPFC_pairs,151675_151676,2,10um,2,2D_k12,0.9,1265.299101194884,12.35904707884288
DLPFC_pairs,151675_151676,2,10um,2,2D_k15,0.9,1098.2577803262543,15.875212705615429
DLPFC_pairs,151675_151676,2,10um,2,2D_k16,0.9,1067.5831395702091,16.810266591038005
DLPFC_pairs,151675_151676,2,10um,2,2D_k18,0.9,1018.18009777037,18.63584798638684
DLPFC_pairs,151675_151676,2,10um,2,2D_k21,0.9,950.8066727568126,22.19143505388542
DLPFC_pairs,151675_151676,2,10um,2,2D_k22,0.9,936.1533002565884,23.21270561542825
DLPFC_pairs,151675_151676,2,10um,2,2D_k24,0.9,911.3480447645323,25.397334089619967
DLPFC_pairs,151675_151676,2,10um,2,3D_iso_z0.25,0.8,1995.6790255291917,6.536301758366421
DLPFC_pairs,151675_151676,2,10um,2,3D_iso_z0.5,0.8,1995.8286043370847,6.536301758366421
DLPFC_pairs,151675_151676,2,10um,2,3D_iso_z1,0.8,1994.35763906642,6.540555870674986
DLPFC_pairs,151675_151676,2,10um,2,3D_iso_z2,0.8,1990.297117242303,6.5567214974475325
DLPFC_pairs,151675_151676,2,10um,2,3D_iso_z4,0.8,1987.1776713891588,6.569767441860465
DLPFC_pairs,151675_151676,2,10um,2,3D_iso_z8,0.8,1971.981760868116,6.594157685762904
DLPFC_pairs,151675_151676,2,10um,2,3D_cross_section,0.9,1539.057735905929,9.37379466817924
DLPFC_pairs,151675_151676,2,10um,2,3D_cross_k12,0.9,1113.708167276156,15.581678956324447
DLPFC_pairs,151675_151676,2,10um,2,3D_cross_k18,0.9,957.9653224721052,21.858479863868407
