dataset,block,z_mode,seed,graph,mean_degree,deviance_3d,deviance_2d_at_same_degree,within_2d_degree_range,pct_vs_degree_matched_2D
DLPFC_pairs,151507_151508,10um,0,3D_cross_section,9.568408826945412,1549.680882921809,1548.8858169390421,True,0.05133147802580673
DLPFC_pairs,151507_151508,10um,0,3D_cross_k12,15.706387921022069,1105.8239681974956,1108.0943846079692,True,-0.20489377457471036
DLPFC_pairs,151507_151508,10um,0,3D_cross_k18,21.915911730545876,918.9345656091178,920.8377705455769,True,-0.20668189309083207
DLPFC_pairs,151507_151508,10um,1,3D_cross_section,9.568408826945412,1539.760911992572,1537.268016412462,True,0.16216401782218615
DLPFC_pairs,151507_151508,10um,1,3D_cross_k12,15.706387921022069,1107.540546811597,1111.5185472945504,True,-0.35788880830066594
DLPFC_pairs,151507_151508,10um,1,3D_cross_k18,21.915911730545876,923.4146395524624,924.9168684702474,True,-0.1624177230402979
DLPFC_pairs,151507_151508,10um,2,3D_cross_section,9.568408826945412,1540.7038731319524,1536.1629023674484,True,0.295604766753943
DLPFC_pairs,151507_151508,10um,2,3D_cross_k12,15.706387921022069,1104.5061286155587,1106.0245649867231,True,-0.1372877618846191
DLPFC_pairs,151507_151508,10um,2,3D_cross_k18,21.915911730545876,919.0771695132396,920.2306682772396,True,-0.12534887216478774
DLPFC_pairs,151509_151510,10um,0,3D_cross_section,9.2127772471612,1569.7113380461783,1580.7148958004832,True,-0.6961127388334432
DLPFC_pairs,151509_151510,10um,0,3D_cross_k12,15.342672185079062,1119.818507229152,1126.1103973368613,True,-0.5587276454057322
DLPFC_pairs,151509_151510,10um,0,3D_cross_k18,21.53645335880293,936.2016903604282,939.1072118324576,True,-0.30939188150412855
DLPFC_pairs,151509_151510,10um,1,3D_cross_section,9.2127772471612,1568.6004711343248,1581.731419503066,True,-0.8301629598321147
DLPFC_pairs,151509_151510,10um,1,3D_cross_k12,15.342672185079062,1122.786475158043,1129.2890605256994,True,-0.5758123048344554
DLPFC_pairs,151509_151510,10um,1,3D_cross_k18,21.53645335880293,939.939270868494,942.8064607832949,True,-0.3041122472176139
DLPFC_pairs,151509_151510,10um,2,3D_cross_section,9.2127772471612,1577.6982140075274,1591.3275488493064,True,-0.8564757677722801
DLPFC_pairs,151509_151510,10um,2,3D_cross_k12,15.342672185079062,1123.8089083924804,1129.3863173257978,True,-0.4938442097053075
DLPFC_pairs,151509_151510,10um,2,3D_cross_k18,21.53645335880293,936.3854841759972,938.5569140502688,True,-0.2313583589620527
DLPFC_pairs,151669_151670,10um,0,3D_cross_section,9.698281882944546,1502.7840077387095,1497.526199434974,True,0.3510995871537581
DLPFC_pairs,151669_151670,10um,0,3D_cross_k12,15.893839921776785,1102.8795706031262,1103.3741554115195,True,-0.04482475921404605
DLPFC_pairs,151669_151670,10um,0,3D_cross_k18,22.13549378404805,951.6917913183156,951.7113323328115,True,-0.0020532501644132672
DLPFC_pairs,151669_151670,10um,1,3D_cross_section,9.698281882944546,1503.0566318426845,1499.025490663434,True,0.2689174536629313
DLPFC_pairs,151669_151670,10um,1,3D_cross_k12,15.893839921776785,1101.7824534974943,1101.0268941585755,True,0.06862315016349374
DLPFC_pairs,151669_151670,10um,1,3D_cross_k18,22.13549378404805,949.6958131860176,949.2756850194671,True,0.04425776127847669
DLPFC_pairs,151669_151670,10um,2,3D_cross_section,9.698281882944546,1505.547467244451,1499.4289008298217,True,0.40805978938001086
DLPFC_pairs,151669_151670,10um,2,3D_cross_k12,15.893839921776785,1106.3847544963407,1104.8104174054808,True,0.14249839303261957
DLPFC_pairs,151669_151670,10um,2,3D_cross_k18,22.13549378404805,952.9939658816116,953.1811692727897,True,-0.019639854123520983
DLPFC_pairs,151671_151672,10um,0,3D_cross_section,9.587692307692308,1491.6251173158598,1487.790737539484,True,0.2577230573916012
DLPFC_pairs,151671_151672,10um,0,3D_cross_k12,15.756553846153846,1096.698898814081,1096.1330241648632,True,0.05162463284500429
DLPFC_pairs,151671_151672,10um,0,3D_cross_k18,21.982030769230768,954.230046898864,953.1507785006118,True,0.11323165469685481
DLPFC_pairs,151671_151672,10um,1,3D_cross_section,9.587692307692308,1485.2563138090293,1482.8695785635894,True,0.16095382088503474
DLPFC_pairs,151671_151672,10um,1,3D_cross_k12,15.756553846153846,1098.3058586118698,1098.8474199256889,True,-0.0492844869996345
DLPFC_pairs,151671_151672,10um,1,3D_cross_k18,21.982030769230768,956.8275721778704,956.7928141445499,True,0.0036327648793577083
DLPFC_pairs,151671_151672,10um,2,3D_cross_section,9.587692307692308,1487.707243814696,1482.959041983495,True,0.3201842867386562
DLPFC_pairs,151671_151672,10um,2,3D_cross_k12,15.756553846153846,1097.86121524749,1096.4740122787161,True,0.12651489713750852
DLPFC_pairs,151671_151672,10um,2,3D_cross_k18,21.982030769230768,956.6908159925993,954.6605772765348,True,0.21266602647993516
DLPFC_pairs,151673_151674,10um,0,3D_cross_section,9.657549234135669,1416.634256849981,1416.9138956563108,True,-0.019735765679695927
DLPFC_pairs,151673_151674,10um,0,3D_cross_k12,15.833150984682714,1104.8994319542994,1108.0668250329365,True,-0.28584856139366455
DLPFC_pairs,151673_151674,10um,0,3D_cross_k18,22.097647702407,1001.0088058960572,1003.1476509130828,True,-0.2132133804110259
DLPFC_pairs,151673_151674,10um,1,3D_cross_section,9.657549234135669,1420.1323964347555,1424.0564322573691,True,-0.27555339337173024
DLPFC_pairs,151673_151674,10um,1,3D_cross_k12,15.833150984682714,1100.9111532004172,1105.3059209954054,True,-0.3976064645551114
DLPFC_pairs,151673_151674,10um,1,3D_cross_k18,22.097647702407,994.82207079505,997.1161600207477,True,-0.23007241459710448
DLPFC_pairs,151673_151674,10um,2,3D_cross_section,9.657549234135669,1413.7419053060744,1412.2825548253356,True,0.10333275559855082
DLPFC_pairs,151673_151674,10um,2,3D_cross_k12,15.833150984682714,1100.1288960987315,1102.549656690579,True,-0.21956023269860125
DLPFC_pairs,151673_151674,10um,2,3D_cross_k18,22.097647702407,997.8187264083172,999.8313588428442,True,-0.20129719044383876
DLPFC_pairs,151675_151676,10um,0,3D_cross_section,9.37379466817924,1540.9278504623924,1530.247165126216,True,0.6979712545519101
DLPFC_pairs,151675_151676,10um,0,3D_cross_k12,15.581678956324447,1121.170267473446,1120.3354241810682,True,0.07451726280887083
DLPFC_pairs,151675_151676,10um,0,3D_cross_k18,21.858479863868407,965.3063943649342,964.9509991458721,True,0.03683039028683499
DLPFC_pairs,151675_151676,10um,1,3D_cross_section,9.37379466817924,1543.476064210122,1529.5423879436107,True,0.9109702598856684
DLPFC_pairs,151675_151676,10um,1,3D_cross_k12,15.581678956324447,1117.7736349331192,1115.6604353175824,True,0.18941243667347507
DLPFC_pairs,151675_151676,10um,1,3D_cross_k18,21.858479863868407,961.4570174665384,959.8360030236347,True,0.16888452170966683
DLPFC_pairs,151675_151676,10um,2,3D_cross_section,9.37379466817924,1539.057735905929,1525.5330027180762,True,0.8865578891938286
DLPFC_pairs,151675_151676,10um,2,3D_cross_k12,15.581678956324447,1113.708167276156,1112.2025913521481,True,0.13536885597231763
DLPFC_pairs,151675_151676,10um,2,3D_cross_k18,21.858479863868407,957.9653224721052,957.1157100835986,True,0.08876799111701139
GSE214349,IVH_1d_1,label_um,0,3D_cross_section,11.4179984072206,1300.2507462853462,1290.4418732770923,True,0.7601173839271169
GSE214349,IVH_1d_1,label_um,0,3D_cross_k12,17.59723918237324,1201.2494878820696,1195.9981734215464,True,0.4390737859991889
GSE214349,IVH_1d_1,label_um,0,3D_cross_k18,23.835518980621185,1163.7082072749893,1175.1196868183354,True,-0.9710908319681799
GSE214349,IVH_1d_1,label_um,1,3D_cross_section,11.4179984072206,1267.054314727817,1255.0887171795846,True,0.9533666731640578
GSE214349,IVH_1d_1,label_um,1,3D_cross_k12,17.59723918237324,1155.4086880824027,1157.6416049199856,True,-0.19288498513642116
GSE214349,IVH_1d_1,label_um,1,3D_cross_k18,23.835518980621185,1115.2738762123167,1119.9164435600371,True,-0.41454586852590625
GSE214349,IVH_1d_1,label_um,2,3D_cross_section,11.4179984072206,1286.8196202764714,1277.441724635347,True,0.7341153385138854
GSE214349,IVH_1d_1,label_um,2,3D_cross_k12,17.59723918237324,1175.4487834066545,1179.0277560535758,True,-0.3035528746923477
GSE214349,IVH_1d_1,label_um,2,3D_cross_k18,23.835518980621185,1135.340957618933,1140.9577408465032,True,-0.49228670146913567
GSE214349,IVH_1d_1,order_x20um,0,3D_cross_section,11.4179984072206,1300.3613702687005,1290.4418732770923,True,0.7686899500879862
GSE214349,IVH_1d_1,order_x20um,0,3D_cross_k12,17.59723918237324,1201.2736079476565,1195.9981734215464,True,0.4410905169710988
GSE214349,IVH_1d_1,order_x20um,0,3D_cross_k18,23.835518980621185,1163.6723496108125,1175.1196868183354,True,-0.9741422372487651
GSE214349,IVH_1d_1,order_x20um,1,3D_cross_section,11.4179984072206,1267.06977821167,1255.0887171795846,True,0.9545987361761155
GSE214349,IVH_1d_1,order_x20um,1,3D_cross_k12,17.59723918237324,1155.396658441676,1157.6416049199856,True,-0.19392413582655088
GSE214349,IVH_1d_1,order_x20um,1,3D_cross_k18,23.835518980621185,1115.2462963755509,1119.9164435600371,True,-0.4170085376763111
GSE214349,IVH_1d_1,order_x20um,2,3D_cross_section,11.4179984072206,1286.8635542313189,1277.441724635347,True,0.7375545525304616
GSE214349,IVH_1d_1,order_x20um,2,3D_cross_k12,17.59723918237324,1175.4413087112837,1179.0277560535758,True,-0.3041868458039221
GSE214349,IVH_1d_1,order_x20um,2,3D_cross_k18,23.835518980621185,1135.3100754659813,1140.9577408465032,True,-0.4949933883030333
GSE214349,IVH_3d_3,label_um,0,3D_cross_section,11.376206609985298,1315.6806386904718,1287.1609979326315,True,2.2157011285804273
GSE214349,IVH_3d_3,label_um,0,3D_cross_k12,17.562871571949113,1213.1714601726096,1211.013626054214,True,0.17818413203378736
GSE214349,IVH_3d_3,label_um,0,3D_cross_k18,23.83315220865563,1181.4689328457314,1184.5739397552688,True,-0.2621201433976261
GSE214349,IVH_3d_3,label_um,1,3D_cross_section,11.376206609985298,1290.253318229562,1269.0177515785172,True,1.673386099180263
GSE214349,IVH_3d_3,label_um,1,3D_cross_k12,17.562871571949113,1193.041194939089,1187.3075788767617,True,0.48290907632810853
GSE214349,IVH_3d_3,label_um,1,3D_cross_k18,23.83315220865563,1159.5002041510395,1164.736470568852,True,-0.4495666230194595
GSE214349,IVH_3d_3,label_um,2,3D_cross_section,11.376206609985298,1297.7918545583057,1279.1329862213236,True,1.4587121540897918
GSE214349,IVH_3d_3,label_um,2,3D_cross_k12,17.562871571949113,1198.162105182728,1200.7972598628103,True,-0.21945042416097182
GSE214349,IVH_3d_3,label_um,2,3D_cross_k18,23.83315220865563,1165.4069096561975,1171.7948313796885,True,-0.5451399470647766
GSE214349,IVH_3d_3,order_x20um,0,3D_cross_section,11.376206609985298,1318.6162395888946,1287.1609979326315,True,2.4437690162135706
GSE214349,IVH_3d_3,order_x20um,0,3D_cross_k12,17.562871571949113,1216.4321677825435,1211.013626054214,True,0.4474385433617778
GSE214349,IVH_3d_3,order_x20um,0,3D_cross_k18,23.83315220865563,1183.5812402217432,1184.5739397552688,True,-0.0838022431702945
GSE214349,IVH_3d_3,order_x20um,1,3D_cross_section,11.376206609985298,1293.283053973553,1269.0177515785172,True,1.9121326210647993
GSE214349,IVH_3d_3,order_x20um,1,3D_cross_k12,17.562871571949113,1194.5731983353091,1187.3075788767617,True,0.6119407967917656
GSE214349,IVH_3d_3,order_x20um,1,3D_cross_k18,23.83315220865563,1160.426701167063,1164.736470568852,True,-0.3700209884974326
GSE214349,IVH_3d_3,order_x20um,2,3D_cross_section,11.376206609985298,1301.0804392801426,1279.1329862213236,True,1.715806979824186
GSE214349,IVH_3d_3,order_x20um,2,3D_cross_k12,17.562871571949113,1200.2930832554828,1200.7972598628103,True,-0.04198682193737868
GSE214349,IVH_3d_3,order_x20um,2,3D_cross_k18,23.83315220865563,1166.7157734198074,1171.7948313796885,True,-0.4334425979589773
GSE214349,IVH_7d_2,label_um,0,3D_cross_section,10.355358494646913,1337.9059324494528,1313.9110726313452,True,1.8262164249863266
GSE214349,IVH_7d_2,label_um,0,3D_cross_k12,16.5430950578566,1190.6108100780052,1187.4656112615273,True,0.2648665179563858
GSE214349,IVH_7d_2,label_um,0,3D_cross_k18,22.779063480047583,1140.315857729751,1140.6783676878988,True,-0.031780208025022905
GSE214349,IVH_7d_2,label_um,1,3D_cross_section,10.355358494646913,1337.173558240465,1312.3551364118057,True,1.8911361063832732
GSE214349,IVH_7d_2,label_um,1,3D_cross_k12,16.5430950578566,1189.3999124343547,1185.0033977795488,True,0.37101283110614336
GSE214349,IVH_7d_2,label_um,1,3D_cross_k18,22.779063480047583,1138.6129045338896,1138.4430783948142,True,0.01491740274928155
GSE214349,IVH_7d_2,label_um,2,3D_cross_section,10.355358494646913,1324.9543241509873,1301.079610161873,True,1.834992555616477
GSE214349,IVH_7d_2,label_um,2,3D_cross_k12,16.5430950578566,1181.872122117912,1178.6738709297588,True,0.27134318211623487
GSE214349,IVH_7d_2,label_um,2,3D_cross_k18,22.779063480047583,1132.896935252788,1133.4625695409707,True,-0.04990321721975999
GSE214349,IVH_7d_2,order_x20um,0,3D_cross_section,10.355358494646913,1338.4988875600825,1313.9110726313452,True,1.871345438888472
GSE214349,IVH_7d_2,order_x20um,0,3D_cross_k12,16.5430950578566,1190.8928126838327,1187.4656112615273,True,0.2886147935403649
GSE214349,IVH_7d_2,order_x20um,0,3D_cross_k18,22.779063480047583,1140.4774011330046,1140.6783676878988,True,-0.01761816131409244
GSE214349,IVH_7d_2,order_x20um,1,3D_cross_section,10.355358494646913,1337.7425643963231,1312.3551364118057,True,1.9344937418335428
GSE214349,IVH_7d_2,order_x20um,1,3D_cross_k12,16.5430950578566,1189.6725142665905,1185.0033977795488,True,0.39401713917366354
GSE214349,IVH_7d_2,order_x20um,1,3D_cross_k18,22.779063480047583,1138.7717491386632,1138.4430783948142,True,0.0288701956282722
GSE214349,IVH_7d_2,order_x20um,2,3D_cross_section,10.355358494646913,1325.4459153023531,1301.079610161873,True,1.872775881673272
GSE214349,IVH_7d_2,order_x20um,2,3D_cross_k12,16.5430950578566,1182.1071351110888,1178.6738709297588,True,0.2912819454139459
GSE214349,IVH_7d_2,order_x20um,2,3D_cross_k18,22.779063480047583,1133.0308743410126,1133.4625695409707,True,-0.038086409869975135
GSE214349,IVH_C1,label_um,0,3D_cross_section,9.365059486537255,1378.2731356405563,1371.5810400624127,True,0.4879110590387814
GSE214349,IVH_C1,label_um,0,3D_cross_k12,15.546649968691296,1239.1623630050562,1243.0866096971035,True,-0.31568570214134395
GSE214349,IVH_C1,label_um,0,3D_cross_k18,21.779273638071384,1197.3893229751914,1202.1458190430424,True,-0.39566714723821006
GSE214349,IVH_C1,label_um,1,3D_cross_section,9.365059486537255,1379.287932963604,1370.1885541578865,True,0.664096833833927
GSE214349,IVH_C1,label_um,1,3D_cross_k12,15.546649968691296,1241.5313118498536,1244.1372015858087,True,-0.2094535661045671
GSE214349,IVH_C1,label_um,1,3D_cross_k18,21.779273638071384,1200.7799768614057,1205.796787318144,True,-0.4160577063649695
GSE214349,IVH_C1,label_um,2,3D_cross_section,9.365059486537255,1373.854566231891,1360.4194480785911,True,0.9875717501889092
GSE214349,IVH_C1,label_um,2,3D_cross_k12,15.546649968691296,1233.35803392121,1233.1524226877882,True,0.01667362684767415
GSE214349,IVH_C1,label_um,2,3D_cross_k18,21.779273638071384,1190.382727228955,1192.416160965229,True,-0.17053054150389935
GSE214349,IVH_C1,order_x20um,0,3D_cross_section,9.365059486537255,1381.1367518597824,1371.5810400624127,True,0.6966931969936585
GSE214349,IVH_C1,order_x20um,0,3D_cross_k12,15.546649968691296,1240.6866852667158,1243.0866096971035,True,-0.1930617232674181
GSE214349,IVH_C1,order_x20um,0,3D_cross_k18,21.779273638071384,1198.1562046574545,1202.1458190430424,True,-0.3318744134354512
GSE214349,IVH_C1,order_x20um,1,3D_cross_section,9.365059486537255,1383.555092920504,1370.1885541578865,True,0.9755255013666586
GSE214349,IVH_C1,order_x20um,1,3D_cross_k12,15.546649968691296,1243.2629376224395,1244.1372015858087,True,-0.07027070344450825
GSE214349,IVH_C1,order_x20um,1,3D_cross_k18,21.779273638071384,1201.663396135729,1205.796787318144,True,-0.3427933484221768
GSE214349,IVH_C1,order_x20um,2,3D_cross_section,9.365059486537255,1378.6913602652105,1360.4194480785911,True,1.3431087163908062
GSE214349,IVH_C1,order_x20um,2,3D_cross_k12,15.546649968691296,1235.5268506053271,1233.1524226877882,True,0.19254942648239126
GSE214349,IVH_C1,order_x20um,2,3D_cross_k18,21.779273638071384,1191.647796281754,1192.416160965229,True,-0.06443762745156345
GSE214349,IVH_S1,label_um,0,3D_cross_section,10.453645364536454,1357.0843150833891,1345.2936526431372,True,0.8764378258298011
GSE214349,IVH_S1,label_um,0,3D_cross_k12,16.65999099909991,1237.9490358038954,1241.1610535795862,True,-0.2587913765443428
GSE214349,IVH_S1,label_um,0,3D_cross_k18,22.918541854185417,1197.7590963353316,1203.6935574701758,True,-0.4930209269639052
GSE214349,IVH_S1,label_um,1,3D_cross_section,10.453645364536454,1343.075775783804,1330.429752239573,True,0.9505217034528446
GSE214349,IVH_S1,label_um,1,3D_cross_k12,16.65999099909991,1219.4592866544397,1221.528422053316,True,-0.16938905075972732
GSE214349,IVH_S1,label_um,1,3D_cross_k18,22.918541854185417,1177.1881984243057,1182.1830198136984,True,-0.422508300802682
GSE214349,IVH_S1,label_um,2,3D_cross_section,10.453645364536454,1347.6607189589724,1333.5166945359722,True,1.0606559693594253
GSE214349,IVH_S1,label_um,2,3D_cross_k12,16.65999099909991,1225.4399806471688,1227.644137476512,True,-0.17954362848781047
GSE214349,IVH_S1,label_um,2,3D_cross_k18,22.918541854185417,1184.54300052407,1191.1835838583054,True,-0.5574777409814602
GSE214349,IVH_S1,order_x20um,0,3D_cross_section,10.453645364536454,1357.5050459400063,1345.2936526431372,True,0.9077121023262968
GSE214349,IVH_S1,order_x20um,0,3D_cross_k12,16.65999099909991,1238.111259354506,1241.1610535795862,True,-0.24572107030625956
GSE214349,IVH_S1,order_x20um,0,3D_cross_k18,22.918541854185417,1197.8154824809617,1203.6935574701758,True,-0.48833649999491247
GSE214349,IVH_S1,order_x20um,1,3D_cross_section,10.453645364536454,1343.470471555121,1330.429752239573,True,0.9801884912447267
GSE214349,IVH_S1,order_x20um,1,3D_cross_k12,16.65999099909991,1219.6112715661077,1221.528422053316,True,-0.15694685875468073
GSE214349,IVH_S1,order_x20um,1,3D_cross_k18,22.918541854185417,1177.2413419352367,1182.1830198136984,True,-0.41801292994720907
GSE214349,IVH_S1,order_x20um,2,3D_cross_section,10.453645364536454,1348.1478531287853,1333.5166945359722,True,1.0971860084514562
GSE214349,IVH_S1,order_x20um,2,3D_cross_k12,16.65999099909991,1225.634835104976,1227.644137476512,True,-0.1636714020128216
GSE214349,IVH_S1,order_x20um,2,3D_cross_k18,22.918541854185417,1184.6133616217785,1191.1835838583054,True,-0.5515709186694417
