density,mean_degree,clustering,global_efficiency,modularity,n_modules,group
0.15114709851551958,5.743589743589744,0.2777495774575083,0.45020242914979797,0.3930115241109219,7,adult
0.15114709851551958,5.743589743589744,0.2941980392794103,0.430949167791273,0.5008362996463778,6,adult
0.15114709851551958,5.743589743589744,0.35500126592958337,0.45317139001349743,0.43631334606841327,6,adult
0.15114709851551958,5.743589743589744,0.31581271204408223,0.38677462887989217,0.4695464284843617,7,adult
0.15114709851551958,5.743589743589744,0.3109914191299755,0.3899460188933868,0.3071547861280534,9,adult
0.15114709851551958,5.743589743589744,0.2854191310698807,0.42554463080778976,0.4270599447132373,7,adult
0.15114709851551958,5.743589743589744,0.25497508818563597,0.4643274853801188,0.4446297947362443,6,adult
0.15114709851551958,5.743589743589744,0.23457815981128055,0.48857399910031846,0.4502441679810538,5,adult
0.15114709851551958,5.743589743589744,0.30559776879665107,0.44545659019343326,0.47883125402545035,7,adult
0.15114709851551958,5.743589743589744,0.35878062003753514,0.29847053531263995,0.2207081566638202,14,adult
0.15114709851551958,5.743589743589744,0.2900571971439423,0.3929149797570849,0.44455168385188326,8,adult
0.15114709851551958,5.743589743589744,0.27194887445221333,0.42948717948718,0.4334218561589579,6,adult
0.15114709851551958,5.743589743589744,0.32069422298522854,0.40492898913951536,0.5379801571724835,5,adult
0.15114709851551958,5.743589743589744,0.3355976269640775,0.38503256003256003,0.558945094305617,5,adult
0.15114709851551958,5.743589743589744,0.3777080445304591,0.3828063749116377,0.5429834601489325,6,adult
0.15114709851551958,5.743589743589744,0.24797769451342333,0.4647998200629796,0.4920971466546966,5,adult
0.15114709851551958,5.743589743589744,0.2807813217558134,0.4022492127755291,0.3368479161112982,9,adult
0.15114709851551958,5.743589743589744,0.26924058417874835,0.43000449842555144,0.47548956424459443,5,adult
0.15114709851551958,5.743589743589744,0.34516663551755067,0.37405051089261515,0.40961650962206086,9,adult
0.15114709851551958,5.743589743589744,0.2744932420503785,0.45508322087269576,0.5071385392044245,5,adult
0.15114709851551958,5.743589743589744,0.3133987217913622,0.43064713064713095,0.47230428491370635,6,adult
0.15114709851551958,5.743589743589744,0.3147776105311269,0.4043008161429203,0.306058394089792,8,adult
0.15114709851551958,5.743589743589744,0.37311630162729453,0.44278002699055385,0.4504040390242232,6,adult
0.15114709851551958,5.743589743589744,0.22298129972325262,0.46151596941070827,0.39519897683158783,6,adult
0.15114709851551958,5.743589743589744,0.37960927618417006,0.4247413405308151,0.4870929676686298,4,adult
0.15114709851551958,5.743589743589744,0.3422243462129753,0.39862798020692686,0.556430667411162,8,adult
0.15114709851551958,5.743589743589744,0.27292069864043983,0.4411830859199285,0.42183752258597235,7,adult
0.15114709851551958,5.743589743589744,0.29250701917986965,0.408052181736392,0.5179498870153674,8,adult
0.15114709851551958,5.743589743589744,0.31265762700905964,0.3921631000578362,0.5378648236733086,6,adult
0.15114709851551958,5.743589743589744,0.36676736425564205,0.4448942869995518,0.5066837817968176,7,adult
0.15114709851551958,5.743589743589744,0.33342842294119124,0.42672546751494106,0.5144722179938384,5,adult
0.15114709851551958,5.743589743589744,0.28174308321566816,0.4585534348692255,0.4637391522943535,5,adult
0.15114709851551958,5.743589743589744,0.37967245650756015,0.40787224471435046,0.5957575736232287,5,adult
0.15114709851551958,5.743589743589744,0.3090337727122527,0.4401709401709418,0.41686621448568484,7,child
0.15114709851551958,5.743589743589744,0.34109193870028676,0.43828160143949646,0.5290435839266067,6,child
0.15114709851551958,5.743589743589744,0.3163335125138399,0.42768780926675737,0.44613215396479217,6,child
0.15114709851551958,5.743589743589744,0.2387611516436022,0.3985605038236613,0.4878418515077809,7,child
0.15114709851551958,5.743589743589744,0.29236042061942485,0.4198830409356735,0.40414304259294065,6,child
0.15114709851551958,5.743589743589744,0.2728662682675766,0.4097165991902838,0.4297918646716766,8,child
0.15114709851551958,5.743589743589744,0.3115833912440011,0.449652978600348,0.4195636054525648,6,child
0.15114709851551958,5.743589743589744,0.3002579534303882,0.4526588908167875,0.4341272535441373,7,child
0.15114709851551958,5.743589743589744,0.35852164456196395,0.38855150697255986,0.3461679603445412,6,child
0.15114709851551958,5.743589743589744,0.3387805292166615,0.44559154295996617,0.3642557765577171,6,child
0.15114709851551958,5.743589743589744,0.2969942243876586,0.31253293490135536,0.2860391889213324,9,child
0.15114709851551958,5.743589743589744,0.23975630710202267,0.46464451727609785,0.4462896901672037,6,child
0.15114709851551958,5.743589743589744,0.316204944690378,0.46306792622582316,0.46708828503367694,4,child
0.15114709851551958,5.743589743589744,0.2665744258499734,0.47977957714800074,0.4014131953905398,5,child
0.15114709851551958,5.743589743589744,0.3501108397183972,0.39465811965812,0.42591464186910877,7,child
0.15114709851551958,5.743589743589744,0.26740467399255863,0.4027890238416561,0.3412599534465768,7,child
0.15114709851551958,5.743589743589744,0.2957005129442255,0.460571300044986,0.4876042954474979,4,child
0.15114709851551958,5.743589743589744,0.3063592424882546,0.4977507872244747,0.3856854710193533,4,child
0.15114709851551958,5.743589743589744,0.30523363616687105,0.4375506072874502,0.41808860520030144,6,child
0.15114709851551958,5.743589743589744,0.2241859979308358,0.44525416104363574,0.4444438755825988,6,child
0.15114709851551958,5.743589743589744,0.3109267177227297,0.4569275753486291,0.5557549776806253,6,child
0.15114709851551958,5.743589743589744,0.2592346722406012,0.42941970310391425,0.38708585994824335,7,child
0.15114709851551958,5.743589743589744,0.35064235034232716,0.3283400809716589,0.2107973467263344,14,child
0.15114709851551958,5.743589743589744,0.3301450402499703,0.39460188933873164,0.3239119941361322,7,child
0.15114709851551958,5.743589743589744,0.3932791658282336,0.42768780926675715,0.4145283269986283,5,child
0.15114709851551958,5.743589743589744,0.3313760690691893,0.47076023391813154,0.46191500722393697,6,child
0.15114709851551958,5.743589743589744,0.2682090435501907,0.43261358524516474,0.41233456566544124,5,child
0.15114709851551958,5.743589743589744,0.3168406597188006,0.4309716599190291,0.42619376739117015,5,child
0.15114709851551958,5.743589743589744,0.2698795691286148,0.4256988625409692,0.3278941476485742,8,child
0.15114709851551958,5.743589743589744,0.18385958833323338,0.47058029689608927,0.45384686423476184,7,child
0.15114709851551958,5.743589743589744,0.3101739859683693,0.4417453891138109,0.4650908762116558,7,child
0.15114709851551958,5.743589743589744,0.37700558627786407,0.43021335389756554,0.3986608855386317,7,child
0.15114709851551958,5.743589743589744,0.23672039690190777,0.4527890238416575,0.44254979271989675,6,child
0.15114709851551958,5.743589743589744,0.36444543404609003,0.3820320030846342,0.4750567792498396,7,child
0.15114709851551958,5.743589743589744,0.3197502106492496,0.4685110211426025,0.48805178190014653,5,child
0.15114709851551958,5.743589743589744,0.2776711792723889,0.4505623031938837,0.44582477252305175,6,child
0.15114709851551958,5.743589743589744,0.3391976467646414,0.4403283850652279,0.47963298319684405,5,child
0.15114709851551958,5.743589743589744,0.32420584889932375,0.3447818263607727,0.42702943519337677,10,child
0.15114709851551958,5.743589743589744,0.2568791153171667,0.47300944669365935,0.3751339729276779,5,child
0.15114709851551958,5.743589743589744,0.42502946301187894,0.3834008097165991,0.5069619983585942,6,child
0.15114709851551958,5.743589743589744,0.2702322971553441,0.45155195681511534,0.4895242589351313,5,child
0.15114709851551958,5.743589743589744,0.2104008072970089,0.48119658119658293,0.48376278416058716,5,child
0.15114709851551958,5.743589743589744,0.2704664748795248,0.40757984705353145,0.3971927024016851,9,child
0.15114709851551958,5.743589743589744,0.30809786919220694,0.29622132253711175,0.2404885688036969,12,child
0.15114709851551958,5.743589743589744,0.3397531433516238,0.4506972559604156,0.5119036264193749,6,child
0.15114709851551958,5.743589743589744,0.21744671586033698,0.4644078144078165,0.3858280621694491,7,child
0.15114709851551958,5.743589743589744,0.31292641086617695,0.3951417004048579,0.441570984093048,7,child
0.15114709851551958,5.743589743589744,0.2832548198192473,0.40128205128205147,0.3618807002254951,6,child
0.15114709851551958,5.743589743589744,0.1937904436235083,0.4485380116959063,0.4067687576887531,5,child
0.15114709851551958,5.743589743589744,0.30433398342013573,0.42364243943191365,0.3380889775815077,7,child
0.15114709851551958,5.743589743589744,0.27010321946588617,0.45047233468286385,0.36062934622092874,7,child
0.15114709851551958,5.743589743589744,0.2666630437947756,0.45895186684660505,0.4264371066567517,4,child
0.15114709851551958,5.743589743589744,0.2899702547886046,0.3575123706702646,0.3602758402309409,8,child
0.15114709851551958,5.743589743589744,0.24625148845664582,0.46160593792172877,0.3877271160963114,5,child
0.15114709851551958,5.743589743589744,0.27442763622084027,0.41410256410256513,0.3573335243447976,6,child
0.15114709851551958,5.743589743589744,0.30878059126708846,0.26315789473684176,0.16637506108570865,17,child
0.15114709851551958,5.743589743589744,0.24127542867751445,0.47273954116059613,0.3126372320343153,6,child
0.15114709851551958,5.743589743589744,0.27947467093957623,0.3996818970503182,0.5192228948027657,6,child
0.15114709851551958,5.743589743589744,0.3289626240653639,0.3891812865497077,0.49449652280846773,7,child
0.15114709851551958,5.743589743589744,0.26425411235961543,0.3807692307692309,0.3785208694422329,9,child
0.15114709851551958,5.743589743589744,0.2249576463701409,0.428924876293298,0.3296048892059358,7,child
0.15114709851551958,5.743589743589744,0.3227512326463198,0.4160818713450292,0.32938759724743183,7,child
0.15114709851551958,5.743589743589744,0.22270588973258185,0.4683375104427752,0.3859210642518505,5,child
0.15114709851551958,5.743589743589744,0.30579131517341573,0.21266306792622583,0.029900128424082992,21,child
0.15114709851551958,5.743589743589744,0.1994532847574484,0.4585437953859028,0.3986172847787164,5,child
0.15114709851551958,5.743589743589744,0.2808804630929696,0.4584570400359892,0.417802288966291,5,child
0.15114709851551958,5.743589743589744,0.2521315783232266,0.4294646873594256,0.35706620534915573,7,child
0.15114709851551958,5.743589743589744,0.2840692332922847,0.2731668915879441,0.16318797362393123,13,child
0.15114709851551958,5.743589743589744,0.2817578572011896,0.4147098515519565,0.4624983159930426,8,child
0.15114709851551958,5.743589743589744,0.20497964970068808,0.467836257309944,0.41959188590322183,6,child
0.15114709851551958,5.743589743589744,0.3576907690335125,0.2576473234367966,0.16495601685026665,17,child
0.15114709851551958,5.743589743589744,0.26050572041364517,0.43614484930274533,0.39359427027379423,5,child
0.15114709851551958,5.743589743589744,0.32567614897789626,0.3507197480881679,0.20863573710861433,11,child
0.15114709851551958,5.743589743589744,0.24874351322249752,0.4374750980014147,0.4412062178125951,7,child
0.15114709851551958,5.743589743589744,0.3684736069716301,0.3755574834522202,0.3331194636245181,9,child
0.15114709851551958,5.743589743589744,0.34138289610402417,0.28609986504723306,0.16914779702850552,15,child
0.15114709851551958,5.743589743589744,0.2219529805082327,0.4201304543409819,0.42181389841919487,8,child
0.15114709851551958,5.743589743589744,0.23383534903792963,0.46334104491999434,0.4407441791501711,5,child
0.15114709851551958,5.743589743589744,0.28345265753427223,0.45353126405758193,0.43035297435796327,5,child
0.15114709851551958,5.743589743589744,0.2607682547706105,0.3768780926675651,0.28957206276044717,9,child
0.15114709851551958,5.743589743589744,0.20216310669070844,0.4666441745389143,0.4359453038781858,7,child
0.15114709851551958,5.743589743589744,0.2713756714453881,0.4409356725146209,0.3393820188543353,7,child
0.15114709851551958,5.743589743589744,0.23387767032348697,0.42161493477282946,0.43761989373796406,6,child
0.15114709851551958,5.743589743589744,0.22778446011279654,0.45425101214575025,0.4094614035568197,5,child
0.15114709851551958,5.743589743589744,0.3467137742800803,0.3345479082321178,0.21627012680580612,10,child
0.15114709851551958,5.743589743589744,0.28862402793500624,0.42260780155517075,0.3311438494042772,7,child
0.15114709851551958,5.743589743589744,0.2688938990501087,0.4202300623353261,0.4436703380733555,5,child
0.15114709851551958,5.743589743589744,0.2644938659122282,0.33432298695456447,0.33616256620157864,9,child
0.15114709851551958,5.743589743589744,0.2678236724795426,0.38714574898785364,0.2923097193954661,8,child
0.15114709851551958,5.743589743589744,0.26554154942715424,0.4046751494119921,0.3606012997288224,7,child
0.15114709851551958,5.743589743589744,0.29575545352653365,0.2805443094916774,0.32063024919096905,7,child
0.15114709851551958,5.743589743589744,0.29644286480707155,0.424134053081422,0.4344137808426763,6,child
0.15114709851551958,5.743589743589744,0.24395276302261998,0.4618308591992819,0.3731274302258406,6,child
0.15114709851551958,5.743589743589744,0.3239846096484374,0.43923912344965116,0.4756142098225383,5,child
0.15114709851551958,5.743589743589744,0.261701796671562,0.46129104813315525,0.46607418031827097,6,child
0.15114709851551958,5.743589743589744,0.29903100998720883,0.3891716470663835,0.42582493396482796,6,child
0.15114709851551958,5.743589743589744,0.2987556007452321,0.45332240858556727,0.5194325686259417,4,child
0.15114709851551958,5.743589743589744,0.2556821477097821,0.456072874493929,0.5083288944123036,6,child
0.15114709851551958,5.743589743589744,0.2931081604702013,0.45552342394447803,0.49099124263417515,5,child
0.15114709851551958,5.743589743589744,0.380136475737499,0.3923591028854181,0.3721042470377011,7,child
0.15114709851551958,5.743589743589744,0.22476118812024223,0.45602789023841844,0.3401231282295135,6,child
0.15114709851551958,5.743589743589744,0.28026887657709526,0.4473909131803882,0.3929108115338779,5,child
0.15114709851551958,5.743589743589744,0.30459203862834633,0.36495726495726494,0.3581408113251904,8,child
0.15114709851551958,5.743589743589744,0.2972225295446142,0.42183985605038354,0.3937219313236455,7,child
0.15114709851551958,5.743589743589744,0.26511383282207135,0.42550607287449455,0.40769460460679385,5,child
0.15114709851551958,5.743589743589744,0.3419374176262894,0.4081196581196585,0.3296822331088882,8,child
0.15114709851551958,5.743589743589744,0.32513708003741737,0.46385515069725686,0.4265217372093301,4,child
0.15114709851551958,5.743589743589744,0.22386817808625886,0.4567476383265884,0.3996029536635244,5,child
0.15114709851551958,5.743589743589744,0.2757519855698723,0.3410931174089057,0.35666604367881405,8,child
0.15114709851551958,5.743589743589744,0.29596214933113213,0.4073099415204673,0.3376353407023173,8,child
0.15114709851551958,5.743589743589744,0.2811299959015119,0.42406657669815606,0.40179107657118235,8,child
0.15114709851551958,5.743589743589744,0.2853119521140952,0.35687134502923884,0.24115655509081427,11,child
0.15114709851551958,5.743589743589744,0.2925521133649214,0.3821433926697078,0.3576883561089754,8,child
0.15114709851551958,5.743589743589744,0.22369433219157095,0.48972109761583804,0.3787459466164423,5,child
0.15114709851551958,5.743589743589744,0.2897665215133817,0.4374943769680622,0.4364614317941283,6,child
0.15114709851551958,5.743589743589744,0.28417549533420494,0.39842876421823803,0.4537142746152196,6,child
0.15114709851551958,5.743589743589744,0.2756300589849059,0.434412955465588,0.37165590424428635,5,child
0.15114709851551958,5.743589743589744,0.22114953785942412,0.4750112460638787,0.4206892987016252,7,child
0.15114709851551958,5.743589743589744,0.2640195684981977,0.3439956729430399,0.20014829368829565,10,child
0.15114709851551958,5.743589743589744,0.20567101948470104,0.4249662618083675,0.3603866423392927,7,child
0.15114709851551958,5.743589743589744,0.3209383655964408,0.4771929824561438,0.45367831126633873,4,child
0.15114709851551958,5.743589743589744,0.2401639644413963,0.4904858299595168,0.4541609885510026,4,child
